2026-06-23 23:11:41.054 | ERROR    | 16024:17552 | __main__:load_processed_codes:2587 - 加载已处理代码失败: Timeout connecting to server
2026-06-23 23:18:48.459 | ERROR    | 9380:17992 | __main__:load_processed_codes:2587 - 加载已处理代码失败: 'Govspider' object has no attribute 'conn'
2026-06-23 23:21:45.693 | ERROR    | 8852:6060 | __main__:load_processed_codes:2587 - 加载已处理代码失败: 'Govspider' object has no attribute 'conn'
2026-06-23 23:31:05.215 | INFO     | 6216:16816 | __main__:get_data_statistics:2744 - 获取统计信息失败: 192.168.6.167:27017: timed out (configured timeouts: socketTimeoutMS: 20000.0ms, connectTimeoutMS: 20000.0ms), Timeout: 30s, Topology Description: <TopologyDescription id: 6a3aa69b32b99bb7cb195e2f, topology_type: Unknown, servers: [<ServerDescription ('192.168.6.167', 27017) server_type: Unknown, rtt: None, error=NetworkTimeout('192.168.6.167:27017: timed out (configured timeouts: socketTimeoutMS: 20000.0ms, connectTimeoutMS: 20000.0ms)')>]>
2026-06-23 23:31:05.215 | INFO     | 6216:16816 | __main__:<module>:2860 - MongoDB连接成功!
2026-06-23 23:31:05.215 | INFO     | 6216:16816 | __main__:main:2847 - 主流程异常: 'Govspider' object has no attribute 'swich_user'
2026-06-23 23:31:05.215 | INFO     | 6216:16816 | __main__:close_mongo_connection:2752 - MongoDB连接已关闭
2026-06-23 23:34:10.989 | INFO     | 10140:13272 | __main__:next_login:2800 - 使用账号: 18050400868
2026-06-23 23:34:11.133 | INFO     | 10140:13272 | __main__:main_qe:676 - 加速乐第一次请求的状态码:<Response [521]>
2026-06-23 23:34:11.239 | WARNING  | 10140:13272 | __main__:main_qe:694 - 请求失败（尝试 1/10）: [Errno 2] No such file or directory: 'Node_control/jsl.html'
2026-06-23 23:34:11.274 | INFO     | 10140:13272 | __main__:main_qe:676 - 加速乐第一次请求的状态码:<Response [521]>
2026-06-23 23:34:11.395 | WARNING  | 10140:13272 | __main__:main_qe:694 - 请求失败（尝试 2/10）: [Errno 2] No such file or directory: 'Node_control/jsl.html'
2026-06-23 23:34:11.429 | INFO     | 10140:13272 | __main__:main_qe:676 - 加速乐第一次请求的状态码:<Response [521]>
2026-06-23 23:34:11.540 | WARNING  | 10140:13272 | __main__:main_qe:694 - 请求失败（尝试 3/10）: [Errno 2] No such file or directory: 'Node_control/jsl.html'
2026-06-23 23:34:11.576 | INFO     | 10140:13272 | __main__:main_qe:676 - 加速乐第一次请求的状态码:<Response [521]>
2026-06-23 23:34:11.689 | WARNING  | 10140:13272 | __main__:main_qe:694 - 请求失败（尝试 4/10）: [Errno 2] No such file or directory: 'Node_control/jsl.html'
2026-06-23 23:34:11.724 | INFO     | 10140:13272 | __main__:main_qe:676 - 加速乐第一次请求的状态码:<Response [521]>
2026-06-23 23:34:11.847 | WARNING  | 10140:13272 | __main__:main_qe:694 - 请求失败（尝试 5/10）: [Errno 2] No such file or directory: 'Node_control/jsl.html'
2026-06-23 23:34:11.881 | INFO     | 10140:13272 | __main__:main_qe:676 - 加速乐第一次请求的状态码:<Response [521]>
2026-06-23 23:34:11.987 | WARNING  | 10140:13272 | __main__:main_qe:694 - 请求失败（尝试 6/10）: [Errno 2] No such file or directory: 'Node_control/jsl.html'
2026-06-23 23:34:12.022 | INFO     | 10140:13272 | __main__:main_qe:676 - 加速乐第一次请求的状态码:<Response [521]>
2026-06-23 23:34:12.130 | WARNING  | 10140:13272 | __main__:main_qe:694 - 请求失败（尝试 7/10）: [Errno 2] No such file or directory: 'Node_control/jsl.html'
2026-06-23 23:34:12.165 | INFO     | 10140:13272 | __main__:main_qe:676 - 加速乐第一次请求的状态码:<Response [521]>
2026-06-23 23:34:12.274 | WARNING  | 10140:13272 | __main__:main_qe:694 - 请求失败（尝试 8/10）: [Errno 2] No such file or directory: 'Node_control/jsl.html'
2026-06-23 23:34:12.307 | INFO     | 10140:13272 | __main__:main_qe:676 - 加速乐第一次请求的状态码:<Response [521]>
2026-06-23 23:34:12.411 | WARNING  | 10140:13272 | __main__:main_qe:694 - 请求失败（尝试 9/10）: [Errno 2] No such file or directory: 'Node_control/jsl.html'
2026-06-23 23:34:12.445 | INFO     | 10140:13272 | __main__:main_qe:676 - 加速乐第一次请求的状态码:<Response [521]>
2026-06-23 23:34:12.550 | WARNING  | 10140:13272 | __main__:main_qe:694 - 请求失败（尝试 10/10）: [Errno 2] No such file or directory: 'Node_control/jsl.html'
2026-06-23 23:34:12.550 | INFO     | 10140:13272 | __main__:next_login:2818 -  main_qe pass盾异常:[Errno 2] No such file or directory: 'Node_control/jsl.html'
2026-06-23 23:34:12.551 | INFO     | 10140:13272 | __main__:main:2850 - 主流程异常: 访问首页异常！！
2026-06-23 23:34:12.551 | INFO     | 10140:13272 | __main__:close_mongo_connection:2752 - MongoDB连接已关闭
2026-06-23 23:34:32.361 | INFO     | 2824:12716 | __main__:next_login:2800 - 使用账号: 18050400868
2026-06-23 23:34:32.499 | INFO     | 2824:12716 | __main__:main_qe:676 - 加速乐第一次请求的状态码:<Response [521]>
2026-06-23 23:34:32.612 | INFO     | 2824:12716 | __main__:jsl:515 - 加速乐第二次请求的状态码:<Response [521]>
2026-06-23 23:34:32.690 | INFO     | 2824:12716 | __main__:resp_jsl:549 - 加速乐第三次请求得到瑞数返回的状态码:<Response [412]>
2026-06-23 23:34:33.220 | SUCCESS  | 2824:12716 | __main__:first_req:492 - <!DOCTYPE html PUBLIC "-//W3C//DTD XHTML 1.0 Transitional//EN" "http://www.w3.org/TR/xhtml1/DTD/xhtml1-transitional.dtd">
<html>
<head>
<meta http-equiv="Content-Type" content="text/html; charset=utf-8">
<meta id="9pRNs2oivtAo" content="f-kFrGi7LCSTlGHGGPIBgMh7Cd0x4ADRjo-m13iEQaeTl76Nnmc2BnJyo6DDjlPVlPxDslbhLcqwWa6P6pXL7dlPTQOHG1YhKWimWCWnJNAOVG798GsbACe0GVCs-14lT3vYZkSsfPoFZwN43RpRhD4yqn5QFROKU7xTr7ugvBGbWcuH5w5zza" r='m'><!--[if lt IE 9]><script r='m'>document.createElement("section")</script><![endif]--><script src="/1eeb27c_268ab095d.js"></script>
<script src="/ctct_bundle_3dccee31.js"></script>
<script type="text/javascript" r='m'>$_ts=window['$_ts'];if(!$_ts)$_ts={};$_ts.nsd=75070;$_ts.cd="qoxSrcqlDfLqlaQmHaqFrpLclnZdqr3LmrLklaQcqqVXmqA1DGQsraAFrrWoqSLrlaQcDG3XmAAGHa3FrSLllnZdqr3LmfLolaQcHaqFrpLclnZFqrLricgKqfGdqrLqDGlshSLllaQ8HaqFqfLklnZFqcgnbuV6rOAnJ6VjimP5foaXC1QSQCgYQVkc21Htp2HYx27cc9Fi8gI3IUPOglijUJE_atsBCgwnFacLqaE-qLQuFzpcskpXWv0_dCNEIDwfM0PP3lNCVUJS1dqgsbJ1WKmKZmLgHsJUwmvS3VAdR2J0iQTbsCwOsbr-LbrfWmwuYvUApkzOYu06R7TfQDziMTmSn2qg1um-FvB8RumH3Dr6h_9_WbR9JsABZ6qgIUpAFKK7slmOK2JNh_9_WbR9JsABZ6qg3sJhUC4TKKTQVsp1h_9_WbR9JsABZ6qgUmxlYbO53sJ-30Y7hdJaikws3vpXCOrz1K3SFs-Np2pjJDTS1QezVUlyVbxbgYNrpVJXVlUdikNBR2ROWeq6RCeYMP9SLkxf3OlTtKBjilyuYuRiKer1sbTS3n9SLkxf3OlTtKBjioJrRCmmFBRfMmrSMn9SLkxf3OlTtKBjikN0Vlf0WdRjwUrkFsS659TfVDV0RkvMWuWlqu3DWEN-w6rnws0C-sQ4Js30Hu1OJuQ6rk35WHz2WqQuWkVhjkW0WkVdJuKjJALSJOWTJ_LTWOE1Gc2rqDLXEmNXFpxMMTQM4fRI8luwNGDCzAF3bGqorGArxnMeIMM-Cv_KTO79RfcNK3H2vBhMNwRfGPCNTA0pMkGqcFLnJOaCJsgSbkExJsV5Jsi-iu7uW1TkVImzYbwf1uxpu9YpwKy-AokXKPyfJsmlKty9Av30W2JmdOzVVbwqwkcXqaEaqu3DJf7uJogXRCRPzKxXwPyvwCjT3vrNhbwSFhYf3bZXRDRTzKmjFPy9FvDT3U9ChbV-3BffhCwzFnzP_UWBR6mTtChjw1eG36E-RIYBhCrzR1z2ebr4tDRNQn6eMbALRCz-hIS7wnfvIbEzdCePtDpjRc6dM6VLRD2NhIe7MUqX3DfTzKpvRPyfMC_TRDNPhbmehImBQnfjwvQzZUwGtDz2Fc6aMKVLFCfXhIrzQcf-wb3zZor7tDfvw16u3vY2hbS6RHgBFUp2tbTnzK2aFCajFCO4hCe-R1NjJIGBMbYntbNLd1eXMKZjFb-BhCy-RPNjMXZBMvAStbNS-1eXwDWjFvoZRceNQbl-Mi2uhC2SMnzX5C9BFCm5tC45Rce-MbA-MBYbhCzC3czX4CEBwDJTt6o_3vWLQbxfh829MPfnMCAz_KejtoxjMvhzh6JjR1N6QIABQ6pStvwS41euwoR5t6ojRne08nN68HLBQbT9tvRTg1enRCTSJ16-3PeC3C7-QdfSh6Rv31zudoqBwbZjwKuB31eCwbq-Q5TXQnfSRD7z_bY4tomNt6hBRce6wKQ-QXy2h6w4w1zT5olBQDJZt6U581eaFCq-wIr2R1fCFUYudDT6toRn316z86QLwoYOh8eaQcf0wUqz46zvtoYvQ16XRbm0hvmj3hY0MvEXQKfvdne0FCpGJ16XQ6qLwKJ2MhY43K9XIbznzUzBw6LjICuTh6z0MnNdQBVB86gXIcz4ZoWkqm0PFuiwUcwMKax3xQR_rT7bFlqcjuAarOl6rOc3WGWlqG3cJ_9uWuAoWsES-OWkrOqarODRcO3CWO36WFgSJqAkJG3a";if($_ts.lcd)$_ts.lcd();</script><script type="text/javascript" charset="utf-8" src="/cb4UuQtIG8gU/O3mmzGd2Kbfp.091bf33.js" r='m'></script></head>
<body>
</body>
</html>
<script type="text/javascript" r='m'>_$$W();</script>
<a href="/cb4UuQtIG8gU/eb8174c5/XAYOs4aoBp1q/9BEb2_MR7QOh/k82branqMqCm" style="display:none">4rUMbZ4GdfCQ</a>

2026-06-23 23:34:33.221 | SUCCESS  | 2824:12716 | __main__:iv8_env:611 - ----------------瑞数----------------
2026-06-23 23:34:33.957 | INFO     | 2824:12716 | __main__:jy_shibie:923 - 语序点选坐标:[[3633, 4100], [4167, 6900], [1600, 5050]]
2026-06-23 23:34:34.013 | WARNING  | 2824:12716 | __main__:send:1010 - 验证码识别失败（尝试 1/10）: [Errno 2] No such file or directory: 'w.js'
2026-06-23 23:34:34.054 | INFO     | 2824:12716 | __main__:jy_shibie:906 - >>>>>>>>>>>>>>>>>>>>>>文字点选>>>>>>>>>>>>>>
2026-06-23 23:34:34.296 | INFO     | 2824:12716 | __main__:jy_shibie:916 - 文字点选坐标:[[1716, 6461], [6072, 6759], [3267, 3429]]
2026-06-23 23:34:34.405 | WARNING  | 2824:12716 | __main__:send:1010 - 验证码识别失败（尝试 2/10）: [Errno 2] No such file or directory: 'w.js'
2026-06-23 23:34:34.483 | INFO     | 2824:12716 | __main__:jy_shibie:906 - >>>>>>>>>>>>>>>>>>>>>>文字点选>>>>>>>>>>>>>>
2026-06-23 23:34:34.921 | INFO     | 2824:12716 | __main__:jy_shibie:916 - 文字点选坐标:[[2838, 7604], [2871, 1391], [5544, 2584]]
2026-06-23 23:34:34.991 | WARNING  | 2824:12716 | __main__:send:1010 - 验证码识别失败（尝试 3/10）: [Errno 2] No such file or directory: 'w.js'
2026-06-23 23:34:35.058 | INFO     | 2824:12716 | __main__:jy_shibie:906 - >>>>>>>>>>>>>>>>>>>>>>文字点选>>>>>>>>>>>>>>
2026-06-23 23:34:35.449 | INFO     | 2824:12716 | __main__:jy_shibie:916 - 文字点选坐标:[[1287, 5317], [3894, 6411], [7293, 6113]]
2026-06-23 23:34:35.510 | WARNING  | 2824:12716 | __main__:send:1010 - 验证码识别失败（尝试 4/10）: [Errno 2] No such file or directory: 'w.js'
2026-06-23 23:34:35.571 | INFO     | 2824:12716 | __main__:jy_shibie:906 - >>>>>>>>>>>>>>>>>>>>>>文字点选>>>>>>>>>>>>>>
2026-06-23 23:34:36.007 | INFO     | 2824:12716 | __main__:jy_shibie:916 - 文字点选坐标:[[3597, 6262], [3102, 2783], [990, 5069]]
2026-06-23 23:34:36.022 | WARNING  | 2824:12716 | __main__:send:1010 - 验证码识别失败（尝试 5/10）: [Errno 2] No such file or directory: 'w.js'
2026-06-23 23:34:36.088 | INFO     | 2824:12716 | __main__:jy_shibie:925 - >>>>>>>>>>>>>>>>>>>>>图形验证>>>>>>>>>>>>>>
2026-06-23 23:35:28.155 | INFO     | 3792:16904 | __main__:next_login:2800 - 使用账号: 18050400868
2026-06-23 23:35:28.287 | INFO     | 3792:16904 | __main__:main_qe:676 - 加速乐第一次请求的状态码:<Response [521]>
2026-06-23 23:35:28.414 | INFO     | 3792:16904 | __main__:jsl:515 - 加速乐第二次请求的状态码:<Response [521]>
2026-06-23 23:35:28.482 | INFO     | 3792:16904 | __main__:resp_jsl:549 - 加速乐第三次请求得到瑞数返回的状态码:<Response [412]>
2026-06-23 23:35:28.991 | SUCCESS  | 3792:16904 | __main__:first_req:492 - <!DOCTYPE html PUBLIC "-//W3C//DTD XHTML 1.0 Transitional//EN" "http://www.w3.org/TR/xhtml1/DTD/xhtml1-transitional.dtd">
<html>
<head>
<meta http-equiv="Content-Type" content="text/html; charset=utf-8">
<meta id="9pRNs2oivtAo" content="LhVF1ahmU80kGom5ZiEaUa9ra_6cezFPfhcZfDJjIK1ztoftzEjUgfeYM_iBENthIFRLugkMBmksmAroIRpRQr_2Ww0jnxE3H4Wy62balqeb-biujVgSNFnIUhP2sjbmjPjH14CGGVXd6_6frhI2vgJY9Ul_T3I2atEHUUB2wVqTxB4WijE6KG" r='m'><!--[if lt IE 9]><script r='m'>document.createElement("section")</script><![endif]--><script src="/1eeb27c_268ab095d.js"></script>
<script src="/ctct_bundle_3dccee31.js"></script>
<script type="text/javascript" r='m'>$_ts=window['$_ts'];if(!$_ts)$_ts={};$_ts.nsd=67489;$_ts.cd="qhxSr1qltkZqmPGVDGAfckZqDGEFqSWBHaqoqpLDlnZFrclEHaqFqfLkkPZFq1gVrcWdqrLkDGqshnEqDG3FrSWBHaqFrpLclnZPqrLqDGlshSLDhfVlDuZqcnGKHaqFqrLrlnZdqr3LmnEqDG3KtclThf3lDuZqDGEoqSWBHaqFqpLDlnZdqrLlraVshSLchfQlEkZqDGVFqGgBHaqFqrLrlnZdqrLoDGAshSLkla8nDGqXiN9TJqQ0WuI9lgjjhExGaQOW6pPKsTMm7KXV0a_iZE1Y5LGghgM_TxTrl5CbhFwcL5_B5wAJZjlEjGWrtGtDWChKA9ZTMOJeWBTj16Tv3DeqLDrxwTmnQVHnilTPVOrfUBxFiuauYvppZCmoHbR1wkoHR9Sb30eG3_rG3OmUQ2Re09Ag32QZJC4H3UJjsbyp8QfAi0LSFbNu6DQnsbrfwn8-iOmvRkA0xdmai6S0VK2z-9Sc32N1F18-iOmvRkA0xdmaiCqu12ebeT2XUYlTVP8-iOmvRkA0xdmaiTT1pYRGdDlaFbJlMcISQk7CVCJ0RzGaM9fbWD9n_0RUFup7QVoJMYxaiYJPMXJFA9pkMTrJdsGyMbRU3uB1JCpXYKZNiFEn3bWSJc2O_kfJQ2Q6s2H1V9T7QKENiFEn3bWSJc2O_kfaADwGpKh03KepQKgNiFEn3bWSJc2O_kGywYrxwkB0FvRSACGZIdfJ32m2JKASCsWarAW6rOPEF6pSQvAeHjZ6ikACJsZZLsQ0JGA6HOOyRsWDWulTq_LuJulTHOQejkVxWk3nJs5LJslulLlN1Axjh1mFMC9FKKeVDXgUaEq4czrl6X0i9NGkrAQmqc8W8-Ra6hqJk2hvfXkFMD4LxDN5r-AsDlYiizqFxFL_XaDLWO36JkWdiyLncOATHuV4js7yJu77JlUFsCwQibx7IQmopVp03UASn6phYom9ws-A3OQ6FnNzUefCwYpBM6RE6GWrWAW6rOgRWuwdhbRbF-wPMUQXRvwPzCxuFcybQKc63KmXhbYbIMwfFK7XRKNyzCm_Jny9tC-_31SbMKL-FXzuhDRSwczj_oV73KJutC66MnSfMKA-MIpG8c2bFoW2dCyvtKwjFnU5MoANR6ePxITB3129FCA2dKeCtKpLF1UeMDyShbmLIMw9RDQX3DebzCpN3nyGI1UuM6qNFvw6xIJ63n2-RDG2ZbTbtKzNMPUnMUWNF6wbxIxaMn2LRvV2ZKxCRcyzwCuZhCNTR1zz8-wNQCN7tCzG51e7FbV-FO6_hCT9QPzj3HZBMKSBtCNP41ezFb3-FbMzhCTTW1zj8FZBMUYOtCNydbA7FoxGtCs-QnSLQKg-RB2NhDNfInzbdDA7Fby2tCM6RPSjwbl-RXTPhoYOwczy5DxatUxO31U-RD0NQby9x8zBF12nFCy_4neaFCV-w6vCh6rTQ1z688ZBQoYCInzy_DQ7wU7-w6kgh6m7RczCI8WBQKRzQkV2_KE7wCJjt6B_Q1S6RCq-8dyahowBt6Y94Kl7w6Rft6BBMvqNQKY-x8f28c2SFcz_4KA7wvYbt6-7R1SC86A-IINShomOI1zedo97QKzft66nRK3NwbfT8dyzwc2CQCl246z0tUp03nUzQoWNwopax8T4Rc2TRvl24DRPw1yaFbP6wDTuhvrLMd0BwCN93sV24oJutUYPRK168CxLhve-8-w4MoR_t6e9enegwKZ-I6-6h6fdhv0-QdxuqqmwECfOvTa9RlGkKc6-8ApFxbmzcjLaWAQ6Wq3gbOEqrAEoqO5-WuqTrulaHFW_qqQaWA3ybaLTJuE6Jub7WsQmquQDiq";if($_ts.lcd)$_ts.lcd();</script><script type="text/javascript" charset="utf-8" src="/cb4UuQtIG8gU/O3mmzGd2Kbfp.091bf33.js" r='m'></script></head>
<body>
</body>
</html>
<script type="text/javascript" r='m'>_$ad();</script>
<a href="/cb4UuQtIG8gU/eb8174c5/J7xV7wOWWNeY/0_G2mEAAwG9g/YCkT3ad4frOw" style="display:none">0Gm_tuQeI5GY</a>

2026-06-23 23:35:28.991 | SUCCESS  | 3792:16904 | __main__:iv8_env:611 - ----------------瑞数----------------
2026-06-23 23:35:29.366 | INFO     | 3792:16904 | __main__:jy_shibie:906 - >>>>>>>>>>>>>>>>>>>>>>文字点选>>>>>>>>>>>>>>
2026-06-23 23:35:29.725 | INFO     | 3792:16904 | __main__:jy_shibie:916 - 文字点选坐标:[[7854, 4373], [957, 1838], [3597, 3528]]
2026-06-23 23:35:30.307 | INFO     | 3792:16904 | __main__:jy_shibie:937 - >>>>>>>>>>>>>>>>>>>>>九宫格>>>>>>>>>>>>>>
2026-06-23 23:35:30.746 | INFO     | 3792:16904 | __main__:jy_shibie:947 - 九宫格识别到:领带---->图片位置:[[1, 3], [2, 3], [3, 1]]
2026-06-23 23:35:30.872 | SUCCESS  | 3792:16904 | __main__:send:1002 - 验证码识别成功！！
2026-06-23 23:35:30.873 | INFO     | 3792:16904 | __main__:next_login:2813 - loginuser登陆异常:[Errno 2] No such file or directory: 'login.js'
2026-06-23 23:35:30.873 | INFO     | 3792:16904 | __main__:main:2838 - 》》》》》》》》》》》》》》正在处理公司: 【914108006659708962】《《《《《《《《《《《《《《《
2026-06-23 23:35:30.873 | INFO     | 3792:16904 | __main__:detilinfo:2542 - ****************************************************************************************************
2026-06-23 23:35:31.378 | INFO     | 3792:16904 | __main__:jy_shibie:923 - 语序点选坐标:[[6300, 6900], [3067, 6550], [1133, 6750]]
2026-06-23 23:35:31.503 | SUCCESS  | 3792:16904 | __main__:send:1002 - 验证码识别成功！！
2026-06-23 23:35:31.562 | WARNING  | 3792:16904 | __main__:execjs_data:593 - 请求失败（尝试 1/10）: [Errno 2] No such file or directory: 'rsdemo.js'
2026-06-23 23:35:31.618 | WARNING  | 3792:16904 | __main__:execjs_data:593 - 请求失败（尝试 2/10）: [Errno 2] No such file or directory: 'rsdemo.js'
2026-06-23 23:35:31.670 | WARNING  | 3792:16904 | __main__:execjs_data:593 - 请求失败（尝试 3/10）: [Errno 2] No such file or directory: 'rsdemo.js'
2026-06-23 23:35:31.721 | WARNING  | 3792:16904 | __main__:execjs_data:593 - 请求失败（尝试 4/10）: [Errno 2] No such file or directory: 'rsdemo.js'
2026-06-23 23:35:31.769 | WARNING  | 3792:16904 | __main__:execjs_data:593 - 请求失败（尝试 5/10）: [Errno 2] No such file or directory: 'rsdemo.js'
2026-06-23 23:35:31.818 | WARNING  | 3792:16904 | __main__:execjs_data:593 - 请求失败（尝试 6/10）: [Errno 2] No such file or directory: 'rsdemo.js'
2026-06-23 23:35:31.868 | WARNING  | 3792:16904 | __main__:execjs_data:593 - 请求失败（尝试 7/10）: [Errno 2] No such file or directory: 'rsdemo.js'
2026-06-23 23:35:31.918 | WARNING  | 3792:16904 | __main__:execjs_data:593 - 请求失败（尝试 8/10）: [Errno 2] No such file or directory: 'rsdemo.js'
2026-06-23 23:35:31.955 | INFO     | 3792:16904 | __main__:close_mongo_connection:2752 - MongoDB连接已关闭
2026-06-23 23:37:33.619 | INFO     | 12380:14036 | __main__:next_login:2752 - 使用账号: 18050400868
2026-06-23 23:37:33.759 | INFO     | 12380:14036 | __main__:main_qe:636 - 加速乐第一次请求的状态码:<Response [521]>
2026-06-23 23:37:33.875 | INFO     | 12380:14036 | __main__:jsl:515 - 加速乐第二次请求的状态码:<Response [521]>
2026-06-23 23:37:33.942 | INFO     | 12380:14036 | __main__:resp_jsl:549 - 加速乐第三次请求得到瑞数返回的状态码:<Response [412]>
2026-06-23 23:37:34.465 | SUCCESS  | 12380:14036 | __main__:first_req:492 - <!DOCTYPE html PUBLIC "-//W3C//DTD XHTML 1.0 Transitional//EN" "http://www.w3.org/TR/xhtml1/DTD/xhtml1-transitional.dtd">
<html>
<head>
<meta http-equiv="Content-Type" content="text/html; charset=utf-8">
<meta id="9pRNs2oivtAo" content="l6FjwybP9WuC_pv4lbPy6LYihxzzLXSvvk8L6ZwyvTofYWwv2L_XfpHSz4pmS5gczsYikQ_VgpqtDvCvOqzeKnmceFpIW6-ebWG--hyB3FLFQeG3bJKsBZaCfv_dgeQ4-3QvEUeVNVdbaCTBeIVDKFsTFrJo1KTzY5IbaTVsHewEKI0yRpXMIa" r='m'><!--[if lt IE 9]><script r='m'>document.createElement("section")</script><![endif]--><script src="/1eeb27c_268ab095d.js"></script>
<script src="/ctct_bundle_3dccee31.js"></script>
<script type="text/javascript" r='m'>$_ts=window['$_ts'];if(!$_ts)$_ts={};$_ts.nsd=123751;$_ts.cd="qEeSrcqloOZqDGQFrrWBHaqFqfLklnZdqrLADG3shSLlDGVghfAlEuZqcalFrfWBHaqFrrLmlnZFqqEorsZqmPGYHaqFqf3LEsVdmAAMHaqFrrLmlnZdqrLkcaqshuZqDG3FrSWBDGAXmfV2DGlfrpLllaQmDGEfckZpDGqFqpWBHaqFrSL7lnZFqSWorrLrhOt3JsAoWuW0_OwGZtPr8lvDGiAj_CyqT_qeHpwj42jEKsMu8uMumWXsM2jY4w9OoptrFV9X8pLfqt7kq1LmfOrjT0xHJK9uIO-ZF9ze3Dr71tmG1UwKQvxhZufJ32Va32MuKO7ZJmR6KIxfpuyfVvQyubRWRbpH3CXf3DESVoxYwwJliDxAHkpbubmuF92XVvoxVkztJbNN8eTvW9yv3UABjOLSRCW0JndaQkzZQTmjRFeWAbxwVbLBjOLSRCW0JndaQkzGJlNQMBRRM2TKJYlBjOLSRCW0JndaQkzwYVYYFHTfWDN9pDZBZoq4J2pOwC4RWDyE3srjiXNDYC7uMoxxuDT1Qkys3KMPK9xlpDespIagiKyfYCqu0uw9M2xBtODOWbxOJOAjF59gsUxAJ0TM0TxJMoRPtODOWbxOJOAjF59gQlrG3lRjeKmBVURXtODOWbxOJOAjF59giUYU1UQueKNCQVpLH6IysKxp3OYviwGuWqVlJaV6PKz0QUY0HOFXJuG0WsVZJtq6Jk3kJu0a5DVurOASJGX-WuQSWOg0JF9TcsqSWO36jsVSWSKrt9lkFP0fUKejl2fBYr-Nm6r6qDvu-gnyrRXRqaVqqGW9cQZ6RuUyvjKx0azsK6SrLwTd-sHzqM6nIELwndzT7VGEjuE0WOW6WubjqOlHJkqZW_GSisVaWne-0umVIVyHFTMKFvwNQbyXWFzHwkm910r4ZbxlVVraAYv-FCE0M6x2U7rnqqASrOAq-3laWvZ-RKkyhCmLwnz2QIlB3URLtCY6ZnePRDg-RbkXhCx7FnzbMiLB3vZ6tCQz5KxPtKRLF16yQ6qNRvp6hI2awP2fRvqzdbe7tKmLRn65MDJetKJ-wMRvMKEN3b2zzbRBQ12PID1CRKS9tKmL3-R2MoWN3KzBzbYBF6l-3b4XhCwfRnzOFIVBRCSOtCJ4zbz7w12BwoDCF6pbtKyvM-RjMbWNMbNLzbNXwP2XwDcCFvJjtKT2Q4RN3UJ9tCySdCA7M6YGtDBNhCNCFb9LMIJfhD2j3cf7-bE7FDp6tDuuRnSLMDLLMHmThDfj3nf7eUV7FoV0tDujJnSLwK3LMiNbRn2LwCWze6JatKf0M16T3KLNFbpZhIY9Rn2jFC3zeKe2tKNu3P6TwKlNwKR6h8NG3UVNwCrvzvJvFc26MKtCQCS7tUwLFi26hoY-3cfS_bg7wUY0toojwnSTwUJZh8NaRc2TIPfSgCq7wDSftokX8nS0RbfuW4RS3126Rb9z_DxntUwP3n6LRvWNwCLLQdwT3P26QCEz_owzw120RbCCQDRetUp-h82TRn2CQDVz_UpbtUR5wn6X3vENQKR5h8y98P2SMbEz4bNb3n2uF6HLRbyStUJaR4R68olNQUw2zvYuwP2Sw6FCwUfftUr2w4R0RKwTt6J75ne6FoW-QC4ZR1SnFbmPW4R0Qo3NQDmOenegRCG-ID6Nh6fNwvZL8IwBhoTTFPfy_KZ7IUZ-IP6GFvqmqYGGxwGoUnmLWqr8Bb90qYLOEcKRWs3arulaqt7cWAVmraAl-kWaJsVrJsiNJkV0rAVCJy7uqqaaJsASjOW6JuEorsDMWG";if($_ts.lcd)$_ts.lcd();</script><script type="text/javascript" charset="utf-8" src="/cb4UuQtIG8gU/O3mmzGd2Kbfp.091bf33.js" r='m'></script></head>
<body>
</body>
</html>
<script type="text/javascript" r='m'>_$ej();</script>
<a href="/cb4UuQtIG8gU/eb8174c5/54cuNu72f_5M/EfjHutJJwRuc/bd5tu3Wv62Mp" style="display:none">-gkMvvXhVPHo</a>

2026-06-23 23:37:34.466 | SUCCESS  | 12380:14036 | __main__:iv8_env:571 - ----------------瑞数----------------
2026-06-23 23:37:34.799 | INFO     | 12380:14036 | __main__:jy_shibie:897 - >>>>>>>>>>>>>>>>>>>>>九宫格>>>>>>>>>>>>>>
2026-06-23 23:37:35.275 | INFO     | 12380:14036 | __main__:jy_shibie:907 - 九宫格识别到:碗---->图片位置:[[1, 1], [1, 2], [2, 1]]
2026-06-23 23:37:35.465 | SUCCESS  | 12380:14036 | __main__:send:962 - 验证码识别成功！！
2026-06-23 23:37:35.466 | INFO     | 12380:14036 | __main__:next_login:2765 - loginuser登陆异常:[Errno 2] No such file or directory: 'login.js'
2026-06-23 23:37:35.466 | INFO     | 12380:14036 | __main__:main:2790 - 》》》》》》》》》》》》》》正在处理公司: 【914108006659708962】《《《《《《《《《《《《《《《
2026-06-23 23:37:35.466 | INFO     | 12380:14036 | __main__:detilinfo:2494 - ****************************************************************************************************
2026-06-23 23:37:35.511 | INFO     | 12380:14036 | __main__:jy_shibie:897 - >>>>>>>>>>>>>>>>>>>>>九宫格>>>>>>>>>>>>>>
2026-06-23 23:37:35.958 | INFO     | 12380:14036 | __main__:jy_shibie:907 - 九宫格识别到:叉子---->图片位置:[[2, 2], [2, 3], [3, 1]]
2026-06-23 23:37:36.084 | SUCCESS  | 12380:14036 | __main__:send:962 - 验证码识别成功！！
2026-06-23 23:37:36.084 | ERROR    | 12380:14036 | __main__:get_fresh_cookie:1184 - get_fresh_cookie 处理异常: 'Govspider' object has no attribute 'main_rs_info'
2026-06-23 23:37:36.225 | INFO     | 12380:14036 | __main__:jy_shibie:866 - >>>>>>>>>>>>>>>>>>>>>>文字点选>>>>>>>>>>>>>>
2026-06-23 23:37:36.478 | INFO     | 12380:14036 | __main__:jy_shibie:876 - 文字点选坐标:[[2079, 2584], [3894, 5069], [6600, 5914]]
2026-06-23 23:37:36.949 | SUCCESS  | 12380:14036 | __main__:send:962 - 验证码识别成功！！
2026-06-23 23:37:36.949 | ERROR    | 12380:14036 | __main__:get_fresh_cookie:1184 - get_fresh_cookie 处理异常: 'Govspider' object has no attribute 'main_rs_info'
2026-06-23 23:37:37.061 | INFO     | 12380:14036 | __main__:close_mongo_connection:2704 - MongoDB连接已关闭
2026-06-23 23:38:34.127 | INFO     | 18336:4996 | __main__:next_login:2751 - 使用账号: 18050400868
2026-06-23 23:38:34.239 | INFO     | 18336:4996 | __main__:main_qe:636 - 加速乐第一次请求的状态码:<Response [521]>
2026-06-23 23:38:34.359 | INFO     | 18336:4996 | __main__:jsl:515 - 加速乐第二次请求的状态码:<Response [521]>
2026-06-23 23:38:34.433 | INFO     | 18336:4996 | __main__:resp_jsl:549 - 加速乐第三次请求得到瑞数返回的状态码:<Response [412]>
2026-06-23 23:38:34.983 | SUCCESS  | 18336:4996 | __main__:first_req:492 - <!DOCTYPE html PUBLIC "-//W3C//DTD XHTML 1.0 Transitional//EN" "http://www.w3.org/TR/xhtml1/DTD/xhtml1-transitional.dtd">
<html>
<head>
<meta http-equiv="Content-Type" content="text/html; charset=utf-8">
<meta id="9pRNs2oivtAo" content="P52_aNGnKdo1iFzjo8aI3S0U2FSlnKSoNUVTMww4EUEQM8ovOdlThWmxa8EKJIMSlIpT56ezDtdYc9XV9xw4ttyiplD9z7YYVmz6gQazGiFAIvtSyHnJnZmx1lpczp_RF9eBNek7-46fLS9tomfd5-EFGqZHhfWDUuKyL_D_Ovkj3aeGYPEYdq" r='m'><!--[if lt IE 9]><script r='m'>document.createElement("section")</script><![endif]--><script src="/1eeb27c_268ab095d.js"></script>
<script src="/ctct_bundle_3dccee31.js"></script>
<script type="text/javascript" r='m'>$_ts=window['$_ts'];if(!$_ts)$_ts={};$_ts.nsd=69310;$_ts.cd="qhzSr1qlhuZqmPGVDGqfrpLolaQlHaqFrpLplnZdqrLqDGlshuZqDGQFmSWBHaqFqf3LEsVXmqAGHSWFrSLllnZdqrLcDGWshSLYlaQkHaqFrrLmlnZFqPgYmnVFrfWoquZqDGAFrpWBDfWsraVdqrLDDGQshSLclaQADGqFqsGXmGAQHaqKtrQFmfWoqfLkEAGdqrLrDG3sha9lDGVghfQlDfLqlaQmDGQqraAFqfWoquZqDGqFqpWBD79XWjqTJaQ0WO1RC8bJdXR9qCPTeE4JS9FiJ2SoOshWr03inZlcqSs40urSQqe0n3b3d7qZELBWZqZq9aWctGtoWD-BA9aTMOx5i7pj1oTv3KSEbKrtwTmuQ9BhilyPVOmPY7zFikauY6wRnbmlHbRswuvCR9eb30yOFy2G3smUQTYT_0A432QeJDMC3Urjsbe1QImAilLSFC24yKQSsbrGwc51iOxvRkV6hZfaioS0VDN220Sr32NsFP51iOxvRkV6hZfaiDqu1TSXu22zUYl0V151iOxvRkV6hZfaimT1pmYLSKluFbJmMndEQkGCVCx6MXlaMVfbWKL_09RVFupzQ9v0MYmaiYxfRzNFAVpkM2JmSkG_MbRK3kH-JCwXYKgjWR7n3KWSJ1N-0sfiQ2QCsYB-V9y7QKWjWR7n3KWSJ1N-0sfuADwfpb-J3KSpQKZjWR7n3KWSJ1N-0sG_wYrEwuHJFvYSAC9dwZmJ3Ym2JDQygkWurAWCrscSF6wSQvV5JN36iuACJka0bkQ6JGACHskqRsqDWuqCcyWuJklTHuAT9sVtWk3uJO8pJsEulLqjAszjhPmFMbL13DeUDXgKRnG3pzgT6nlmL_lqrGQlqPpwJ8MnnF0gZ1I-UyKt4U-Tgp7kWhU6hndOmvKVsnRJnGbpWOAuJkWaJ_WncsATHO3u9kLnJkQzUKhz1oYkJVQTpRwXUkR_YUTpgo9uWmlSFK-T8vNOQOZaMXJ0UoTa39lySAWcWAWCrs3GWupdhbw23LyPMvQXR6pjObxaFcyvQbPi3KxXhbp2w3yfFb7XRD2SObmyJny2tDhk31ebMK7L3zxuhCRSw1fP0UVB3KJntDUiMnefMKVLRQTG8n2bFUqzSby9tKw-Fc6oMoQNR6yfhQpB3P29FbQzSDeTtKpNFP6lMDTShbr-w3y9RCQX3KSXObpj3nyfIP6tM6WNFvR0hQN63c2-RK7znCT2tKzLM16hMUqNF6R2hQzaMc2LR63znDxTRcy7wDsmhC2TR1NXQLyNQDN7tbfLaceBFbVjFsUkhCy9QPNNFW3BMbSBtb2jTceXFb3jFK4VhCyTW1NNQR3BMvYOtb2SSCABFoxftDu1QneLQKZLM7rNhCNfIPfXSKABFby9tD4iRPejwbqLMzpPh6YOw1fSaKxutUxP3P61RDgNQbevhwxBFP2nFbTnTPeuFCVjwooHh6JTQ1N0Qw3BQ6YCIPfS0KQBwU7jwoOrh6x7RcNTwwLBQbRzQs3z0DEBwCJ-toHkQ1e6RClLQZwah6wBtvR7TDlBw6RGtoHKMvWNQKpLhwm28n2SF1fnTDABwvYvtohYR1eC86VLwQJSh6mOIcfTSU9BQKzGtoUhRKVNwb2CQZwzwn2CQbEzTvz6tUpT3c6VQoqNwoYuhwp4Rn2TR6EzTKRfw1ySFKciwDyuhvm-RZABwDN93k3zTUJatUYORbni8CmLhvyLQLy4M6R_tvS7uPe4wKZjIohih6zdhvaL8ZzuqamwEbS9N2avEUlcKnUeQGwFxbLnqNqnWqQ_JGVaLuEkrAEDqs81WuWTruqeWNWuqaQaWqVSLGLCJuECJkDYWsAmqu3mWq";if($_ts.lcd)$_ts.lcd();</script><script type="text/javascript" charset="utf-8" src="/cb4UuQtIG8gU/O3mmzGd2Kbfp.091bf33.js" r='m'></script></head>
<body>
</body>
</html>
<script type="text/javascript" r='m'>_$$Y();</script>
<a href="/cb4UuQtIG8gU/eb8174c5/VmXIh7bIB1ux/w6tbN0dido89/b1t0gRlynfi-" style="display:none">7k_3Gg4uE4CZ</a>

2026-06-23 23:38:34.983 | SUCCESS  | 18336:4996 | __main__:iv8_env:571 - ----------------瑞数----------------
2026-06-23 23:38:35.342 | INFO     | 18336:4996 | __main__:jy_shibie:885 - >>>>>>>>>>>>>>>>>>>>>图形验证>>>>>>>>>>>>>>
2026-06-23 23:38:36.165 | INFO     | 18336:4996 | __main__:jy_shibie:895 - 图形验证坐标:[[4554, 1590], [1056, 7305], [6765, 4125]]
2026-06-23 23:38:36.394 | INFO     | 18336:4996 | __main__:jy_shibie:885 - >>>>>>>>>>>>>>>>>>>>>图形验证>>>>>>>>>>>>>>
2026-06-23 23:38:37.173 | INFO     | 18336:4996 | __main__:jy_shibie:895 - 图形验证坐标:[[2475, 2186], [7986, 4473], [3465, 6212]]
2026-06-23 23:38:37.311 | SUCCESS  | 18336:4996 | __main__:send:962 - 验证码识别成功！！
2026-06-23 23:38:37.311 | INFO     | 18336:4996 | __main__:next_login:2764 - loginuser登陆异常:[Errno 2] No such file or directory: 'login.js'
2026-06-23 23:38:37.311 | INFO     | 18336:4996 | __main__:main:2789 - 》》》》》》》》》》》》》》正在处理公司: 【914108006659708962】《《《《《《《《《《《《《《《
2026-06-23 23:38:37.311 | INFO     | 18336:4996 | __main__:detilinfo:2493 - ****************************************************************************************************
2026-06-23 23:38:37.352 | INFO     | 18336:4996 | __main__:jy_shibie:897 - >>>>>>>>>>>>>>>>>>>>>九宫格>>>>>>>>>>>>>>
2026-06-23 23:38:37.858 | INFO     | 18336:4996 | __main__:jy_shibie:907 - 九宫格识别到:帽子---->图片位置:[[3, 1], [3, 2], [3, 3]]
2026-06-23 23:38:37.984 | SUCCESS  | 18336:4996 | __main__:send:962 - 验证码识别成功！！
2026-06-23 23:38:37.984 | SUCCESS  | 18336:4996 | __main__:iv8_env:571 - ----------------瑞数----------------
2026-06-23 23:38:39.337 | INFO     | 18336:4996 | __main__:jy_shibie:866 - >>>>>>>>>>>>>>>>>>>>>>文字点选>>>>>>>>>>>>>>
2026-06-23 23:38:39.412 | INFO     | 18336:4996 | __main__:close_mongo_connection:2703 - MongoDB连接已关闭
2026-06-23 23:39:23.255 | INFO     | 16968:15676 | __main__:next_login:2751 - 使用账号: 18050400868
2026-06-23 23:39:23.394 | INFO     | 16968:15676 | __main__:main_qe:636 - 加速乐第一次请求的状态码:<Response [521]>
2026-06-23 23:39:23.513 | INFO     | 16968:15676 | __main__:jsl:515 - 加速乐第二次请求的状态码:<Response [521]>
2026-06-23 23:39:23.586 | INFO     | 16968:15676 | __main__:resp_jsl:549 - 加速乐第三次请求得到瑞数返回的状态码:<Response [412]>
2026-06-23 23:39:24.092 | SUCCESS  | 16968:15676 | __main__:first_req:492 - <!DOCTYPE html PUBLIC "-//W3C//DTD XHTML 1.0 Transitional//EN" "http://www.w3.org/TR/xhtml1/DTD/xhtml1-transitional.dtd">
<html>
<head>
<meta http-equiv="Content-Type" content="text/html; charset=utf-8">
<meta id="9pRNs2oivtAo" content="yOaj1gax8Sl0du7_m3jZZ1uFrT_xXxw-BP4R_WniSefGwQOPvzdIiIxF7iSK5pN9RFmkdrp5dyRNp8qfAC7hNS5R32JEs4be-iU0T6grxI894qFl_9SRzjfqNCAJC8U3qlQoXOQMeCFlamNTvmI26cvW66Qd84-Pi9UzrN5-xlKZFhODK0nYga" r='m'><!--[if lt IE 9]><script r='m'>document.createElement("section")</script><![endif]--><script src="/1eeb27c_268ab095d.js"></script>
<script src="/ctct_bundle_3dccee31.js"></script>
<script type="text/javascript" r='m'>$_ts=window['$_ts'];if(!$_ts)$_ts={};$_ts.nsd=96548;$_ts.cd="qENSrcqlxpLclaQkHaqFqrLrlnZFrnlmDGE4raWFqclEHaqFrfLolnZFh1gVrr0dqrLqDGlshuZqmGqYDGQsraAdqr3LmfLlDGVAhfVlosZqDGVFqfWBDGlshaEdqrLoDGAshSLklaQlDPGXmGAwDGqsraVFrSWorkZLDGVFqfWBHaqFqrLblnZFrP4WWsA6rOAnJo91La77LXI_5_TyRp3pxsKzYWLSuXCDR-POaYkm4iCE6CER29vLgdXSLww9S0lsmHgcqGE-qLQa2oykskpXWv4lYKzEIDwfMh3E3VNCVUJnzYLysbJ1WKtLK27gHsJUw_wM3lAdR2J6SCwvsCwOsbiYcDmfWmwuY3z_pszOYu00bDwGQDziMTtH3mlg1um-F3Y0ROmH3Dr00AW4WbR9JsIpKUlgIUpAFN7DsVmOK2Jj0AW4WbR9JsIpKUlg3sJhUxrIKDTQVspp0AW4WbR9JsIpKUlgUmxlYRRV3kJ-30YB0Y2Sikws3v8AQkmz1K3SF7pkpTpjJDTnzCY7VUlyVbD31TzrpVJXV4zYisNBR2RGuULCRCeYMP-HcOJf3OlTtNYqiVyuYuRJNUNssbTS3n-HcOJf3OlTtNYqiUJrRCmD2mSGMmrSMn-HcOJf3OlTtNYqisN0Vlf6uYS-wUrkFs5xVlSfVDV0RZwSWOWlqu3muPrjw6rnws4Eru34Js30HWLxJOQ6rk3eu2m9WqQuWkMTqOE0WkVdJW7qJqLSJOWCnAq0WOE1Gcjdjb7XEmNXFXuSM2QM4fMyXxQqfxcybIBWWAlorGAcxDamqX9BmB6gOpFpJD4CvVe1PTRQMz7aqMdkXSX0PRqbeaquiuACJOkiWOWxJsV5J70riuEnJPT09arrs6TiWo8HF0RfsV2i3hp4A6Rv8uwwnme03sToI9MD82xNMUNttMyPqGEaqu3mnhlnJogXRCKQoCJXwPyvwxAI36rNhbwn2feG3bZXRDKhoCrjFPy9F3ZI3o9ChbVLvmxGhCwzFnPQA6EBR6mTtxSqwceG36ELbTeXhCrzR1PMUDm4tDRNQJJUMCALRCzL0TRzwnfvIbosYKyPtDpjReJYMvVLRD2j0TYzMUqX3DXhoCYvRPyfMxqIRKNPhbm50TzXQnfjwvssK6RGtDz2FeJFMDVLFCfz0TN7Qcf-wbUsKvm7tDfvwzJR36Y2hbS0b2AXFUp2tb_WoCfaFCajFxRphbe-R1NNnTEXMbYntbbKYnyXMKZjFRpmhby-RPNN9lVXMvAStbbHrnyXwDWjF3eKR1eNQblL99JnhC2SMnPAVKGBFCm5txrVR1e-MbAL9mevhCzC3cPApKWBwDJTtEeA36WLQbxP00J2MPfnMCIsACyjtoxjM3SohvJjR1N0OTgXQ6pStv1HpnyuwoR5tEeqRPe08nN0f2qXQbT9tvKh1nynRCTSJzJr3neC3C7LOYxah6Rv31PJYvlBwbZjwNxm3ceCwbqLOVwBQnfSRDOsADp4tomNtESmR1e6wKQLOlp9h6w4w1PhVvqBQDJZtEzV8ceaFCqLPTN9R1fCFUFJYbS6toRn3zJo8vQLwoYG00YSQcf0wUHspUNvtoYvQzJlRCm0hvmNvfeTMvEXQKXRY1y0FCpGJzJlQvqLwKJb9fe_3K9XIbPWo6NBw6LjIxxIhvz0MnNZOmZX86gXIcPmKvEkqm0P3Lg6U1wNAAxMCTeurT7b3D4erOVcHqW6rQguqGWlruq0uaWnrO00WukoWaqSWGWCrH3DWkW0WO3uuAAcqOAkJa";if($_ts.lcd)$_ts.lcd();</script><script type="text/javascript" charset="utf-8" src="/cb4UuQtIG8gU/O3mmzGd2Kbfp.091bf33.js" r='m'></script></head>
<body>
</body>
</html>
<script type="text/javascript" r='m'>_$gB();</script>
<a href="/cb4UuQtIG8gU/eb8174c5/SFB2TkesAOnM/yOZP8d-cB0og/3e7B7H8T18Sm" style="display:none">p9ZYlfsq5iOd</a>

2026-06-23 23:39:24.093 | SUCCESS  | 16968:15676 | __main__:iv8_env:571 - ----------------瑞数----------------
2026-06-23 23:39:24.536 | INFO     | 16968:15676 | __main__:jy_shibie:866 - >>>>>>>>>>>>>>>>>>>>>>文字点选>>>>>>>>>>>>>>
2026-06-23 23:39:24.822 | INFO     | 16968:15676 | __main__:jy_shibie:876 - 文字点选坐标:[[7854, 4373], [957, 1838], [3597, 3528]]
2026-06-23 23:39:25.786 | INFO     | 16968:15676 | __main__:jy_shibie:883 - 语序点选坐标:[[8067, 5350], [4900, 7600], [3500, 3450]]
2026-06-23 23:39:25.932 | SUCCESS  | 16968:15676 | __main__:send:962 - 验证码识别成功！！
2026-06-23 23:39:53.626 | INFO     | 16968:15676 | __main__:next_login:2764 - loginuser登陆异常:[Errno 2] No such file or directory: 'Node_control/unified_request.html'
2026-06-23 23:39:53.626 | INFO     | 16968:15676 | __main__:main:2789 - 》》》》》》》》》》》》》》正在处理公司: 【914108006659708962】《《《《《《《《《《《《《《《
2026-06-23 23:39:53.626 | INFO     | 16968:15676 | __main__:detilinfo:2493 - ****************************************************************************************************
2026-06-23 23:39:53.670 | INFO     | 16968:15676 | __main__:jy_shibie:897 - >>>>>>>>>>>>>>>>>>>>>九宫格>>>>>>>>>>>>>>
2026-06-23 23:39:54.205 | INFO     | 16968:15676 | __main__:jy_shibie:907 - 九宫格识别到:秋千---->图片位置:[[2, 3], [3, 1], [3, 3]]
2026-06-23 23:39:54.360 | SUCCESS  | 16968:15676 | __main__:send:962 - 验证码识别成功！！
2026-06-23 23:39:54.361 | SUCCESS  | 16968:15676 | __main__:iv8_env:571 - ----------------瑞数----------------
2026-06-23 23:39:54.808 | INFO     | 16968:15676 | __main__:jy_shibie:866 - >>>>>>>>>>>>>>>>>>>>>>文字点选>>>>>>>>>>>>>>
2026-06-23 23:39:54.978 | INFO     | 16968:15676 | __main__:jy_shibie:876 - 文字点选坐标:[[3366, 6262], [7128, 7305], [5478, 1789]]
2026-06-23 23:39:55.602 | SUCCESS  | 16968:15676 | __main__:send:962 - 验证码识别成功！！
2026-06-23 23:39:55.602 | SUCCESS  | 16968:15676 | __main__:iv8_env:571 - ----------------瑞数----------------
2026-06-23 23:40:01.945 | INFO     | 16968:15676 | __main__:jy_shibie:866 - >>>>>>>>>>>>>>>>>>>>>>文字点选>>>>>>>>>>>>>>
2026-06-23 23:40:02.098 | INFO     | 16968:15676 | __main__:jy_shibie:876 - 文字点选坐标:[[1452, 2236], [7359, 5765], [5511, 3081]]
2026-06-23 23:40:02.719 | SUCCESS  | 16968:15676 | __main__:send:962 - 验证码识别成功！！
2026-06-23 23:40:02.719 | SUCCESS  | 16968:15676 | __main__:iv8_env:571 - ----------------瑞数----------------
2026-06-23 23:40:03.685 | INFO     | 16968:15676 | __main__:close_mongo_connection:2703 - MongoDB连接已关闭
2026-06-24 00:51:13.659 | INFO     | 7088:6620 | __main__:next_login:2679 - 使用账号: 18050400868
2026-06-24 00:51:13.798 | INFO     | 7088:6620 | __main__:main_qe:650 - 加速乐第一次请求的状态码:<Response [521]>
2026-06-24 00:51:13.903 | INFO     | 7088:6620 | __main__:jsl:509 - 加速乐第二次请求的状态码:<Response [521]>
2026-06-24 00:51:13.985 | INFO     | 7088:6620 | __main__:resp_jsl:543 - 加速乐第三次请求得到瑞数返回的状态码:<Response [412]>
2026-06-24 00:51:14.482 | SUCCESS  | 7088:6620 | __main__:first_req:488 - <!DOCTYPE html PUBLIC "-//W3C//DTD XHTML 1.0 Transitional//EN" "http://www.w3.org/TR/xhtml1/DTD/xhtml1-transitional.dtd">
<html>
<head>
<meta http-equiv="Content-Type" content="text/html; charset=utf-8">
<meta id="9pRNs2oivtAo" content="1xVBIfNkeFCkkv6jImUbePG2impFyhptZ0xuz0TdAtkqKks0OjZ4X25BzaqTHU8AuG_KUXYm22PegMPzOiBHvdBTaxnnmQm9eMCSbBGkBwuL14LBsFYcTyBDrRlMOZipBo0El1aB_gIX5RWH1cu4osKy6f8G0kCA3_I-5Z-8Un70yI9dfZqWLa" r='m'><!--[if lt IE 9]><script r='m'>document.createElement("section")</script><![endif]--><script src="/1eeb27c_268ab095d.js"></script>
<script src="/ctct_bundle_c4152658.js"></script>
<script type="text/javascript" r='m'>$_ts=window['$_ts'];if(!$_ts)$_ts={};$_ts.nsd=97845;$_ts.cd="qWTSrPqloSLcEAGdqrLqDGlshuZqDGQFrrWbHaqFqfLklnZFq1gVrcqFkrWoqOZqmPGYHaqFqfLkln3dqrLrDG3shSLlDGVghfVJosZqDGlFrfWBDGVsraEFcpWorsZqDG3FrSWBDGAXmG0ODGqsraVdqr3LmSLqEAVsrSWorkZqmPG3HaqFrrLmDPZqr1gUrrLFrrWorpLklaglDG3sraWdqrLlDGVshSLhhfGlEkZqDGWFqrWBHaqFkSLolnZFqfWoquZqDGqFqpWBD90XWuVTJqQuWusoM_bdAZFcpAz95uGam56Y1Wg59f6ZGdzvKPYSB9F4ts3EGkTr1qUWWO318dJD-d3rrGWrtGKDWDz_A9ZTFsJ5iTmj16TG3DSxkDrxwTRnQ9N8ilTPYsrPYTyFiua0Yvw3UCmoHbm1wufOR9SbRleOFGSG3OmAQ2Y0I9Ag32qZJDwO3UJj1Ky1QDpAi0LCFb2_QDQnsbwfwcgoiOmv3uA6h2Tai6SuVKN9q9Sc32T1FPgoiOmv3uA6h2TaiCq012SBKT2XUY3TV1goiOmv3uA6h2TaiTTYpYYNVDlaFbplMnywQk7CYDJ6M6AaM9ffWDL4p0RUFuJ7Q9ffMYxaH2JfR0eFA9plMTJlVsGyMbmU3kx5JCpXVbZjWqgn3bWCJcNjpkfJQ2q6sYN5V9T7wbEjWqgn3bWCJcNjpkfaADrGpbz33KepwbgjWqgn3bWCJcNjpkGywYwxwux3FvRSpDGdw2pJ32mPJKQgwsWarAA6rsl9F6pSwUA5JaW6ikASJsaTksQ0JGW6HsmYRsWDJklCcG3uJulnHOA0rkVxWklnJO3lJslum3ljAtyjh1mwMCLseKeVDX9UTAbMxsk-TUAlJuAkrAqcqnsD5PM0P7HR-q7qSQSt4ufKV3AXswNPQmlvwF2krt3E0qGmWuWTWkl6is3ncOAnHu3nrkq0WOl7Wk3DFDLZ1s3uRawoJuJqIbxsVDpjI6mXVYmrADJAwCfNWvSCQ6YCVCx6raWrWAA6rs8TWuwdtKR23SzPMUQNRvp-DCxuFc2bQb9M3KmXtKY2wrzfFK7NRK2aDCm_Jn29tDJK31SbFbLL30wuhDRCwcfOpoV73KputDpMMnSfFbALRmfG8c2fFoq7VCyvtKrjFcS1MoAN3oefhmmB312OFCQ7VKeCtKJLFPSpMDyStKm-wrz9RDQN3DSBDCpN3n2GIPSIM6qNMUw0hme63n27RD77UbTbtKSNM1S8MUWNMow2hmyaMn2BRv37UKxCRc2zwDYAhCNT3PzXQSzNQCN-tCfNY1e7FbE-FspKhCT9w1zNFYWBMKSLtC2-A1ezFbl-FKerhCTTJPzNQqWBMUY9tC2aVbA7FoYGtDToQnSLwbgLMTYNhDNbInfBVDA7Fb22tDeMRPSjQKlLM0mPhoY9wcfaYDxatUYO3PSoRD0NwKyvhlwBF12TFCTuAneaFCE-worFh6rTwPz0QlWBQoYSInfapDQ7wUa-wo2Vh6m73nzTwlZBQKRjQk37pKE7wCpjtoxKQ1S63DqLQ2xahowLt6RzAKl7w6mftoxkMvqNwbYLhlp28c2CFcfuAKA7wvxbtoJqR1SCIoALwmRShom9I1f0Vo97QKSftop8RK3NQKfCQ2xzwc2SQCE7A6z0tUJ03cSrQoWNQ6puhlm4Rc2nRvE7ADRPw12aFKlMwDTutUr-R2lBwCNO3s37AoJutUxPRb0M8CxLtUeLQSz4MoRet6SzKnegwKG-IoJMh6fdtU0L82yuqqmFETz0WTa9K2QkKnpMJqpFEKE6qaV6WqA6rOVrrGWqrAVcWOqoWuqqHkqZJqEkqOQurOAqHO3nJsV6JkQmJqqlJA3T";if($_ts.lcd)$_ts.lcd();</script><script type="text/javascript" charset="utf-8" src="/cb4UuQtIG8gU/O3mmzGd2Kbfp.091bf33.js" r='m'></script></head>
<body>
</body>
</html>
<script type="text/javascript" r='m'>_$$X();</script>
<a href="/cb4UuQtIG8gU/eb8174c5/zUQIvDOr0svt/Ibk4MkrXUtsS/rXgkXv7tM8yk" style="display:none">eqSZv7ouBYyM</a>

2026-06-24 00:51:14.482 | SUCCESS  | 7088:6620 | __main__:iv8_env:565 - ----------------瑞数----------------
2026-06-24 00:51:14.839 | INFO     | 7088:6620 | __main__:iv8_env:622 - _publicKey: MIIBIjANBgkqhkiG9w0BAQEFAAOCAQ8AMIIBCgKCAQEArqeSZx...
2026-06-24 00:51:14.840 | INFO     | 7088:6620 | __main__:iv8_env:625 - fiKxeghI: aFRAhRStFNhi7griBZk8Qb4dKgXt2w...
2026-06-24 00:51:15.389 | INFO     | 7088:6620 | __main__:jy_shibie:896 - 语序点选坐标:[[6039, 3628], [4818, 6212], [8382, 4820]]
2026-06-24 00:51:15.614 | SUCCESS  | 7088:6620 | __main__:send:975 - 验证码识别成功！！
2026-06-24 00:51:15.930 | INFO     | 7088:6620 | __main__:unified_request:1088 - 代理412信息：当前 IP：36.251.98.73  来自于：中国 福建 福州  联通

2026-06-24 00:51:15.930 | SUCCESS  | 7088:6620 | __main__:iv8_env:565 - ----------------瑞数----------------
2026-06-24 00:51:16.190 | INFO     | 7088:6620 | __main__:iv8_env:622 - _publicKey: MIIBIjANBgkqhkiG9w0BAQEFAAOCAQ8AMIIBCgKCAQEArqeSZx...
2026-06-24 00:51:16.190 | INFO     | 7088:6620 | __main__:iv8_env:625 - fiKxeghI: aHC8M1nUyu6qO5VRnx8-Cp56rWUoSe...
2026-06-24 00:51:16.329 | INFO     | 7088:6620 | __main__:unified_request:1088 - 代理412信息：当前 IP：36.251.98.73  来自于：中国 福建 福州  联通

2026-06-24 00:51:16.329 | SUCCESS  | 7088:6620 | __main__:iv8_env:565 - ----------------瑞数----------------
2026-06-24 00:51:16.578 | INFO     | 7088:6620 | __main__:iv8_env:622 - _publicKey: MIIBIjANBgkqhkiG9w0BAQEFAAOCAQ8AMIIBCgKCAQEArqeSZx...
2026-06-24 00:51:16.578 | INFO     | 7088:6620 | __main__:iv8_env:625 - fiKxeghI: aEd0aWiDXoEp28kmJBjqGwkCunNpUf...
2026-06-24 00:51:17.807 | INFO     | 7088:6620 | __main__:unified_request:1088 - 代理412信息：当前 IP：36.251.98.73  来自于：中国 福建 福州  联通

2026-06-24 00:51:17.809 | SUCCESS  | 7088:6620 | __main__:iv8_env:565 - ----------------瑞数----------------
2026-06-24 00:51:18.107 | INFO     | 7088:6620 | __main__:iv8_env:622 - _publicKey: MIIBIjANBgkqhkiG9w0BAQEFAAOCAQ8AMIIBCgKCAQEArqeSZx...
2026-06-24 00:51:18.108 | INFO     | 7088:6620 | __main__:iv8_env:625 - fiKxeghI: a4x2Hp8wQ_eMUQhKgDRacVujEPgDAU...
2026-06-24 00:51:19.256 | INFO     | 7088:6620 | __main__:unified_request:1088 - 代理412信息：当前 IP：36.251.98.73  来自于：中国 福建 福州  联通

2026-06-24 00:51:19.256 | SUCCESS  | 7088:6620 | __main__:iv8_env:565 - ----------------瑞数----------------
2026-06-24 00:51:19.527 | INFO     | 7088:6620 | __main__:iv8_env:622 - _publicKey: MIIBIjANBgkqhkiG9w0BAQEFAAOCAQ8AMIIBCgKCAQEArqeSZx...
2026-06-24 00:51:19.528 | INFO     | 7088:6620 | __main__:iv8_env:625 - fiKxeghI: aCtiVCsdEP_KfhEFhrwdmJXrhyC1Vg...
2026-06-24 00:51:20.687 | INFO     | 7088:6620 | __main__:unified_request:1088 - 代理412信息：当前 IP：36.251.98.73  来自于：中国 福建 福州  联通

2026-06-24 00:51:20.687 | SUCCESS  | 7088:6620 | __main__:iv8_env:565 - ----------------瑞数----------------
2026-06-24 00:51:20.948 | INFO     | 7088:6620 | __main__:iv8_env:622 - _publicKey: MIIBIjANBgkqhkiG9w0BAQEFAAOCAQ8AMIIBCgKCAQEArqeSZx...
2026-06-24 00:51:20.948 | INFO     | 7088:6620 | __main__:iv8_env:625 - fiKxeghI: aIkZgCulXj9vf0B23Yc-Mcs_h-j1L8...
2026-06-24 00:51:22.111 | INFO     | 7088:6620 | __main__:unified_request:1088 - 代理412信息：当前 IP：36.251.98.73  来自于：中国 福建 福州  联通

2026-06-24 00:51:22.111 | SUCCESS  | 7088:6620 | __main__:iv8_env:565 - ----------------瑞数----------------
2026-06-24 00:51:22.382 | INFO     | 7088:6620 | __main__:iv8_env:622 - _publicKey: MIIBIjANBgkqhkiG9w0BAQEFAAOCAQ8AMIIBCgKCAQEArqeSZx...
2026-06-24 00:51:22.382 | INFO     | 7088:6620 | __main__:iv8_env:625 - fiKxeghI: aETrqABEro34_mirYyndm6MzG4QFxy...
2026-06-24 00:51:22.582 | INFO     | 7088:6620 | __main__:loginuser:1214 - loginuser登陆响应: status=200, len=41
2026-06-24 00:51:22.582 | SUCCESS  | 7088:6620 | __main__:loginuser:1225 - 登录成功: {"message":"","success":true,"value":"1"}
2026-06-24 00:51:22.774 | SUCCESS  | 7088:6620 | __main__:next_login:2690 - 账号 18050400868 登录完成
2026-06-24 00:51:22.774 | INFO     | 7088:6620 | __main__:main:2721 - 》》》》》》》》》》》》》》正在处理公司: 【914108006659708962】《《《《《《《《《《《《《《《
2026-06-24 00:51:22.774 | INFO     | 7088:6620 | __main__:detilinfo:2480 - ****************************************************************************************************
2026-06-24 00:51:22.813 | INFO     | 7088:6620 | __main__:jy_shibie:910 - >>>>>>>>>>>>>>>>>>>>>九宫格>>>>>>>>>>>>>>
2026-06-24 00:51:23.251 | INFO     | 7088:6620 | __main__:jy_shibie:920 - 九宫格识别到:钥匙---->图片位置:[[1, 1], [1, 2], [2, 2]]
2026-06-24 00:51:23.384 | SUCCESS  | 7088:6620 | __main__:send:975 - 验证码识别成功！！
2026-06-24 00:51:23.384 | SUCCESS  | 7088:6620 | __main__:iv8_env:565 - ----------------瑞数----------------
2026-06-24 00:51:23.680 | INFO     | 7088:6620 | __main__:iv8_env:622 - _publicKey: MIIBIjANBgkqhkiG9w0BAQEFAAOCAQ8AMIIBCgKCAQEArqeSZx...
2026-06-24 00:51:23.680 | INFO     | 7088:6620 | __main__:iv8_env:625 - fiKxeghI: aHdc3ogmadRxM_Eot9dx19vcFLCFB1...
2026-06-24 00:51:23.773 | INFO     | 7088:6620 | __main__:unified_request:1134 - unified_request请求失败，状态码:<Response [400]>,失败链接:https://shiming.gsxt.gov.cn/corp-query-search-1.html
2026-06-24 00:51:23.830 | INFO     | 7088:6620 | __main__:unified_request:1136 - 代理400信息：当前 IP：36.251.98.73  来自于：中国 福建 福州  联通

2026-06-24 00:51:28.873 | INFO     | 7088:6620 | __main__:jy_shibie:873 - >>>>>>>>>>>>>>>>>>>>>>文字点选>>>>>>>>>>>>>>
2026-06-24 00:51:29.045 | INFO     | 7088:6620 | __main__:jy_shibie:883 - 文字点选坐标:[[7392, 2982], [7557, 6958], [1056, 4274]]
2026-06-24 00:51:29.590 | SUCCESS  | 7088:6620 | __main__:send:975 - 验证码识别成功！！
2026-06-24 00:51:29.590 | SUCCESS  | 7088:6620 | __main__:iv8_env:565 - ----------------瑞数----------------
2026-06-24 00:51:29.835 | INFO     | 7088:6620 | __main__:iv8_env:622 - _publicKey: MIIBIjANBgkqhkiG9w0BAQEFAAOCAQ8AMIIBCgKCAQEArqeSZx...
2026-06-24 00:51:29.836 | INFO     | 7088:6620 | __main__:iv8_env:625 - fiKxeghI: aP-zMZMTLsJsZVobKjZGYTpLErggun...
2026-06-24 00:51:29.945 | INFO     | 7088:6620 | __main__:unified_request:1134 - unified_request请求失败，状态码:<Response [400]>,失败链接:https://shiming.gsxt.gov.cn/corp-query-search-1.html
2026-06-24 00:51:30.009 | INFO     | 7088:6620 | __main__:unified_request:1136 - 代理400信息：当前 IP：36.251.98.73  来自于：中国 福建 福州  联通

2026-06-24 00:51:32.588 | INFO     | 7088:6620 | __main__:close_mongo_connection:2631 - MongoDB连接已关闭
2026-06-24 00:55:18.444 | INFO     | 11624:3724 | __main__:next_login:2679 - 使用账号: 18050400868
2026-06-24 00:55:18.584 | INFO     | 11624:3724 | __main__:main_qe:650 - 加速乐第一次请求的状态码:<Response [521]>
2026-06-24 00:55:18.726 | INFO     | 11624:3724 | __main__:jsl:509 - 加速乐第二次请求的状态码:<Response [521]>
2026-06-24 00:55:18.808 | INFO     | 11624:3724 | __main__:resp_jsl:543 - 加速乐第三次请求得到瑞数返回的状态码:<Response [412]>
2026-06-24 00:55:19.324 | SUCCESS  | 11624:3724 | __main__:first_req:488 - <!DOCTYPE html PUBLIC "-//W3C//DTD XHTML 1.0 Transitional//EN" "http://www.w3.org/TR/xhtml1/DTD/xhtml1-transitional.dtd">
<html>
<head>
<meta http-equiv="Content-Type" content="text/html; charset=utf-8">
<meta id="9pRNs2oivtAo" content="DzLUrQlfzdfztXrmaDnLwmtOVzUgrOrCaOz5D58vFhrggXlwVAHVzpQG3Qf_uxXsHVLw9mwssBkfGcL0vtsXOO0KMewvwhqW6XkB9Z1D6-R7LruYsFtoMc2zahjGhbp2EjVJEyCEAwFHSI863r-94tjY_kvsRd3Ax86sQKkiQjRVId1BkGlcPA" r='m'><!--[if lt IE 9]><script r='m'>document.createElement("section")</script><![endif]--><script src="/1eeb27c_268ab095d.js"></script>
<script src="/ctct_bundle_c4152658.js"></script>
<script type="text/javascript" r='m'>$_ts=window['$_ts'];if(!$_ts)$_ts={};$_ts.nsd=86859;$_ts.cd="qt2Sr1qlEfLmEAVFqrWorpLolaQlDGVfckZxDGWFqrWBDGQsraAFr1gVkpVFqpWoqfLllaQmHaqFqfWklnZFq1gYrcadqrLlDGVFhuZqmPGKHaqKtrQdqrLDlaQshSLmEAVFqrWorsZqDGZKtclThf3lDfLDlaQkDGVFraEFqrWorsZqDG3FrSWBlaAXmaAMHaqFqrLrlnZdqrWoDGAshuZqDGEFqSWBDGqvJyZTJq3uWu8bkkDOZxWDJAfpNro1uErCTsIruJNQNJG1FZezAF_-1CNTgrJhwodItXu2uS9CeNEm-qWrtaKDWCdAA9Z0FsJeHdzj16SG3DeJNbrxw2RnQV40ilTOYsrfVdpFiu00YvpQeKmoHCm1wkuxR9SvRleGMjRG3OrAQ2RaTlAg3TqZJCHx3UJ-1KypwWyAi07CFbN5CbQnsCwfwnjziOmb3uA0tBwai6TuVK2GjlSc3TT1F1jziOmb3uA0tBwaiCl012e-ZY2XUm3TVPjziOmb3uA0tBwaiTSYpYRz5blaFCplMc-6Qk76YDJ0FegaM92fWD9d4VRUFOJ7QVuhMYxSH2JP35YFA9YlMTrq5uGyMCmU3uMVJCpBVbZNJtAn3bECJc2X4OfJQTq6s24VV9TzwbENJtAn3bECJc2X4OfaAKrGpKdn3KeAwbgNJtAn3bECJc2X4OGywmwxwkMnFvRapDGZQByJ32rPJKAZ6uWarqA6rOKiF6pawUAeW_96ikVSJsZSNuQ0JaW6HOUdRsWoJklTkjauJuqnHOQa-OVxWslnJstXJslnm3lNpqpjh1rwMC9UUCeVD59Um8YBDHoOsZgkbRgkrqlcqcI8bKnqQpFPACqzCAVrbZtkpxJrnORq4agVFcu3M4GHHanBWu3aHkWdWNancOVnHuVC-Oq6Jsa7VVHVW9laRlLTVdxJ3OTWYlmXTkRERKeuAo8z3UJNA205pZztYUm0WlmS5GWrWqA6rOWIWuw5tKRbR4mPMU3NRvwB7KxuF12bQKCS3KmBtKYbQhmfFKLNRKN07Km_JP29tCIZ31SvFbL-R5TuhDwCwczv4vV73DputCkSMnSGFbA-3HxG8cffFoWL5KyvtDrjFnOgMoAL3oePtHzB31fOFCAL5CeCtDJLF1O4MDyatKmLQhm9RD3N3De-7KpN3P2GI1OTM6qLMUw6tHY63nf7RDGLeDTbtDSNMPO0MUWLMowbtHpaMnfBRvVLeCxCR12zwCo_hCN03Pzzw4mNQCz-tCzzdne7FCE-FOkZhCT2w1zjMI9BMKTLtCNB_nezFCl-FbB-hCT0JPzjwt9BMUp9tCN05DA7FUYGtCvzQnSNwbg-FdeNhDzbInz-5bA7FC22tCBSRPS-QKl-F5zPhop9wcz0dbxatoYO31OzRD0LwKy9tiTBF1fTFCy6_1eaFbE-w6sah6r0wPz6wi9BQopSInz04bQ7woa-w665h6mz3nzCQiVBQKwjQkVL4CE7wbpjt6MZQ1SC3Dq-wBfahoRLt6YN_Cl7wvmft6MNMvqLwbY-tiy28cfCFcz6_CA7w6xbt6IjR1S6IoA-QHSShor9I1za5v97QDSft6k0RK3LQKfTwBfzwcfSQClL_Uz0toJ03nO-QoWLQ6patiz4RcfnRvlL_bRPwc2aFbKSwDTntUrL3B7BwCzO3sVL_vJutoxPRKbS8CxNtUe-w4m4Mowet6eNZ1egwDG-I6ISh6f5tU0-IBpuqqrFECqubYa9KTlkKck_FapMEKJrrjLaqOVurO3m-qWqrqVcWs1zWuqrHsldWFAkqO3urOQl2k3nJkV6JuiBJqqmJA3C";if($_ts.lcd)$_ts.lcd();</script><script type="text/javascript" charset="utf-8" src="/cb4UuQtIG8gU/O3mmzGd2Kbfp.091bf33.js" r='m'></script></head>
<body>
</body>
</html>
<script type="text/javascript" r='m'>_$bN();</script>
<a href="/cb4UuQtIG8gU/eb8174c5/NzcRy-q04ZEY/gw0Dn1IADn5P/U5XeZ_nbOIi3" style="display:none">5xXKJ0mv0cQU</a>

2026-06-24 00:55:19.325 | SUCCESS  | 11624:3724 | __main__:iv8_env:565 - ----------------瑞数----------------
2026-06-24 00:55:19.676 | INFO     | 11624:3724 | __main__:iv8_env:622 - _publicKey: MIIBIjANBgkqhkiG9w0BAQEFAAOCAQ8AMIIBCgKCAQEArqeSZx...
2026-06-24 00:55:19.676 | INFO     | 11624:3724 | __main__:iv8_env:625 - fiKxeghI: aR5t6qTRWJlhOu0KOnDJ5596KMqTDW...
2026-06-24 00:55:19.750 | INFO     | 11624:3724 | __main__:jy_shibie:910 - >>>>>>>>>>>>>>>>>>>>>九宫格>>>>>>>>>>>>>>
2026-06-24 00:55:21.376 | INFO     | 11624:3724 | __main__:jy_shibie:920 - 九宫格识别到:斧头---->图片位置:[[1, 2], [2, 1], [3, 1]]
2026-06-24 00:55:21.572 | SUCCESS  | 11624:3724 | __main__:send:975 - 验证码识别成功！！
2026-06-24 00:55:21.996 | INFO     | 11624:3724 | __main__:unified_request:1088 - 代理412信息：当前 IP：36.251.98.73  来自于：中国 福建 福州  联通

2026-06-24 00:55:21.996 | SUCCESS  | 11624:3724 | __main__:iv8_env:565 - ----------------瑞数----------------
2026-06-24 00:55:22.249 | INFO     | 11624:3724 | __main__:iv8_env:622 - _publicKey: MIIBIjANBgkqhkiG9w0BAQEFAAOCAQ8AMIIBCgKCAQEArqeSZx...
2026-06-24 00:55:22.249 | INFO     | 11624:3724 | __main__:iv8_env:625 - fiKxeghI: aguln5og97DmsA_8Q85rW-quC1dmB5...
2026-06-24 00:55:22.400 | INFO     | 11624:3724 | __main__:unified_request:1088 - 代理412信息：当前 IP：36.251.98.73  来自于：中国 福建 福州  联通

2026-06-24 00:55:22.400 | SUCCESS  | 11624:3724 | __main__:iv8_env:565 - ----------------瑞数----------------
2026-06-24 00:55:22.646 | INFO     | 11624:3724 | __main__:iv8_env:622 - _publicKey: MIIBIjANBgkqhkiG9w0BAQEFAAOCAQ8AMIIBCgKCAQEArqeSZx...
2026-06-24 00:55:22.647 | INFO     | 11624:3724 | __main__:iv8_env:625 - fiKxeghI: aRAai8ht-WUJ59jwpp1Ffl1KzR2bZ5...
2026-06-24 00:55:23.808 | INFO     | 11624:3724 | __main__:unified_request:1088 - 代理412信息：当前 IP：36.251.98.73  来自于：中国 福建 福州  联通

2026-06-24 00:55:23.808 | SUCCESS  | 11624:3724 | __main__:iv8_env:565 - ----------------瑞数----------------
2026-06-24 00:55:24.061 | INFO     | 11624:3724 | __main__:iv8_env:622 - _publicKey: MIIBIjANBgkqhkiG9w0BAQEFAAOCAQ8AMIIBCgKCAQEArqeSZx...
2026-06-24 00:55:24.062 | INFO     | 11624:3724 | __main__:iv8_env:625 - fiKxeghI: adaveJSS_NCOx7TpVAhTBtNqaae6fg...
2026-06-24 00:55:25.221 | INFO     | 11624:3724 | __main__:unified_request:1088 - 代理412信息：当前 IP：36.251.98.73  来自于：中国 福建 福州  联通

2026-06-24 00:55:25.222 | SUCCESS  | 11624:3724 | __main__:iv8_env:565 - ----------------瑞数----------------
2026-06-24 00:55:25.481 | INFO     | 11624:3724 | __main__:iv8_env:622 - _publicKey: MIIBIjANBgkqhkiG9w0BAQEFAAOCAQ8AMIIBCgKCAQEArqeSZx...
2026-06-24 00:55:25.481 | INFO     | 11624:3724 | __main__:iv8_env:625 - fiKxeghI: aRvr6DZnMnsE4QOQPBgb19Hg8eJtiI...
2026-06-24 00:55:26.644 | INFO     | 11624:3724 | __main__:unified_request:1088 - 代理412信息：当前 IP：36.251.98.73  来自于：中国 福建 福州  联通

2026-06-24 00:55:26.644 | SUCCESS  | 11624:3724 | __main__:iv8_env:565 - ----------------瑞数----------------
2026-06-24 00:55:26.892 | INFO     | 11624:3724 | __main__:iv8_env:622 - _publicKey: MIIBIjANBgkqhkiG9w0BAQEFAAOCAQ8AMIIBCgKCAQEArqeSZx...
2026-06-24 00:55:26.892 | INFO     | 11624:3724 | __main__:iv8_env:625 - fiKxeghI: akgQqec8--uR3rvhIfeXdZqwcBMdy_...
2026-06-24 00:55:28.075 | INFO     | 11624:3724 | __main__:unified_request:1088 - 代理412信息：当前 IP：36.251.98.73  来自于：中国 福建 福州  联通

2026-06-24 00:55:28.075 | SUCCESS  | 11624:3724 | __main__:iv8_env:565 - ----------------瑞数----------------
2026-06-24 00:55:28.334 | INFO     | 11624:3724 | __main__:iv8_env:622 - _publicKey: MIIBIjANBgkqhkiG9w0BAQEFAAOCAQ8AMIIBCgKCAQEArqeSZx...
2026-06-24 00:55:28.334 | INFO     | 11624:3724 | __main__:iv8_env:625 - fiKxeghI: azjzUOMt03kOYcRXfxAyVf3CCLvg7n...
2026-06-24 00:55:33.836 | INFO     | 11624:3724 | __main__:loginuser:1214 - loginuser登陆响应: {"message":"","success":true,"value":"1"}
2026-06-24 00:56:12.918 | SUCCESS  | 11624:3724 | __main__:loginuser:1225 - 登录成功: {"message":"","success":true,"value":"1"}
2026-06-24 01:01:18.967 | INFO     | 11624:3724 | __main__:close_mongo_connection:2631 - MongoDB连接已关闭
2026-06-24 01:10:17.835 | INFO     | 11384:7300 | __main__:next_login:2669 - 使用账号: 18050400868
2026-06-24 01:10:17.972 | INFO     | 11384:7300 | __main__:main_qe:650 - 加速乐第一次请求的状态码:<Response [521]>
2026-06-24 01:10:18.083 | INFO     | 11384:7300 | __main__:jsl:509 - 加速乐第二次请求的状态码:<Response [521]>
2026-06-24 01:10:18.148 | INFO     | 11384:7300 | __main__:resp_jsl:543 - 加速乐第三次请求得到瑞数返回的状态码:<Response [412]>
2026-06-24 01:10:18.625 | SUCCESS  | 11384:7300 | __main__:first_req:488 - <!DOCTYPE html PUBLIC "-//W3C//DTD XHTML 1.0 Transitional//EN" "http://www.w3.org/TR/xhtml1/DTD/xhtml1-transitional.dtd">
<html>
<head>
<meta http-equiv="Content-Type" content="text/html; charset=utf-8">
<meta id="9pRNs2oivtAo" content="0DhuB4fnbfgZtuUYkLyizrxn5RvbnFuf4iEm4-6GvL1TvkzqzVMfXuUWefgYILuD75QjJ4Jyhfznx5yS6AQaAcUw6wgSm-UJcphuxZHAHtv6GunxgN-0NiwdvFib21d3deNhLfNwN29wIs5itAOd8Oa8eo9AgQkcI8FskwpNKph3lJj_bFkeIa" r='m'><!--[if lt IE 9]><script r='m'>document.createElement("section")</script><![endif]--><script src="/1eeb27c_268ab095d.js"></script>
<script src="/ctct_bundle_c4152658.js"></script>
<script type="text/javascript" r='m'>$_ts=window['$_ts'];if(!$_ts)$_ts={};$_ts.nsd=77905;$_ts.cd="qxRSr1qlmOZqmPGVHaqKtrVFqclmDGQsraAxr1gVrr0dqrLkDGqshuZqcA3FrSWBDGEsraWFqpWoqG9DhfVlDuZqDGEFqSWBHaqxqpLDlnZdqrLlDGVshSLcHp3lokZqmPGUDGVsraEFquEEHaqFqpLDlnZFrrLmicglrr7dqrLDDGQshuZqDGVFlpWBHaqFqrLrlnZFhngnLkV0ruAuJSvoO9HYOeTBEiy78Tq5XoVTlPeoCdAdYmHVWq0eVyhF10g4EMxE08eS68RiVp01IGcsqaljqL3uFXecsuYXW60_SDNhIKwGM0PR3l26VUxS1Z7gsKx1WDmKnTL4HkJKwmvt3VQ5R2x0iIRbsDROsCr-bKrPWYwnYvU-pkfPYua6RBRfQCNiM2mSZYq41OmjFvB2Ruxi3Dm6hyE_WKw9JkABnoq4IoppFKKUslxPK2xNhyE_WKw9JkABnoq43kJtUC4iKKywVsY1hyE_WKw9JkABnoq4UYxmYbOm3srj30p7hZfaiuRs36pXgsrX1D3aFs-1p2w-JDSS1IpzVvqyVCxbC2NcplJBVlUlik2XR2wOW576RDyYMn9SbuxP3ul0tKBpilTnYuwiK5z1sKSS3P9SbuxP3ul0tKBpiorqRCrmF7TfMTmSMP9SbuxP3ul0tKBpik2TVl20WZTjwvmkFkS6aVTPVKVTRkvGWuqmquQDWhm-womnwk0C2OQgJk3THu13JuACrkQ5WWr2Wa3uWsVh9uW6WsV5JuKpJA9aJOETJylTWsW1G12riCLzEYNBFpxGMTAF4fwAfJgR9KLxRaFOLAWmraVqxZ952G7xl4lkzB4hvILUX4haLxEb881dSqNAZZZcOMCWcRqnisq6Wsg0LuEtJkVdJsipJu30inSas5ymQsSbWV2n4kYLwlTl3YHgWOROJTf8MNJERUQTJOeqy9RkwbYDYl60qalSquQDJPquJ6ZXRbRPObxzwnybwCji3vJLhbRSFEyf3KgXRKRTObmNFny2FvDi3UL6hbA-37JfhDRzFPzP0vW7Rvm0tChpw1Sf36W-RQyBhDmzRcz2uKrgtKRLQn6DMbQNRCN-hQw7wc2vICEzSDeftKp-Rc6lM63NRDfNhQp7MvlX3KfTObp9RnyGMC_iRD2OhbrehQNBQc2jw6QznvwOtKz9Fc6hMK3NFC2XhQzzQn2-wC3zn6rBtKfbw16E3vR9hbT6RWVBFvY2tCTnOb2uFba-FCOqhCSjR1zjJQWBMKpntCNLSPezMDZ-Fb-VhCTjRPzjMzABMUVStCNS2PezwKW-FvooRcSLQbq-MJxuhDfSMPzXaD97FbmdtC4mRcSjMbV-M7ybhDNC31zXTDE7wKJ0t6or3vqNQbJfhwx9M12nMbAz0beNtUx-MvhKh6r-R1z6QQZBQoYSt6wSTPeawURdt6opRnST8nz68WlBQKS9t6RTCPeSRbTaJ16A3PS63CL-QZJShowv3czuS6q7wCZ-wKuV31S6wbl-QeRXQc2SRK7z0KYgtUmLt6hVRcSCwK3-QzY2hoR4wczTa6l7QKJet6Um81SSFCl-wQz2RP2CFoYuSCT0tURu316K86ANwopOhwpaQn20woqzToz9tUYbQ16YRbxThvrj3Ey0MUWXQDfvSce6FbpfJ16YQ6WNwKx2MEy43bGXICznOvz7wvL-ICuih6fTMnzdQ7gB8oZXI1z4n6WqqY0OM0XbUcpvwqJ3xQfYrmLb3OAk2u3cJkqDJGcsqaqmqGESWREuWqqTWkgS2aWcJuADJaD-JOETWOQ6JNq0qqAnrO3";if($_ts.lcd)$_ts.lcd();</script><script type="text/javascript" charset="utf-8" src="/cb4UuQtIG8gU/O3mmzGd2Kbfp.091bf33.js" r='m'></script></head>
<body>
</body>
</html>
<script type="text/javascript" r='m'>_$ax();</script>
<a href="/cb4UuQtIG8gU/eb8174c5/siB7_7Fh-f0p/tuPPb9WclJ0w/lP0VzC8hgC5r" style="display:none">FA5VpTzdJlYm</a>

2026-06-24 01:10:18.625 | SUCCESS  | 11384:7300 | __main__:iv8_env:565 - ----------------瑞数----------------
2026-06-24 01:10:18.979 | INFO     | 11384:7300 | __main__:iv8_env:622 - _publicKey: MIIBIjANBgkqhkiG9w0BAQEFAAOCAQ8AMIIBCgKCAQEArqeSZx...
2026-06-24 01:10:18.979 | INFO     | 11384:7300 | __main__:iv8_env:625 - fiKxeghI: aZINwtT0RM5ec7mUQ-FWf3_2iQ9un1...
2026-06-24 01:10:19.054 | INFO     | 11384:7300 | __main__:jy_shibie:910 - >>>>>>>>>>>>>>>>>>>>>九宫格>>>>>>>>>>>>>>
2026-06-24 01:10:19.545 | INFO     | 11384:7300 | __main__:jy_shibie:920 - 九宫格识别到:桥---->图片位置:[[1, 2], [3, 1], [2, 1]]
2026-06-24 01:10:19.728 | SUCCESS  | 11384:7300 | __main__:send:975 - 验证码识别成功！！
2026-06-24 01:10:20.011 | INFO     | 11384:7300 | __main__:loginuser:1214 - loginuser登陆响应: {"message":"","success":true,"value":"1"}
2026-06-24 01:10:20.011 | SUCCESS  | 11384:7300 | __main__:loginuser:1224 - 登录成功: {"message":"","success":true,"value":"1"}
2026-06-24 01:10:20.011 | SUCCESS  | 11384:7300 | __main__:loginuser:1225 - 首页cookie已更新，登陆完成！
2026-06-24 01:10:20.011 | INFO     | 11384:7300 | __main__:loginuser:1226 - 登陆后cookie keys: ['__jsluid_s', '__jsl_clearance_s', 'CT_1rqu7ab01', 'CT_16eadf26c', 'CT_1f7ba0eb8', 'CT_1g9aa1ec2', 'CT_1e6tzab00', 'CT_1w0g8z10g', 'dUs8TeLcaHgjO', 'dUs8TeLcaHgjP', 'JSESSIONID', 'tlb_cookie']
2026-06-24 01:10:20.011 | SUCCESS  | 11384:7300 | __main__:next_login:2680 - 账号 18050400868 登录完成
2026-06-24 01:10:20.011 | INFO     | 11384:7300 | __main__:main:2711 - 》》》》》》》》》》》》》》正在处理公司: 【914108006659708962】《《《《《《《《《《《《《《《
2026-06-24 01:10:20.011 | INFO     | 11384:7300 | __main__:detilinfo:2470 - ****************************************************************************************************
2026-06-24 01:10:20.068 | INFO     | 11384:7300 | __main__:jy_shibie:910 - >>>>>>>>>>>>>>>>>>>>>九宫格>>>>>>>>>>>>>>
2026-06-24 01:10:20.524 | INFO     | 11384:7300 | __main__:jy_shibie:920 - 九宫格识别到:轮胎---->图片位置:[[1, 1], [2, 3], [3, 2]]
2026-06-24 01:10:20.681 | SUCCESS  | 11384:7300 | __main__:send:975 - 验证码识别成功！！
2026-06-24 01:10:20.681 | SUCCESS  | 11384:7300 | __main__:iv8_env:565 - ----------------瑞数----------------
2026-06-24 01:10:21.043 | INFO     | 11384:7300 | __main__:iv8_env:622 - _publicKey: MIIBIjANBgkqhkiG9w0BAQEFAAOCAQ8AMIIBCgKCAQEArqeSZx...
2026-06-24 01:10:21.044 | INFO     | 11384:7300 | __main__:iv8_env:625 - fiKxeghI: aP_2l5SukdCriXtXu6iVToi-sxGWA3...
2026-06-24 01:10:21.135 | INFO     | 11384:7300 | __main__:unified_request:1134 - unified_request请求失败，状态码:<Response [400]>,失败链接:https://shiming.gsxt.gov.cn/corp-query-search-1.html
2026-06-24 01:10:22.384 | INFO     | 11384:7300 | __main__:unified_request:1136 - 代理400信息：当前 IP：36.251.98.73  来自于：中国 福建 福州  联通

2026-06-24 01:10:27.761 | INFO     | 11384:7300 | __main__:jy_shibie:896 - 语序点选坐标:[[5016, 2186], [1485, 7653], [6567, 7007]]
2026-06-24 01:10:27.940 | SUCCESS  | 11384:7300 | __main__:send:975 - 验证码识别成功！！
2026-06-24 01:10:27.940 | SUCCESS  | 11384:7300 | __main__:iv8_env:565 - ----------------瑞数----------------
2026-06-24 01:10:28.193 | INFO     | 11384:7300 | __main__:iv8_env:622 - _publicKey: MIIBIjANBgkqhkiG9w0BAQEFAAOCAQ8AMIIBCgKCAQEArqeSZx...
2026-06-24 01:10:28.193 | INFO     | 11384:7300 | __main__:iv8_env:625 - fiKxeghI: agAR2QTiXmbmlu1v70W_2OPtB_Oetp...
2026-06-24 01:10:28.285 | INFO     | 11384:7300 | __main__:close_mongo_connection:2621 - MongoDB连接已关闭
2026-06-24 08:44:08.469 | INFO     | 18136:18204 | __main__:next_login:1661 - 使用账号: 18050400868
2026-06-24 08:44:08.553 | INFO     | 18136:18204 | __main__:main_qe:470 - 加速乐第一次请求的状态码:<Response [521]>
2026-06-24 08:44:08.656 | INFO     | 18136:18204 | __main__:jsl:326 - 加速乐第二次请求的状态码:<Response [521]>
2026-06-24 08:44:08.707 | INFO     | 18136:18204 | __main__:resp_jsl:360 - 加速乐第三次请求得到瑞数返回的状态码:<Response [412]>
2026-06-24 08:44:09.112 | SUCCESS  | 18136:18204 | __main__:first_req:305 - <!DOCTYPE html PUBLIC "-//W3C//DTD XHTML 1.0 Transitional//EN" "http://www.w3.org/TR/xhtml1/DTD/xhtml1-transitional.dtd">
<html>
<head>
<meta http-equiv="Content-Type" content="text/html; charset=utf-8">
<meta id="9pRNs2oivtAo" content="Dzo22hJvg0I3tCn0Gxr8cacLbXGWgcLdaiQRjHbLAf1SwmKm45S8gSgSkQsQ4GFq7uqvE3m5fIJBHgmnZMDOKnbT0SfCnSriK-dn1Ylq4XYvw9BMBcLFHrZBSkvBKei-1eUiVcYQMa1ZQDO3o6QKX1S40WfL0-RFpLVpwlsul9WeEJkNlhq19G" r='m'><!--[if lt IE 9]><script r='m'>document.createElement("section")</script><![endif]--><script src="/1eeb27c_268ab095d.js"></script>
<script src="/ctct_bundle_c4152658.js"></script>
<script type="text/javascript" r='m'>$_ts=window['$_ts'];if(!$_ts)$_ts={};$_ts.nsd=89891;$_ts.cd="qhzSrPqlmpLclaQkHaqKtrAdqr3LmpLqDGl-hfAlDrLolaQlHaqFrpLcqcZdqrLqDGlshSLDhfVlmA9klaQlDG3sraWdqrLlDGVqhSLchf3lxsZqDGVFqfWBhqqFqrLrlnZdqr3LmSLolSAlHaqKtrGFrrLmicgUrr0xqfWoqSLrlaQcHaqFrSLlqcZdqrLcDGWshSLqhfGlEnaqDGWFqrWBHaqFrfLolnZ7qrLmDGEshuZqDGqFqpWBDjWXWjqTJqQ0WuAwxihsKDwR7g4V4rUxVRrcPJ0oa3CwRzRDblIppzoWoEsn7FX6JgpyWWRBDilWyRlq9aWrtGtDWD-BA9ZTMOJ5i7pj16Tv3DSEbKrxwTmnQ9BhilTPVOrPY7zFiuauYvwRnbmoHbR1wuvCR9Sb30eOFy2G3OmUQ2YT_0Ag32QZJDMC3UJjsby1QImAi0LSFb24yKQnsbrfwc51iOmvRkA6hZfai6S0VKN220Sc32N1FP51iOmvRkA6hZfaiCqu12SXu22XUYlTV151iOmvRkA6hZfaiTT1pYYLSKlaFbJlMndEQk7CVCJ6MXlaM9fbWDL_09RUFup7Q9v0MYxaiYJfRzNFA9pkMTJmSkGyMbRU3kH-JCpXYKZjWR7n3bWSJcN-0sfJQ2Q6sYB-V9T7QKEjWR7n3bWSJcN-0sfaADwGpb-J3KepQKgjWR7n3bWSJcN-0sGywYrxwuHJFvRSACGdwZmJ32m2JKQygkWarAW6rscSF6pSQvA5JN36ikACJsa0bkQ0JGA6HskqRsWDWulCcyWuJulTHOAT9sVxWk3nJO8pJslulLljAszjh1mFMCL13DeVDXgUwoYsfQQHu5EmL_lkrAQmqnsTBdKMdjRYnsRWeSnRf0493dG12Irmxrx1X0AwR0eq2AbsiO96Js3ZJtWncOATHu3u2kEgWs771UoXJlYFWVTHJJprJkYxMVzHyomXUl3SAbHBKKSxVPNmsdNGW03TJbS1eqWrWAW6rs3GWuwdhbR23LyPMUQXRvpjObxuFcybQbPi3KmXhbY2w3yfFK7XRK2SObm_Jny9tDhk31SbMKLL3zxuhDRSwcfP0UV73KJutDUiMnSfMKALRQTG8c2bFoqzSbyvtKwjFc6oMoANR6efhQpB3129FCQzSDeCtKpLFP6lMDyShbm-w3y9RDQX3DSXObpN3nyGIP6tM6qNFvw0hQN63n2-RD7znCTbtKzNM16hMUWNF6w2hQzaMn2LRv3znDxCRcyzwDsmhCNTR1zXQLyNQCN7tCfLace7FbV-FsUkhCT9QPzNFW3BMKSBtC2jTcezFb3-FK4VhCTTW1zNQR3BMUYOtC2SSCA7FoxGtDu1QnSLQKgLM7rNhDNfInfXSKA7Fby2tD4iRPSjwblLMzpPhoYOwcfSaKxatUxO3P61RD0NQbyvhwxBF12nFCTnTPeaFCV-wooHh6rTQ1z0Qw3BQoYCInfS0KQ7wU7-woOrh6m7RczTwwLBQKRzQk3z0DE7wCJjtoHkQ1S6RCqLQZwahowBt6R7TDl7w6RftoHKMvqNQKYLhwm28c2SFcfnTDA7wvYbtohYR1SC86ALwQJShomOI1fTSU97QKzftoUhRK3NwbfCQZwzwc2CQCEzTvz0tUp03c6VQoWNwopuhwp4Rc2TRvEzTKRPw1yaFKciwDTuhvr-RZABwCN93s3zTUJutUYPRbni8CxLhveLQLy4MoR_t6S7uPegwKZ-Iohih6fdhv0L8ZzuqqmwEnrxN2a9EVAkKnU1FApFxbrbqy74qO0TrOVq9aWqrAEcWOD1WuqqiOgZixWkqOQ0rOArju3nJsE6JkFAJqqlWG3T";if($_ts.lcd)$_ts.lcd();</script><script type="text/javascript" charset="utf-8" src="/cb4UuQtIG8gU/O3mmzGd2Kbfp.091bf33.js" r='m'></script></head>
<body>
</body>
</html>
<script type="text/javascript" r='m'>_$_v();</script>
<a href="/cb4UuQtIG8gU/eb8174c5/F_o9LSapQ3nm/3fxJMJZnCIN8/dtr7KE2MpZZm" style="display:none">TKKDvzqLG6pl</a>

2026-06-24 08:44:09.112 | SUCCESS  | 18136:18204 | __main__:iv8_env:387 - ----------------瑞数----------------
2026-06-24 08:44:09.211 | WARNING  | 18136:18204 | __main__:main_qe:480 - 请求失败（尝试 1/10）: rs_response 里没有匹配到 r='m' 的 js
2026-06-24 08:44:09.226 | INFO     | 18136:18204 | __main__:main_qe:470 - 加速乐第一次请求的状态码:<Response [521]>
2026-06-24 08:44:09.341 | INFO     | 18136:18204 | __main__:jsl:326 - 加速乐第二次请求的状态码:<Response [521]>
2026-06-24 08:44:09.405 | INFO     | 18136:18204 | __main__:resp_jsl:360 - 加速乐第三次请求得到瑞数返回的状态码:<Response [412]>
2026-06-24 08:44:09.631 | SUCCESS  | 18136:18204 | __main__:first_req:305 - <!DOCTYPE html PUBLIC "-//W3C//DTD XHTML 1.0 Transitional//EN" "http://www.w3.org/TR/xhtml1/DTD/xhtml1-transitional.dtd">
<html>
<head>
<meta http-equiv="Content-Type" content="text/html; charset=utf-8">
<meta id="9pRNs2oivtAo" content="_dpUM2beX2IKEvrPiZVjJt1CqzdU2jzEzRe0U27wI8tTyyoIHOqYMZNzA9ul5JDuUG4XOZoe8XlsCKKcySrUg4ZmXg7XKl0pYALCQTJ8eQNlzULCJD5G7gKNTxGjXbfB1TOmfB9tS180yisCugU17S9iwY0Mq3TxPliOkzMiqbjouItP_6hVDA" r='m'><!--[if lt IE 9]><script r='m'>document.createElement("section")</script><![endif]--><script src="/1eeb27c_268ab095d.js"></script>
<script src="/ctct_bundle_c4152658.js"></script>
<script type="text/javascript" r='m'>$_ts=window['$_ts'];if(!$_ts)$_ts={};$_ts.nsd=79234;$_ts.cd="qEYSrcqlhsZqmPGVHaqKtrVFqPlEHaqFqrLSlnZFrnlEHaqFrpLclnZdWr3LmfLlDGVghfAlEkZqDOVFqfWBHaqFqrLrlnZFrrW6rsZqDGEFqSWBDGqXmAAYtGVsraEFqrWorsZqDG3FrnWBDGAXmGAYDGQsraAFqfW6quZqDGqFqpWBDG3JWN0TJa30WuIuu5Wt3-zSTlsi1bSiWBDenH4Qe7XqRx4QQqjfhuNNbFU2EqRMzo99BzGGqMFKSDQq-GWctatDWC-1A9a0MOJeiB2j1oSv3DeENDrtw2mnQVBCilyOVOrfYBRFik0uYvpReCmlHCR1wkvhR9ev30eGF_pG3srUQ2RTT9A43TQZJCMh3Ur-sbypQQSAil7SFbN4CDQSsCrfwn5BiOxbRkA0hdYaioT0VK22j9Sr3TN1F15BiOxbRkA0hdYaiDlu12eXZT2zUmlTVP5BiOxbRkA0hdYaimS1pYRL5DluFCJlMcdTQkG6VCJ0MzaaMV2bWD9_40RVFOp7QVvxMYmSiYJPRXwFAVYkMTrm5sG_MCRU3uHKJCwBYKZNWF3n3KESJc2-4kfiQTQ6s2BKV9yzQKENWF3n3KESJc2-4kfuAKwGpK-a3KSAQKgNWF3n3KESJc2-4kG_wmrxwkHaFvYaACGZwdSJ3Yr2JKAy6sWurqW6rO8WF6waQvAeJj76iuVCJsZ0NsQ6JaA6HOkeRsqoWulTc_guJkqTHOQT-uQtWs3nJs87JsEnlLlNAARjhPrFMC91UKeUD5gUFZlXT23DxBqDvNaqra3mqcITGBK3d_RYnORSeS53f04v3ZV12Bmmxrm1f9A8R9eq2GPXWuqaJsWSW_9cWGguWkZu-sVnHkQ6hD-yMOLnJUYOQdrW12R6H6Qu_UmSI2wEWVku1Tw-Rsp88hxHplSmF2Yp6DZkrs3DJacLGsWu8czb3HaB3b2atCRSecePwCZ-RvIChCm2F1z23i7B3KT7tCY74nefIOq-Rc6Z3blL3KfjhISuQnffwoAzdorTtDRbQn64MCZLRbf9hIz73oaX3CfT7CwX3nyPFbCuRbSahbxdRhJ2MCVX3KzP7CYBQPyfFD5uRKSjwPzfMX7BRDrGtCrNZce9MKA-3oXuFCe0hbe6QMJ-wCQXMbpX7CNz3PyXFKPuFbT6hby63hJjQD7XMKRu7C2PQbW-MUo_RceXQbq-F5aBFUwzF1zzeblBFDTGtCn-3PeN36Q-MHRvhC2-FPz7eoVBFKTOtCuaw1eNQOA-MiZ6hC2nRPz74CR9tDe63c6nQ6WLM6pXhIrfF1fzRoZzZDp9tDT-R16aMC3LMUJfhIrT3PfnRvAz4CrPwcy63C8uQCpNhvwX3-JuMC0XwCzL4oQBwDSGt6oBMPe0QvA-Q8e6h6pnQ6Zz46rvtox5t6ob3ceTFCl-Qiz4h6YfFoqu76mPtorbFP6z3vlLQDxGh8TbQcfaFPzuZvYftoru316zwCy0hvp2MMJaRUaXwDGz4oY9tomaRP67wDVLQUy0h8zPQ1fCRv0z_CpytoRX316-FbYPhvJLQ5TbMUqXQ6Jv76w4QcySwDKuwUr6hvm0w-JT8CqXQDR676pbRvE-QDu5h6pNwczaMB22h6Jz3Klu76puwnya3bHnh6zbMnzdM8aB8CfSInzyZbZBIoxjt6v7MneZ8czeh8YjQaADKcJS_GwQEoxLqT_43sVqU1JLVx00JaV0rO3q-GWkrqEcWsDBWuWrJsgTWj7kqs30rOQr2O3SJkE6JuFzJqWmWG3C";if($_ts.lcd)$_ts.lcd();</script><script type="text/javascript" charset="utf-8" src="/cb4UuQtIG8gU/O3mmzGd2Kbfp.091bf33.js" r='m'></script></head>
<body>
</body>
</html>
<script type="text/javascript" r='m'>_$_i();</script>
<a href="/cb4UuQtIG8gU/eb8174c5/o1EJkg1esBre/qWM1qX-xlH7z/4-X7ZO1hKK7Q" style="display:none">4eSwNH2d7AGk</a>

2026-06-24 08:44:09.632 | SUCCESS  | 18136:18204 | __main__:iv8_env:387 - ----------------瑞数----------------
2026-06-24 08:44:09.636 | WARNING  | 18136:18204 | __main__:main_qe:480 - 请求失败（尝试 2/10）: rs_response 里没有匹配到 r='m' 的 js
2026-06-24 08:44:09.649 | INFO     | 18136:18204 | __main__:main_qe:470 - 加速乐第一次请求的状态码:<Response [521]>
2026-06-24 08:44:09.751 | INFO     | 18136:18204 | __main__:jsl:326 - 加速乐第二次请求的状态码:<Response [521]>
2026-06-24 08:44:09.846 | INFO     | 18136:18204 | __main__:resp_jsl:360 - 加速乐第三次请求得到瑞数返回的状态码:<Response [412]>
2026-06-24 08:44:10.155 | SUCCESS  | 18136:18204 | __main__:first_req:305 - <!DOCTYPE html PUBLIC "-//W3C//DTD XHTML 1.0 Transitional//EN" "http://www.w3.org/TR/xhtml1/DTD/xhtml1-transitional.dtd">
<html>
<head>
<meta http-equiv="Content-Type" content="text/html; charset=utf-8">
<meta id="9pRNs2oivtAo" content="VwFLdKvtO0JUEdz3LTKqzK3Uk7jGUmCZPrGWCzxVRuwhd0cdcsEEpsxe8AB1znvMZQ_6aDIO5Wh59awZ0tZhInMN5f96edXfrkFRu5tadYEbR30tYCCupXEnsveamhAYzCiKW08zbogqaBjjg8KfYa02za8Khcv1bwK5Mz9Zk2rZsYxaM-KymA" r='m'><!--[if lt IE 9]><script r='m'>document.createElement("section")</script><![endif]--><script src="/1eeb27c_268ab095d.js"></script>
<script src="/ctct_bundle_c4152658.js"></script>
<script type="text/javascript" r='m'>$_ts=window['$_ts'];if(!$_ts)$_ts={};$_ts.nsd=94952;$_ts.cd="qtrSrcqlopLllaQmHaqFqfLklnZdqr3LmkZuDGqFqpWBqqVXmqAGHaqFJrLllnZdqrLcDGWshSLDluAkHaqFrrLmlnZFqPgYrk3NqnlEHaqFqpLDlnZFrpWoWsZqDGWFqrWBHaqFrfLolSaFr1lEHaqFqSLqlnZdqrLTmPGfJ1gKrrZFqfWoquZqtAqFqpWBDGQfckZqDGVFqPqBDGqFqsGXWNGTJaQ0WOssza7AvtWfcLRLLeodYYOyVH5qTyO_iRXwoH8CA9S-PkTeXgQIm8k3SrznkaLh289qjaWctGtoWD-UA9aTMOx5iBSj1oTv3KSELKrtwTmuQ9BuilyPVOmPYBJFikauY6wRZbmlHbRswuviR9eb30yOF_mG3smUQTYT00A432QeJDMi3Urjsbe1QQ2AilLSFC246KQSsbrGwc5jiOxvRkV6hdraioS0VDN2-0Sr32NsFP5jiOxvRkV6hdraiDqu1TSXe22zUYl0V15jiOxvRkV6hdraimT1pmYLdKluFbJmMndaQkGCVCx6Mz9aMVfbWKL__9RVFupzQ9vWMYmaiYxfRXxFAVpkM2JmdkG_MbRK3kHsJCwXYKgjWFWn3KWSJ1N-_sfiQ2QCsYBsV9y7QKWjWFWn3KWSJ1N-_sfuADwfpb-T3KSpQKZjWFWn3KWSJ1N-_sG_wYrEwuHTFvYSAC9dwd2J3Ym2JDQyCkWurAWCrscxF6wSQvV5Jjg6iuACJka0LkQ6JGACHskgRsqDWuqCc_7uJklTHuATjOQtWk3uJO8NJsEulLqjAAJjhPmFMbL1KDeUDXgKBIBTQcFiwc3mby9qrGQlqPsTfdK3djRVnsR0eS5Rf0d93Zq12Brmxpx1G0A8R0er2Ab-iOL6iuqCWR7ncsATHO3u-kE4WkEzR0MgFDEZR9JoAzeJwmSNw2JC_DR1smrtR6UCwVNKhCNO3_zLYTl6QDaujAWcWAWCrs33Wupdhbw23-RPMvQXR6pjzbxaFcyvQbPC3KxXhbp2wMRfFb7XRD2SzbmyJny2tDh431ebMK7L3XNuhCRSw1fP_UVB3KJntDUCMnefMKVLRIYG8n2bFUqzdby9tKw-Fc6dMoQNR6yfhISB3P29FbQzdDeTtKpNFP6ZMDTShbr-wMR9RCQX3KSXzbpj3nyfIP6nM6WNFvR0hIx63c2-RK7zZCT2tKzLM16uMUqNF6R2hIJaMc2LR63zZDxTRcy7wDsehC2TR1NXQ-RNQDN7tbfL5ceBFbVjFsU4hCy9QPNNFHgBMbSBtb2j4ceXFb3jFK47hCyTW1NNQFgBMvYOtb2SdCABFoxftDujQneLQKZLMBfNhCNfIPfXdKABFby9tD4CRPejwbqLMXSPh6YOw1fS5KxutUxP3P6jRDgNQbevh8NBFP2nFbTn4PeuFCVjwoo6h6JTQ1N0Q8gBQ6YCIPfS_KQBwU7jwoOyh6x7RcNTw8EBQbRzQs3z_DEBwCJ-toH4Q1e6RClLQdeah6wBtvR74DlBw6RGtoHXMvWNQKpLh8228n2SF1fn4DABwvYvtohzR1eC86VLwIzSh6mOIcfTdU9BQKzGtoUuRKVNwb2CQdezwn2CQbEz4vz6tUpT3c67QoqNwoYuh8S4Rn2TR6Ez4KRfw1ySFKcCwDyuhvm-RdaBwDN93k3z4UJatUYORbnC8CmLhvyLQ-R4M6R_tvS7ePe4wKZjIohCh6zdhvaL8dJuqamwEb2iv2avFK0cKnU4iGwFxbfTqjGaWAQ4WaVabuEkrAEDqs8jWuWTruZaitZSqaQaWqVSbGLCJuECJkDzWsAmqu3mWq";if($_ts.lcd)$_ts.lcd();</script><script type="text/javascript" charset="utf-8" src="/cb4UuQtIG8gU/O3mmzGd2Kbfp.091bf33.js" r='m'></script></head>
<body>
</body>
</html>
<script type="text/javascript" r='m'>_$dB();</script>
<a href="/cb4UuQtIG8gU/eb8174c5/T_85vESFhlYV/b42yxP5FWkGw/ZLI2u89iAuvG" style="display:none">wq2wy8qlL6nA</a>

2026-06-24 08:44:10.156 | SUCCESS  | 18136:18204 | __main__:iv8_env:387 - ----------------瑞数----------------
2026-06-24 08:44:10.170 | WARNING  | 18136:18204 | __main__:main_qe:480 - 请求失败（尝试 3/10）: rs_response 里没有匹配到 r='m' 的 js
2026-06-24 08:44:10.186 | INFO     | 18136:18204 | __main__:main_qe:470 - 加速乐第一次请求的状态码:<Response [521]>
2026-06-24 08:44:10.333 | INFO     | 18136:18204 | __main__:jsl:326 - 加速乐第二次请求的状态码:<Response [521]>
2026-06-24 08:44:10.396 | INFO     | 18136:18204 | __main__:resp_jsl:360 - 加速乐第三次请求得到瑞数返回的状态码:<Response [412]>
2026-06-24 08:44:10.733 | SUCCESS  | 18136:18204 | __main__:first_req:305 - <!DOCTYPE html PUBLIC "-//W3C//DTD XHTML 1.0 Transitional//EN" "http://www.w3.org/TR/xhtml1/DTD/xhtml1-transitional.dtd">
<html>
<head>
<meta http-equiv="Content-Type" content="text/html; charset=utf-8">
<meta id="9pRNs2oivtAo" content="Q0tFQUNEbDviXT6B7-E8j8Wq7_ndwD4Zm_e0IneAjgGUFdhOE3lH1xnadyJNcQDNK9Rl2L05Ut5dWku0VrfCl0siOUDt25LsY2OYU5IudSblSCagCrq9vDuxYepQqzzgs81FUx2Q41kr9oYaVCOZMl2wgjvmaaqLbF0KgsPcABT9whl68UzS7A" r='m'><!--[if lt IE 9]><script r='m'>document.createElement("section")</script><![endif]--><script src="/1eeb27c_268ab095d.js"></script>
<script src="/ctct_bundle_c4152658.js"></script>
<script type="text/javascript" r='m'>$_ts=window['$_ts'];if(!$_ts)$_ts={};$_ts.nsd=122167;$_ts.cd="qxySrcqlxuZqDGQFrrWBHaqFqfLklnZdqrLCDG3shSLlEAGdqrLcDGWsDrLrhfAlhOZqDGAFrpWBDOAfckZqDGlFrfWBHaqFrrLnlnZFqnlEHaqFqpLDlnZFWSLmicgYrr7dqr3LmOZqDOQFqpWBDGAsraVdqrLcmPGKJ1gKrcqdqrLoDGAshuZqhAEFqSWBDG3sraWdqrLlDGVshSLTh2Z0JsQoWuE0vvn09EEivIqqcXporsSg5WUJ-Rbb8oAx69x_jIq8x9obVxufmJezQ2raDdoCXUupMAQkqPLmfuqo80xWJK9nI2wAF9fe3Dm7xATG1vwKQ6EbUufi32VS3OzIKOGZJmw6JmyfpkyfV6wV3bRHRbpi3a3J3DlSVoJYDoeliCxAHsAh3bmaF92BVfS2VkftJbzNmvmvWVyv3opcrOLnRCWTJ0xQQkfZQTrjcqJWAKxwVCNcrOLnRCWTJ0xQQkfGJlzQqTNRMYTKJmmcrOLnRCWTJ0xQQkfwYVpYrYmfWCN9pKecUoqgJ2pPwaJTWDTE3smjY0RDYD7uMUE93DTpQky13AziK9mlpDystmqgibyfYbr8IuwvM2xXt2aHWbmOJOVjr9VgsvxAJ90CITxiMoROt2aHWbmOJOVjr9VgQ0rG3V3oKKm7VURBt2aHWbmOJOVjr9VgivYU1ow8KKNTQVpNHSNYsKmp3OpvYoAuWaVlJGYFxKz6QUYTH27cJu70WsAZKAa6Ju3kJOTwYDVarOAaJb3oWuASWOZ0Kq36cOqSWuRFrsVnWSKqtPnBFPgfUKyjIdpBYS-NmPavbIUApC16FmLTqq3qqaE9bcBTbH_fYW2MCHQIb3rHyqy7lNMaAPV1HnelobwEARY2ruWaWsEaJTZrqOEHJklZUGATWO0aJnZ3ID2pMcfjssypYkzvJUROhGJ6FsJ-QYgb8CfusC3TMsZq3DeSV6yrYY21qaASrupzq3luWvZjRATYhCxLwnN2om0B3vRLtbVFUnefRDgjRGTchCm7FnNbqV3B3UZ6tbwqYKxftKRNFVrYQ6WNRvY6AmYaw12fR6rqVbeBtKmNR0r1MDretKx-DrNvMbEN3C9qDbR7Q12OIq9FRKe9tKrLkSN2M6WN3D7cDbY7F6lj3GJchCpfRnNOrm9BRDSOtbWKDbzBw12XwraFF6wbtKevqSNjMKWNMCLmDbNzwP2Bwq0FFvrjtKS2ofNN3vJ9tbgQVCABM6YftqRmhC2CFbGLqmefhC2j31GrqbEBFDpCtqmIRneLMD7LqYTThCfj3PGrKUVBFoVTtqmDJneLwKQLqVRbRc2LwbJqK6JutKfTMVrR3K9NFbYZAm29Rc2jFbRqKKebtKNn39rRwKENwKw6AlRG3vVNwbqtDvJ9Fc2CMAZFQCe7tURLrVY6h6Y-31GQpbgBwUYTtrSDwneTwUxZAlRaRn2TInGQsCqBwDSGtrTc8ne0Rb2uUfNS3P26RC2qpDxStUwO30rlRvqNwC7Lo2zT3126QbxqpowXw12TRGqFQDYetUY-AlYTRc2CQKYqpUp2tURdw0rc3vlNQKw5Alx9812SMCxqAbN23n2nFSylRbTStUxacfN686lNQoQEDvYawP2awS7FwUzftUm2DfN0RbwTtvWrYne0FoWjQaJAR1enFbrPUfN0Q63NQKliKne4RCGjIqrmh6zNwvgLmmzBh6TTFnGVpKZBIUZjI9rWFvWmqY9GW0WoUcmzUGqulbNpqYLPRVG0JO3oJOVmUsQnqaVmrGmFrOWuJAW6J2goJsAmruAnMA3kcOq6JOpQrOASWGVoJD0o";if($_ts.lcd)$_ts.lcd();</script><script type="text/javascript" charset="utf-8" src="/cb4UuQtIG8gU/O3mmzGd2Kbfp.091bf33.js" r='m'></script></head>
<body>
</body>
</html>
<script type="text/javascript" r='m'>_$_l();</script>
<a href="/cb4UuQtIG8gU/eb8174c5/QnXbDO8CoCqr/uTMYlM8DiRlI/Q0EdCZRwwG-Y" style="display:none">JXSdmKc-X6-P</a>

2026-06-24 08:44:10.734 | SUCCESS  | 18136:18204 | __main__:iv8_env:387 - ----------------瑞数----------------
2026-06-24 08:44:10.772 | WARNING  | 18136:18204 | __main__:main_qe:480 - 请求失败（尝试 4/10）: rs_response 里没有匹配到 r='m' 的 js
2026-06-24 08:44:10.789 | INFO     | 18136:18204 | __main__:main_qe:470 - 加速乐第一次请求的状态码:<Response [521]>
2026-06-24 08:44:10.905 | INFO     | 18136:18204 | __main__:jsl:326 - 加速乐第二次请求的状态码:<Response [521]>
2026-06-24 08:44:10.972 | INFO     | 18136:18204 | __main__:resp_jsl:360 - 加速乐第三次请求得到瑞数返回的状态码:<Response [412]>
2026-06-24 08:44:11.202 | SUCCESS  | 18136:18204 | __main__:first_req:305 - <!DOCTYPE html PUBLIC "-//W3C//DTD XHTML 1.0 Transitional//EN" "http://www.w3.org/TR/xhtml1/DTD/xhtml1-transitional.dtd">
<html>
<head>
<meta http-equiv="Content-Type" content="text/html; charset=utf-8">
<meta id="9pRNs2oivtAo" content="1cRCh_xruq7i2umJjvjo_8IiRWJKuqztP9WFwChNa4KzrnjjHTWU7kcWSAoapIkU8c0tmEf4ucChR2B2cCdPMAHa0oMX34I4Kiz8T5pm09MVo-I0VGVncXjPJglNA8Ee1DOKCbS9U9Menw1DcdKwSeABgQ9S5Bcnmik44su9rwxFLUFnyxBZaq" r='m'><!--[if lt IE 9]><script r='m'>document.createElement("section")</script><![endif]--><script src="/1eeb27c_268ab095d.js"></script>
<script src="/ctct_bundle_c4152658.js"></script>
<script type="text/javascript" r='m'>$_ts=window['$_ts'];if(!$_ts)$_ts={};$_ts.nsd=107951;$_ts.cd="qtNSr1qltrLqlaQmHaqKtrAdqr3LmsZqmPGtHaqKtrQFrPlEHaqFrrLmknZqr1gVrcWdqrLrDG3shnWqDGAFrpWBHaqFqSLqlnZOqrLDDGQshSLlhfVlDrLrkaQcHaqFrSLllnZdqrLcDfZshSLqhf3lDuZqDGAFrpWuHaqFqSLqlnZdqrLDDGQsWSLlhfQlDuZqDGqFqpWBHSaFrSLllnZdqrLcDGWsKrLqhO1IJsAoWuW0Cgnpvl9pos97Its2TEBWKsgXKN0yl7BnhmWEtkZU_iKPS6q8sRwFn4Eie1Akb-NFrjakq1LmfOr70lxHJK9uIOu4F9ze3Dr7sjRG1UwKQvxJekfJ32Va32k0KO7ZJmR6UdYfpuyfVvQdnKRWRbpH3CCb3DESVoxYQepliDxAHkpGnKmuF92XVvIiVkztJbNNIwNvW9yv3UAN-sLSRCW0Jnv6QkzZQTmj3_fWAbxwVbLN-sLSRCW0Jnv6QkzGJlNQFHmRM2TKJYlN-sLSRCW0Jnv6QkzwYVYYMBNfWDN9pDZNe6q4J2pOwCO8WDyE3srjHiTDYC7uMoxHnCT1Qkys3Kk2K9xlpDesAd7giKyfYCqTTkw9M2xBtO89WbxOJOAjM8ggsUxAJ0TwTmxJMoRPtO89WbxOJOAjM8ggQlrG3lR7ZbmBVURXtO89WbxOJOAjM8ggiUYU1UQTZbNCQVpLH6o5sKxp3OYvHeZuWqVlJaVCObz0QUY0HOcNJuG0WsVZWjQ6Jk3kJu0CdCVurOASJGC7WuQSWOg0W_06csqSWO3S-OVSWSKrt9QlFP0fUKejmmeBYr-NmywDkqkIrui4qyj8qaVqqGW9ZgkTbd_fYQ9aQdQQb3riyDUolNUaAPA1YEploKwEAxVH-kLyJOQTJk1QWGL0WOZCJF7nikq0hoY1yYzJFbrLJsHK8UYIF9lCWderhVpdJlJS6TJOVoJKHmOFMvxktorYYtLkqsllJaVaouW6In2bRK1S3bT6tKR0MhmPQCGNRvxX7KmfMP22RUiS3K2-tKYNw4mf8OQNRcf9dDl7RbNjtDszQnSbwvALRiyThDm9QnfOZKZ73KN9tDHn3oGN3Kfatd2XRn2GFbG-5DS0tKrd31B4MClN3CzvtdzBwP2OFDL-5CSXQ12fF6iSRDpvtKr7Fhm9FKWN3og-eKeatKT6wcBTwCWNMDp-tdpzRP27FK0-eDTutKS6R1B0QDZNMCRCtdwPwbANMUpP5PejwKE-Mv1SFUJjFnzLMBZBMDNPtC9udcezRoV-FK4yhCT7FczNMi7BMKNftC2L_nezws3-FU8NhCTTRczNwdf9hDfT3cfj4UW7FoRXtDOdF1SjRvZLFHN9hDNNR1fLZK37FvmftDO-3PSTRoALwdyPQc2T3CE-4KpztUYXRnBzMC9NwKzzwi9BQDzPt6p6ZceawU3-woINh6rTQUZLw5yvhoYZt6p5dPeSMDW-wUH2h6mbFvqCt5ePhow9FPfTdol7wCrGtoUgQcS6FczCFXzfhowS31fT_KyatUR2FcBXRUGNwbGLwiz9hoRnRPf0_bV7wvS0toHZQ1SSRo0LQdNyhom731fueDYbtUmLwvUgMUANQUJPt524wc2uwDq-_6rutUJ0QnB-8CANQbRnt5Nb3vVNQD2b7UpzQn2aFCo4h6wj3ClCt5NuQn2n3bRj7UzPFc2dFo1S8CSCI1zZFBlB8oYLt6S0Z1egIn2eto60QaqrKPJNFy2QxD2-qT7OeT9lKPm6Wa17WsAlHA3TrjakqqVmqOE6-sWaquA6Wu_LWGqoJulmJy0tJsQTJuA6jOl6rAA6rs3";if($_ts.lcd)$_ts.lcd();</script><script type="text/javascript" charset="utf-8" src="/cb4UuQtIG8gU/O3mmzGd2Kbfp.091bf33.js" r='m'></script></head>
<body>
</body>
</html>
<script type="text/javascript" r='m'>_$nj();</script>
<a href="/cb4UuQtIG8gU/eb8174c5/vzUTTG4UrtER/2FUg2en0blgO/rWTjsgEUo9sS" style="display:none">zICG3NzCKotl</a>

2026-06-24 08:44:11.202 | SUCCESS  | 18136:18204 | __main__:iv8_env:387 - ----------------瑞数----------------
2026-06-24 08:44:11.213 | WARNING  | 18136:18204 | __main__:main_qe:480 - 请求失败（尝试 5/10）: rs_response 里没有匹配到 r='m' 的 js
2026-06-24 08:44:11.227 | INFO     | 18136:18204 | __main__:main_qe:470 - 加速乐第一次请求的状态码:<Response [521]>
2026-06-24 08:44:11.351 | INFO     | 18136:18204 | __main__:jsl:326 - 加速乐第二次请求的状态码:<Response [521]>
2026-06-24 08:44:11.430 | INFO     | 18136:18204 | __main__:resp_jsl:360 - 加速乐第三次请求得到瑞数返回的状态码:<Response [412]>
2026-06-24 08:44:11.694 | SUCCESS  | 18136:18204 | __main__:first_req:305 - <!DOCTYPE html PUBLIC "-//W3C//DTD XHTML 1.0 Transitional//EN" "http://www.w3.org/TR/xhtml1/DTD/xhtml1-transitional.dtd">
<html>
<head>
<meta http-equiv="Content-Type" content="text/html; charset=utf-8">
<meta id="9pRNs2oivtAo" content="3tT7Hh2cyIxwMMSt6ET_xny5S0_Gxwzrk1tzks_UVYBk_m_hSEbBy2l2gmu3myrA46FvaGiHxSPCd6IviwarAMUarTbyCzXxmQgrb0WsrNDmtaO8qjP50tYW2p8tWej6OipJThaoPPriIRgVlFeO61WzT0jyo_MsUjuqOoVAeoMxEpFWjrkmLG" r='m'><!--[if lt IE 9]><script r='m'>document.createElement("section")</script><![endif]--><script src="/1eeb27c_268ab095d.js"></script>
<script src="/ctct_bundle_c4152658.js"></script>
<script type="text/javascript" r='m'>$_ts=window['$_ts'];if(!$_ts)$_ts={};$_ts.nsd=122021;$_ts.cd="qtSSrcqloSLllaQmDGEfckZqDGqFqpWBDGA4raVdqrLcmPGfJ1gVrkEdtrLrDG3shuZqDGAFrpWBHnGFqSLqlnZdqrLDDGQshSLzEAVFqrWorsZqDG3KtclTrfVloOZqDGVFqfWBDGlsrnLdqrLoDGAshuZqDGEKtclwhf3lhuZqDGlFrfWBDGVshaEdqrLkDGqshuZqDG3Fru7BDGVfrpLqlaQmHaqFrf3qEsVXiFE0JqQuWuIkwAUfcxRHVDiULJv_XIfteBoiU_o5AV4DDyT17jrZf70cdAN3-DXh7fZS0TDVOXWh9AErtGKDWCozA0ZTFsJeWQR-16TG3DekbCmxwTRnQVkxiVTPYsrfUQ2Miua0Yvp1nDroHbm1wkh0R0SbRleG3xzf3OmAQ2R5_VVg32qZJC603oJj1Kyp8BJpi0LCFbNayC3nsbwfwn1Aiumv3uA0xWNSi6SuVK2X2VTc32T1F11Aiumv3uA0xWNSiCq012e2umfXUY3TVP1Aiumv3uA0xWNSiTTYpYROSCqaFbplMcstQs7CYDJ0R8WSM9ffWD9S0lwUFuJ7QVhCMmxaH2JPMwfMA9plMTriSO9yMbmU3uONJbpXVbZNiN9u3bWCJc2G0u2JQ2q6s2kNV0T7wbENiN9u3bWCJc2G0u2aADrGpKoH3DepwbgNiN9u3bWCJc2G0u9ywYwxwkOHF6RSpDGZIWJW32mPJKAngOEarAA6rOXuFvpSwUAeHRACikASJsZdbO30JGW6HOBcRkWDJklTqxlnJulnHOQ59k3xWklnJsnsJklum3lN1O2-h1mwMC9R3byVDX9U0rd-1hyojzaJjjEcrAqcqcI5BI1MdjmYnOTiefnRGl4vFHLs2IrcxrmRXVVwR0fq2Gtpiu9CJOV5H_lucOAnHuVg2OWgWkQ71C6130TfwvTGRz24p036pvEdZbSUQbRdsbIxYYV6s0fdFiYzQlSWIvelyAErWAA6rO0PWOwdtKRbF3SOMUQNRvwfODJuFc2bQKiW3DmXtKYbILSGFK7NRKN_ODr_Jn29tCvr3cSbFbL-FwrnhDRCwczN06A73KputC4WMPSfFbA-M7ef8c2fFoWbSDevtKrjFnMmMUAN3oePx7RX312OFCAbSbyCtKJLF1MDMKyStKmLILS2RDQN3De2ODYN3n2GI1MEMvqNMUw6x7fC3n27RDGbnKSbtKSNMPMxMoWNMowbx72SMn2BRvVbnbJCRc2zwCdohbNT3Pzz83SLQCN-tCzOaPy7FbE-FO4rhbT9w1zj3ZAXMKSLtCNfTPyzFbl-FbUKhbTTJPzj8NAXMUY9tCN_SKV7FoYGtCIAQPSLwbg-RQxLhDNbInz2SCV7Fb22tCUWRnSjQKl-RwROhoY9wcz_aCJatUYO31MARK0NwKy9xzrXF12TFCyyTcyaFCE-w6-JhvrTwPz68zAXQoYSInz_0C37wUa-w6Hkhvm73nzCIzGXQKRjQkVb0bW7wCpjt6OrQcS63Dq-8WYShowLt6YvTbq7w6mft6OVM6qNwbY-xzJ98c2CFczyTbV7wvxbt6vURcSCIoA-I7mahom9I1z5S6G7QKSft64xRD3NQKfT8WY7wc2SQClbToN0tUJ03nMKQUWNQ6paxzR_Rc2nRvlbTCwPw12aFbXWwKTutUrLMW3XwCNO3sVbT6xutUxPRK8W8bxLtUe-83S_MoRet6evucygwKG-I6vWhvfdtU0-QW2nqqmFECyRNm09K2WkKc4EsGpFEKqCcxQnqO0ZrO3h9AEqrAVcWsjAWOqkJkVTiNEuqqQ6WA3_Lq7TJuV6JujUWkQmrkQDia";if($_ts.lcd)$_ts.lcd();</script><script type="text/javascript" charset="utf-8" src="/cb4UuQtIG8gU/O3mmzGd2Kbfp.091bf33.js" r='m'></script></head>
<body>
</body>
</html>
<script type="text/javascript" r='m'>_$bX();</script>
<a href="/cb4UuQtIG8gU/eb8174c5/4mhBsp3HiX09/fsOPS58eFbQX/CY7MXjbYHpH2" style="display:none">kH2UHXKNhstd</a>

2026-06-24 08:44:11.694 | SUCCESS  | 18136:18204 | __main__:iv8_env:387 - ----------------瑞数----------------
2026-06-24 08:44:11.701 | WARNING  | 18136:18204 | __main__:main_qe:480 - 请求失败（尝试 6/10）: rs_response 里没有匹配到 r='m' 的 js
2026-06-24 08:44:11.721 | INFO     | 18136:18204 | __main__:main_qe:470 - 加速乐第一次请求的状态码:<Response [521]>
2026-06-24 08:44:11.846 | INFO     | 18136:18204 | __main__:jsl:326 - 加速乐第二次请求的状态码:<Response [521]>
2026-06-24 08:44:11.924 | INFO     | 18136:18204 | __main__:resp_jsl:360 - 加速乐第三次请求得到瑞数返回的状态码:<Response [412]>
2026-06-24 08:44:12.177 | SUCCESS  | 18136:18204 | __main__:first_req:305 - <!DOCTYPE html PUBLIC "-//W3C//DTD XHTML 1.0 Transitional//EN" "http://www.w3.org/TR/xhtml1/DTD/xhtml1-transitional.dtd">
<html>
<head>
<meta http-equiv="Content-Type" content="text/html; charset=utf-8">
<meta id="9pRNs2oivtAo" content="r1DvcaHUMYYX1q0P85a-jUwMSvue1pJDYEj9zCfM3eE7QK46Ao15urbZxQ45YwhvIVZuW9PMqVWik8lk-iK6IJhcFIcHktyOSSOBSjiDrYH7O7yz3OOdv0GZ_yc0MA-1-I_xw7-Ai_mfHk_V2wzA4wdziixhnhrOYFVAAhDEn3g4T7Y__ZGXXG" r='m'><!--[if lt IE 9]><script r='m'>document.createElement("section")</script><![endif]--><script src="/1eeb27c_268ab095d.js"></script>
<script src="/ctct_bundle_c4152658.js"></script>
<script type="text/javascript" r='m'>$_ts=window['$_ts'];if(!$_ts)$_ts={};$_ts.nsd=76355;$_ts.cd="qtNSr1qltrLqlaQmHaqKtrAdqr3LmsZqmPGEHaqKtrQFrPlEHaqFrrLmk1Zqr1gVrcWdqrLrDG3shnlqDGAFrpWBHaqFqSLqlnZfqrLDDGQshSLlhfVlDrLrkAQcHaqFrSLllnZdqrLcDf0shSLqhf3lDuZqDGAFrpWSHaqFqSLqlnZdqrLDDGQsWpLlhfQlDuZqDGqFqpWBHSgFrSLllnZdqrLcDGWsVpLqhO1IJsAoWuW0mw606lql7orDOVHdHPq15H8CwUnjeKjGXYQPJwQz68jlnDq6xggBV586VCpto4PFrjakq1LmfOr70lxHJK9uIOu4F9ze3Dr7sjRG1UwKQvxJekfJ32Va32k0KO7ZJmR6UdYfpuyfVvQdnKRWRbpH3CCb3DESVoxYQepliDxAHkpGnKmuF92XVvIiVkztJbNNIwNvW9yv3UAN-sLSRCW0Jnv6QkzZQTmj3_fWAbxwVbLN-sLSRCW0Jnv6QkzGJlNQFHmRM2TKJYlN-sLSRCW0Jnv6QkzwYVYYMBNfWDN9pDZNe6q4J2pOwCO8WDyE3srjHiTDYC7uMoxHnCT1Qkys3Kk2K9xlpDesAd7giKyfYCqTTkw9M2xBtO89WbxOJOAjM8ggsUxAJ0TwTmxJMoRPtO89WbxOJOAjM8ggQlrG3lR7ZbmBVURXtO89WbxOJOAjM8ggiUYU1UQTZbNCQVpLH6o5sKxp3OYvHeZuWqVlJaVCObz0QUY0HOcNJuG0WsVZWjQ6Jk3kJu0CdCVurOASJGC7WuQSWOg0W_06csqSWO3S-OVSWSKrt9QlFP0fUKejmmeBYr-Nm5Pt4RhUrYrXqyj8qaVqqGW9ZgkTbd_fYQ9aQdQQb3riyDUolNUaAPA1YEploKwEAxVH-kLyJOlnJO_QWGL0WOZCJF7nikq6hoxYdCpPtmmwRKhxMvmnwuwAHXeDR6VZsmRcTY2vVYJAYTIaJVzZQCrcwdakqsllJaVaouW6In2bRK1S3bT6tKR0MhmPQCGNRvxX7KmfMP22RUiS3K2-tKYNw4mf8OQNRcf9dDl7RbNjtDszQnSbwvALRiyThDm9QnfOZKZ73KN9tDHn3oGN3Kfatd2XRn2GFbG-5DS0tKrd31B4MClN3CzvtdzBwP2OFDL-5CSXQ12fF6iSRDpvtKr7Fhm9FKWN3og-eKeatKT6wcBTwCWNMDp-tdpzRP27FK0-eDTutKS6R1B0QDZNMCRCtdwPwbANMUpP5PejwKE-Mv1SFUJjFnzLMBZBMDNPtC9udcezRoV-FK4yhCT7FczNMi7BMKNftC2L_nezws3-FU8NhCTTRczNwdf9hDfT3cfj4UW7FoRXtDOdF1SjRvZLFHN9hDNNR1fLZK37FvmftDO-3PSTRoALwdyPQc2T3CE-4KpztUYXRnBzMC9NwKzzwi9BQDzPt6p6ZceawU3-woINh6rTQUZLw5yvhoYZt6p5dPeSMDW-wUH2h6mbFvqCt5ePhow9FPfTdol7wCrGtoUgQcS6FczCFXzfhowS31fT_KyatUR2FcBXRUGNwbGLwiz9hoRnRPf0_bV7wvS0toHZQ1SSRo0LQdNyhom731fueDYbtUmLwvUgMUANQUJPt524wc2uwDq-_6rutUJ0QnB-8CANQbRnt5Nb3vVNQD2b7UpzQn2aFCo4h6wj3ClCt5NuQn2n3bRj7UzPFc2dFo1S8CSCI1zZFBlB8oYLt6S0Z1egIn2eto60QaqrKPJb1R2QxDpfqT7OXY9lKPm31a1BiuQlWG3TrjakqqVmqOE6-sWaqkESJutLqaE6Wa30ryACWOVTJuAa-uAqrkVDJA";if($_ts.lcd)$_ts.lcd();</script><script type="text/javascript" charset="utf-8" src="/cb4UuQtIG8gU/O3mmzGd2Kbfp.091bf33.js" r='m'></script></head>
<body>
</body>
</html>
<script type="text/javascript" r='m'>_$fF();</script>
<a href="/cb4UuQtIG8gU/eb8174c5/pcVeHZezH-B_/-9up-jl41uBu/yIfBjJKTjF3N" style="display:none">GiRS31jKvb22</a>

2026-06-24 08:44:12.177 | SUCCESS  | 18136:18204 | __main__:iv8_env:387 - ----------------瑞数----------------
2026-06-24 08:44:12.184 | WARNING  | 18136:18204 | __main__:main_qe:480 - 请求失败（尝试 7/10）: rs_response 里没有匹配到 r='m' 的 js
2026-06-24 08:44:12.198 | INFO     | 18136:18204 | __main__:main_qe:470 - 加速乐第一次请求的状态码:<Response [521]>
2026-06-24 08:44:12.350 | INFO     | 18136:18204 | __main__:jsl:326 - 加速乐第二次请求的状态码:<Response [521]>
2026-06-24 08:44:12.412 | INFO     | 18136:18204 | __main__:resp_jsl:360 - 加速乐第三次请求得到瑞数返回的状态码:<Response [412]>
2026-06-24 08:44:12.669 | SUCCESS  | 18136:18204 | __main__:first_req:305 - <!DOCTYPE html PUBLIC "-//W3C//DTD XHTML 1.0 Transitional//EN" "http://www.w3.org/TR/xhtml1/DTD/xhtml1-transitional.dtd">
<html>
<head>
<meta http-equiv="Content-Type" content="text/html; charset=utf-8">
<meta id="9pRNs2oivtAo" content="ZdqK7kzeYh0oo5KB8t2yt8yv80B2iZ4HBLoD8leoW3ac-H0jQj9ci5eUxL6Im_YzsJ7XGG2MK3X37l-4zkKh5ZUZAN-LnzrZveOvmdU4v5mDKBqiHm0rV3Goyl0478z8qgSishGGt1zC8Ysol92e7EOhziBEorUxP6ArsYS3VVHCftVxxLLEIA" r='m'><!--[if lt IE 9]><script r='m'>document.createElement("section")</script><![endif]--><script src="/1eeb27c_268ab095d.js"></script>
<script src="/ctct_bundle_c4152658.js"></script>
<script type="text/javascript" r='m'>$_ts=window['$_ts'];if(!$_ts)$_ts={};$_ts.nsd=88920;$_ts.cd="qtSSrcqloSLllaQmDGEfckZqDGqFqpWBDGAtraVdqrLcmPGfJ1gVrkEdDpLrDG3shuZqDGAFrpWBHS9FqSLqlnZdqrLDDGQshSLQEAVFqrWorsZqDG3KtclTJSVloOZqDGVFqfWBDGlsrS7dqrLoDGAshuZqDGEKtcl7hf3lhuZqDGlFrfWBDGVsoGEdqrLkDGqshuZqDG3FraLBDGVfrpLqlaQmHaqFrf3SEsVXiFE0JqQuWuwqO_4gHOJnbP-e9VZBXK_QmeUoGdeQ-UBDixlq3zygUMw5VUgYO75JIGI8dX3OExqh9AErtGKDWCozA0ZTFsJeWQR-16TG3DekbCmxwTRnQVkxiVTPYsrfUQ2Miua0Yvp1nDroHbm1wkh0R0SbRleG3xzf3OmAQ2R5_VVg32qZJC603oJj1Kyp8BJpi0LCFbNayC3nsbwfwn1Aiumv3uA0xWNSi6SuVK2X2VTc32T1F11Aiumv3uA0xWNSiCq012e2umfXUY3TVP1Aiumv3uA0xWNSiTTYpYROSCqaFbplMcstQs7CYDJ0R8WSM9ffWD9S0lwUFuJ7QVhCMmxaH2JPMwfMA9plMTriSO9yMbmU3uONJbpXVbZNiN9u3bWCJc2G0u2JQ2q6s2kNV0T7wbENiN9u3bWCJc2G0u2aADrGpKoH3DepwbgNiN9u3bWCJc2G0u9ywYwxwkOHF6RSpDGZIWJW32mPJKAngOEarAA6rOXuFvpSwUAeHRACikASJsZdbO30JGW6HOBcRkWDJklTqxlnJulnHOQ59k3xWklnJsnsJklum3lN1O2-h1mwMC9R3byVDX9UNoLAI0Iw8yGJjjEcrAqcqcI5BI1MdjmYnOTiefnRGl4vFHLs2IrcxrmRXVVwR0fq2Gtpiu9CWkWnH_lucOAnHuVg2OWgWk37M2-uVbmnWlgdH7T_WbRDwnLd9kxtW9x23UHNMVp7R0ffAJqCWvSvRbNZ2aErWAA6rO0PWOwdtKRbF3SOMUQNRvwfODJuFc2bQKiW3DmXtKYbILSGFK7NRKN_ODr_Jn29tCvr3cSbFbL-FwrnhDRCwczN06A73KputC4WMPSfFbA-M7ef8c2fFoWbSDevtKrjFnMmMUAN3oePx7RX312OFCAbSbyCtKJLF1MDMKyStKmLILS2RDQN3De2ODYN3n2GI1MEMvqNMUw6x7fC3n27RDGbnKSbtKSNMPMxMoWNMowbx72SMn2BRvVbnbJCRc2zwCdohbNT3Pzz83SLQCN-tCzOaPy7FbE-FO4rhbT9w1zj3ZAXMKSLtCNfTPyzFbl-FbUKhbTTJPzj8NAXMUY9tCN_SKV7FoYGtCIAQPSLwbg-RQxLhDNbInz2SCV7Fb22tCUWRnSjQKl-RwROhoY9wcz_aCJatUYO31MARK0NwKy9xzrXF12TFCyyTcyaFCE-w6-JhvrTwPz68zAXQoYSInz_0C37wUa-w6Hkhvm73nzCIzGXQKRjQkVb0bW7wCpjt6OrQcS63Dq-8WYShowLt6YvTbq7w6mft6OVM6qNwbY-xzJ98c2CFczyTbV7wvxbt6vURcSCIoA-I7mahom9I1z5S6G7QKSft64xRD3NQKfT8WY7wc2SQClbToN0tUJ03nMKQUWNQ6paxzR_Rc2nRvlbTCwPw12aFbXWwKTutUrLMW3XwCNO3sVbT6xutUxPRK8W8bxLtUe-83S_MoRet6evucygwKG-I6vWhvfdtU0-QW2nqqmFECTsNm09MlQkKc4hKqpFE1JGcRlTWqQZHG34LsWqrAVoqOnAWOqTqkZdWyEnqqQ6WA3_Lq7TJuV6JujUWkQmrkQDia";if($_ts.lcd)$_ts.lcd();</script><script type="text/javascript" charset="utf-8" src="/cb4UuQtIG8gU/O3mmzGd2Kbfp.091bf33.js" r='m'></script></head>
<body>
</body>
</html>
<script type="text/javascript" r='m'>_$iD();</script>
<a href="/cb4UuQtIG8gU/eb8174c5/bLSXulH1eXRk/Nb1tIXENXA_W/8Xg-eNe0P7aD" style="display:none">iML_MTsD61qx</a>

2026-06-24 08:44:12.669 | SUCCESS  | 18136:18204 | __main__:iv8_env:387 - ----------------瑞数----------------
2026-06-24 08:44:12.675 | WARNING  | 18136:18204 | __main__:main_qe:480 - 请求失败（尝试 8/10）: rs_response 里没有匹配到 r='m' 的 js
2026-06-24 08:44:12.695 | INFO     | 18136:18204 | __main__:main_qe:470 - 加速乐第一次请求的状态码:<Response [521]>
2026-06-24 08:44:12.810 | INFO     | 18136:18204 | __main__:jsl:326 - 加速乐第二次请求的状态码:<Response [521]>
2026-06-24 08:44:12.933 | INFO     | 18136:18204 | __main__:resp_jsl:360 - 加速乐第三次请求得到瑞数返回的状态码:<Response [412]>
2026-06-24 08:44:13.236 | SUCCESS  | 18136:18204 | __main__:first_req:305 - <!DOCTYPE html PUBLIC "-//W3C//DTD XHTML 1.0 Transitional//EN" "http://www.w3.org/TR/xhtml1/DTD/xhtml1-transitional.dtd">
<html>
<head>
<meta http-equiv="Content-Type" content="text/html; charset=utf-8">
<meta id="9pRNs2oivtAo" content="husNePpNVhdC3YkaRr4BpdBubjECymjrd0-81unseD_1RtAAHryMBk5QJy6VURCwjfc4ifRDk40-bn0qG1XjjKwyQgba73OsPhQ7e5RnCxeVwVxvQZW08dy7HXGC5F7pjyDk_--cQOgR14lyN5xA50CQhlUFQF84RwrRhUALEzQYgypAnzWJ-A" r='m'><!--[if lt IE 9]><script r='m'>document.createElement("section")</script><![endif]--><script src="/1eeb27c_268ab095d.js"></script>
<script src="/ctct_bundle_c4152658.js"></script>
<script type="text/javascript" r='m'>$_ts=window['$_ts'];if(!$_ts)$_ts={};$_ts.nsd=106283;$_ts.cd="qhNSr1qlJfLqlaQmDG3fckZqDGAFrpWBHaqcqSLqlnZdqrLDDGQshSLmiAGdqrLkDGqshuZqDG3Ktk9ThfAlDuZqDGVFqfWBDGlhraEdqr3LmsZqDG3KtclTJfVlEuZqDGVFqfWBHaqFqqErlnZdqrLoDGAshuZqDGEcqSWBDGqXmGAFDGqsraVdDrLmDGEshuZqmPGUDGVsrSLqr1gUrr7dqrLDDGQshuZ3DGVFqfWBHaqFqrL-lnZFrPgnbuV0ruAuJDBgr8ztrKdVb0zGxv8kXWrlKpcOVkDz0LodyTt5muCEB3C-dZJfopbsFxyNsCLfeqcLqaljqL3aFzpcsuYXW6g_dCNhIKwGMlPP3l26VUxn1dqgsKx1WDxKZmL4HkJKwTvS3VQ5R2x6iQTbsDROsCJ-LbrPWYwnYUUApkfPYua0R7TfQCNiM2xSn2q41OmjFUB8Ruxi3Dm0h_9_WKw9JkQBZ6q4IoppFbK7slxPK2xjh_9_WKw9JkQBZ6q43kJtUD4TKKywVsYph_9_WKw9JkQBZ6q4UYxmYKO53srj30pBhdJaiuRs36wXCOrX1D3aFO-Np2w-JDSn1QezVvqyVCmbgYNcplJBV0Udik2XR2wGWeq6RDyYMnLSLkxP3ul0tbBjilTnYuwJKer1sKSS3PLSLkxP3ul0tbBjiorqRCrDFBRfMTmSMPLSLkxP3ul0tbBjik2TVl26WdRjwvmkFke659TPVKVTRuvMWuqmquQmJgN-womnwkgC-sQgJk3THk1OJuACrkQeWHz2Wa3uWs3hjkW6WsV5JkKNJa9aJOECJ_LTWsW1G1NrqDLzEYNBFfxMMTAF4fI6ITGlqRVHKGK3bGWmraVkxHKleRB5N2UxJvI6oxbosXpOaStYZlV9l2tqprTvs0cYctGuWul_Ju30jGESkuWaHki-JsleJuABAeY1p93nWUwGZbSfYPZSQktX39wU82TZ352_JVZ4M2p0TYmVWVSL32sKJqqlJG30qt_rWkxgtCYG5PefFoq-RUonhCmCMnz2wdqB3bpNtCRG41ePMDa-RbuNhCxdWczvhINP3P2fFD9z5vJatKm0wn6_Qo3NRbRahITBMc2bFDQzdKSOI1yOF6KTRCTPhbxNMMYbM6lX3vS9zKY7RcyfFDtTRKSuhbm-M4Y2MCzCtCxX41ev3Kq-3CvChCw7RczO84Y-MoVXM6pSzKz0RPyXRC_TFbyOhbyjFhYjMv3XMvpGzKNuFPyzRUiTFKmu3nzXQIS9hDen3cf-_PejwbTNtD6a31SNMKqLMtTPhDfOwnf7ZDQ7FDzjtDunw1SLMKWLMHRThDfnJcf7_sQ7FoxbtDuNRbQNM6wOhIpuQc2BwD0zebmjtKT9Ic6CRDQNMKzbhIRBR12zQCEzevYftUxbwn6N3DmThvwGR4YuRCGXwCTPzUJ7Mcy6FDOjwnSTMDqLQ82XhoYnwcfS_UQ7wUxuIc6NQDANQvgLQ8rGhop-31fa4U77wDmLQuiTQKlNQDRNh8zPQP2a3bWz_CRutUrjtoH0wKENQoJPh8z6MUVXwDRzzUrbI1y0Fn6jwKQNQUr2h8N0RP2SIvQz4KxntURbIP6zRoLNwbyPh8TjRbWXQCzu_CRXQ1yuQD8Tw6fShvm6RMYTQ63XQUwCzUYg31yaRU8TwDYvQPzuMHGBwCf0t6JXdCV7QbTf3OiTworChvrf3dAB8DwBt6Sz_PegFUmdtov0MnSeQbLL88NBhoTgt6gzgCNarAR3ED-8rTZfMV0qU-0vQGmwECJSbOESJAqCHqcLqOlmqGQlrtZuWkVnqsVS-ulgJGEmJO83WaqWJuV0WF9uJuQTraVSbkE";if($_ts.lcd)$_ts.lcd();</script><script type="text/javascript" charset="utf-8" src="/cb4UuQtIG8gU/O3mmzGd2Kbfp.091bf33.js" r='m'></script></head>
<body>
</body>
</html>
<script type="text/javascript" r='m'>_$$L();</script>
<a href="/cb4UuQtIG8gU/eb8174c5/pyuaT1t_mrVy/Tpa_R1bUE4Dn/dd_mBneCf8Sq" style="display:none">y4fG1akeieVI</a>

2026-06-24 08:44:13.237 | SUCCESS  | 18136:18204 | __main__:iv8_env:387 - ----------------瑞数----------------
2026-06-24 08:44:13.240 | WARNING  | 18136:18204 | __main__:main_qe:480 - 请求失败（尝试 9/10）: rs_response 里没有匹配到 r='m' 的 js
2026-06-24 08:44:13.254 | INFO     | 18136:18204 | __main__:main_qe:470 - 加速乐第一次请求的状态码:<Response [521]>
2026-06-24 08:44:13.379 | INFO     | 18136:18204 | __main__:jsl:326 - 加速乐第二次请求的状态码:<Response [521]>
2026-06-24 08:44:13.443 | INFO     | 18136:18204 | __main__:resp_jsl:360 - 加速乐第三次请求得到瑞数返回的状态码:<Response [412]>
2026-06-24 08:44:13.808 | SUCCESS  | 18136:18204 | __main__:first_req:305 - <!DOCTYPE html PUBLIC "-//W3C//DTD XHTML 1.0 Transitional//EN" "http://www.w3.org/TR/xhtml1/DTD/xhtml1-transitional.dtd">
<html>
<head>
<meta http-equiv="Content-Type" content="text/html; charset=utf-8">
<meta id="9pRNs2oivtAo" content="c-yZEUVRXwNohng1Zrso8uOLqB7s-1zpgZUarEM6HfDthc-A0HAr34StWPYRNlcWN6898sRXres1C5O2H-VRRP2CYKPhb9EHM77jDpu5ZH4qahBdhf-r0i4PmajlGTeSUgHajdig_QzJF8wM54HlgjBt6vt-RNtWroLoFm9DNvIfldHcCDs0-A" r='m'><!--[if lt IE 9]><script r='m'>document.createElement("section")</script><![endif]--><script src="/1eeb27c_268ab095d.js"></script>
<script src="/ctct_bundle_c4152658.js"></script>
<script type="text/javascript" r='m'>$_ts=window['$_ts'];if(!$_ts)$_ts={};$_ts.nsd=128553;$_ts.cd="qWmSr1qlxpLkEAGdqrLrDG3shuZqDGAFrpWTHaqFqSLqlnZdqrLDmPGfhngVrc3FrrWorsZqDGVFqG9BDGqfrpLolaQlHaqFrpL3lnZFqpWoqGqmhfVlWrLqcAQmHaqFqSLqlnZFrPlEHSLFrrLmlnZdqrLkDGqshSLQEAGdqrLlDGVshaqmhf3lqOZqDGQFrrWBDGWsraAdqqaLmSLqDGlghfQlopLllaQIHaqFqfLklnZdqrLrDG3shSLmlaQcD9ZXJxGTJqQ0WOp4_d2JQnRq0lLmas42JarsDu27TQq6fjj6tyzZe_hcnrCMJUQZMS0zaxp01mc9FuqDjaWrtGtoWDuUA9ZTMOx5HHSj16Tv3KSiLKrxwTmuQ96uilTPVOmPVHJFiuauY6wIZbmoHbRswudiR9Sb30yOMFmG3OmUQTYu00Ag32QeJDki3UJjsbe1wZ2Ai0LSFC2e6KQnsbrGwcbjiOmvRkV6tIrai6S0VDNO-0Sc32NsFPbjiOmvRkV6tIraiCqu1TSLe22XUYl0V1bjiOmvRkV6tIraiTT1pmYXdKlaFbJmMnvaQk7CVCx6FJ9aM9fbWKLZ_9RUFupzQ9dWMYxaiYxf3ixFA9pkM2JkdkGyMbRK3kUsJCpXYKgjJ_Wn3bWSJ1Nz_sfJQ2QCsY6sV9T7QKWjJ_Wn3bWSJ1Nz_sfaADwfpbuT3KepQKZjJ_Wn3bWSJ1Nz_sGywYrEwuUTFvRSAC9dQI2J32m2JDQdCkWarAWCrsFxF6pSQvV5Wtg6ikACJkanLkQ0JGACHsMgRsWDWuqCkF7uJulTHuAujOQxWk3uJODNJslulLqjpaJjh1mFMbLVKDeVDXgKzNckZcQgEogkvR9krAQlqPsufdKMdjRVnsr0eSnRf0d9RQq12IrmxpxVG0AwR0er2A5-iO9CiOAnJy7ncOATHO3T-kEgWk3zsskUWmmbQDzwFWY4pDNEQby-CURVW6rXVC4yUleW8bzuVeWXKOwjtur1uqWrWAWCrsq3Wuwdhbw2RhRPMUQXR6p7zbxuFcyvQb_C3KmXhbp2Q4RfFK7XRD26zbm_Jny2tDs431SbMK7LRiNuhDRSw1f9_UV73KJntDHCMnSfMKVL3dYG8c2bFUq-dbyvtKw-FcBdMoANR6yftdSB3129FbQ-dDeCtKpNFPBZMDyShbr-Q4R9RDQX3KSLzbpN3nyfIPBnM6qNFvR0tdx63n2-RK7-ZCTbtKzLM1BuMUWNF6R2tdJaMn2LR63-ZDxCRcy7wDhehCNTR1NXwhRNQCN7tbfX5ce7FbVjFsH4hCT9QPNNMBgBMKSBtb274cezFb3jFKO7hCTTW1NNw_gBMUYOtb26dCA7FoxftD-jQnSLQKZLFHfNhDNfIPfLdKA7Fby9tDOCRPSjwbqLFiSPhoYOw1f65KxatUxP3PBjRD0NQbevt5NBF12nFbT04PeaFCVjwoI6h6rTQ1N0w5gBQoYCIPf6_KQ7wU7jwo4yh6m7RcNTQ5EBQKRzQs3-_DE7wCJ-toU4Q1S6RClLwIeahowBtvRj4Dl7w6RGtoUXMvqNQKpLt5228c2SF1f04DA7wvYvtoszR1SC86VLQdzShomOIcfudU97QKzGtoHuRK3Nwb2CwIezwc2CQbE-4vz0tUpT3cB7QoWNwoYut5S4Rc2TR6E-4KRPw1ySFKFCwDTuhvm-3IaBwCN93k3-4UJutUYORbjC8CxLhvyLwhR4MoR_tvSjePegwKZjIosCh6fdhvaLIIJuqqmwEb2Nv2a9EY3cKnHuxapFxvRirF9Tqs0kJaVCbGWqrAQaJk8jWa30WkgSWj9kqOQ0ruAo9u3nJsECJkcLJqqlWGQT";if($_ts.lcd)$_ts.lcd();</script><script type="text/javascript" charset="utf-8" src="/cb4UuQtIG8gU/O3mmzGd2Kbfp.091bf33.js" r='m'></script></head>
<body>
</body>
</html>
<script type="text/javascript" r='m'>_$gf();</script>
<a href="/cb4UuQtIG8gU/eb8174c5/JOwMB2pppAIL/UBLHbSCED8JG/PAi263EXeBYg" style="display:none">v9W7wU2O0k86</a>

2026-06-24 08:44:13.808 | SUCCESS  | 18136:18204 | __main__:iv8_env:387 - ----------------瑞数----------------
2026-06-24 08:44:13.816 | WARNING  | 18136:18204 | __main__:main_qe:480 - 请求失败（尝试 10/10）: rs_response 里没有匹配到 r='m' 的 js
2026-06-24 08:44:13.816 | INFO     | 18136:18204 | __main__:next_login:1679 - main_qe pass盾异常:rs_response 里没有匹配到 r='m' 的 js
2026-06-24 08:44:13.817 | INFO     | 18136:18204 | __main__:main:1702 - 主流程异常: 访问首页异常！！
2026-06-24 08:44:13.817 | INFO     | 18136:18204 | __main__:close_mongo_connection:1651 - MongoDB连接已关闭
2026-06-24 08:45:15.771 | INFO     | 3044:7128 | __main__:next_login:1661 - 使用账号: 18050400868
2026-06-24 08:45:15.871 | INFO     | 3044:7128 | __main__:main_qe:470 - 加速乐第一次请求的状态码:<Response [521]>
2026-06-24 08:45:15.991 | INFO     | 3044:7128 | __main__:jsl:326 - 加速乐第二次请求的状态码:<Response [521]>
2026-06-24 08:45:16.050 | INFO     | 3044:7128 | __main__:resp_jsl:360 - 加速乐第三次请求得到瑞数返回的状态码:<Response [412]>
2026-06-24 08:45:16.470 | SUCCESS  | 3044:7128 | __main__:first_req:305 - <!DOCTYPE html PUBLIC "-//W3C//DTD XHTML 1.0 Transitional//EN" "http://www.w3.org/TR/xhtml1/DTD/xhtml1-transitional.dtd">
<html>
<head>
<meta http-equiv="Content-Type" content="text/html; charset=utf-8">
<meta id="9pRNs2oivtAo" content="UUeODKMPbQFRedO4QXCy33P8Df-rgawHUjLBB1njO5INVty8TQNpLAe296IoddSgz5SluAIMhTMrfOY6Q1kZhhjacdhRMboftaIvWxmmAqmaYATsB14uu1T2jP3BTcjVAQGLS2Aru8HKtMMywyOuc9B5FcFugWaZT1mi-Wa82ieWPNvpbxgVrG" r='m'><!--[if lt IE 9]><script r='m'>document.createElement("section")</script><![endif]--><script src="/1eeb27c_268ab095d.js"></script>
<script src="/ctct_bundle_c4152658.js"></script>
<script type="text/javascript" r='m'>$_ts=window['$_ts'];if(!$_ts)$_ts={};$_ts.nsd=124438;$_ts.cd="qxzSrcqlEsZqmPGVDGEfrpLrlaQcHaqFrSLtlnZdqrLcDGWshSLrhfAlhOZqDGlFrfWBHaqFrrLmlnldqrLkDGqshSLolaQlDGAGmAAOHaqFrrLmlnZdqrLkmqqshuZqDG3FrSWBDGEsra0FqrLricgKrc9Fr1lmDGqwraVdqrLDDGQshSLmEAVFkfWorpLDEAGdqrLlDX7shaqmhO1MJsAoWuW0-inrSOMGWb6aFRFSor-FExG8pNoV9X23LzK_-9qmVy1iuoV9sHn97BXYbG9BwEzMrjGkq1LmfOr7TlxHJK9uIOudF9ze3Dr7sjxG1UwKQvxJZkfJ32Va32kaKO7ZJmR6UdmfpuyfVvQduKRWRbpH3CCP3DESVoxYQerliDxAHkpGuKmuF92XVvItVkztJbNNIwyvW9yv3UANjsLSRCW0JnvuQkzZQTmj3_SWAbxwVbLNjsLSRCW0JnvuQkzGJlNQFHYRM2TKJYlNjsLSRCW0JnvuQkzwYVYYMByfWDN9pDZNZ6q4J2pOwCOFWDyE3srjHi2DYC7uMoxHuCT1Qkys3KkfK9xlpDesAdZgiKyfYCqT0kw9M2xBtO8GWbxOJOAjM8LgsUxAJ0Tw0mxJMoRPtO8GWbxOJOAjM8LgQlrG3lR7ebmBVURXtO8GWbxOJOAjM8LgiUYU1UQTebNCQVpLH6o_sKxp3OYvHe7uWqVlJaVCPbz0QUY0HOczJuG0WsVZWjW6Jk3kJu0C5CVurOASJGCLWuQSWOg0W_LTcsqSWO3SjOVSWSKrt9QqFP0fUKejmmzBYr-Nm5mDtdrriIvBqy_FqaVqqGW9EzAXTXvfeVar_PRWA7TRN3o1EaPtZo3xrSWtNOsYTo0HjuWaHsQdWut3WGL0WOZCJFZnisAuhl9aeuQCFTeWMDhAYYfZWOwG3WS2VlQnFsTpdoJBVYNBWCU_3bfVYomK1IgkqsllJaVaDuW6In2bRK1T3bT6tKR0MhYPQCGNRvxXzKmfMP22RUiT3K2-tKYNw4Yf8OQNRcf95Dl7RbNjtDsNQnSbwvALRiNThDm9QnfOeKZ73KN9tDHC3oGN3KfatdTXRn2GFbG-dDS0tKrd31BdMClN3CzvtdeBwP2OFDL-dCSXQ12fF6iTRDpvtKr7FhY9FKWN3og-ZKeatKT6wcBSwCWNMDp-tdrzRP27FK0-ZDTutKS6R1BaQDZNMCRCtdJPwbANMUpPdPejwKE-Mv1TFUJjFnzLMB7BMDNPtC9u5cezRoV-FK4ehCT7FczNMiZBMKNftC2L4nezws3-FU8zhCTTRczNwdS9hDfT3cfj_UW7FoRXtDO4F1SjRvZLFHy9hDNNR1fLeK37FvmftDOB3PSTRoALwdNPQc2T3CE-_KpztUYXRnBNMC9NwKzzwi0BQDzPt6p6eceawU3-woIzh6rTQUZLw5NvhoYZt6p55PeSMDW-wUHfh6mbFvqCt5zPhow9FPfT5ol7wCrGtoUZQcS6FczCFXefhowS31fT4KyatUR2FcBjRUGNwbGLwie9hoRnRPf04bV7wvS0toHgQ1SSRo0LQdyyhom731fuZDYbtUmLwvUZMUANQUJPt5T4wc2uwDq-46rutUJ0QnBB8CANQbRnt5yb3vVNQD2bzUpzQn2aFCodh6wj3ClCt5yuQn2n3bRjzUzPFc2dFo1T8CSCI1zZFBVB8oYLt6S0e1egIn2eto6aQaqrKPJ0ARTQxDyEqT7OSvAlKPm3FA1LJOWoJOEmJNGnqqVmralSjsWaJAWCJOizWkGmruVnrj9kcsq6JuA6jsAnWGVDJqFL";if($_ts.lcd)$_ts.lcd();</script><script type="text/javascript" charset="utf-8" src="/cb4UuQtIG8gU/O3mmzGd2Kbfp.091bf33.js" r='m'></script></head>
<body>
</body>
</html>
<script type="text/javascript" r='m'>_$e3();</script>
<a href="/cb4UuQtIG8gU/eb8174c5/iinCQlEc71wl/3SjmvSRzk8EN/4pEdoi9VTgpE" style="display:none">TGLN3lEYm-xU</a>

2026-06-24 08:45:16.471 | SUCCESS  | 3044:7128 | __main__:iv8_env:387 - ----------------瑞数----------------
2026-06-24 08:46:00.754 | WARNING  | 3044:7128 | __main__:main_qe:480 - 请求失败（尝试 1/10）: rs_response 里没有匹配到 r='m' 的 js
2026-06-24 08:46:03.181 | INFO     | 3044:7128 | __main__:main_qe:470 - 加速乐第一次请求的状态码:<Response [521]>
2026-06-24 08:46:03.767 | INFO     | 3044:7128 | __main__:jsl:326 - 加速乐第二次请求的状态码:<Response [521]>
2026-06-24 08:46:04.832 | INFO     | 3044:7128 | __main__:resp_jsl:360 - 加速乐第三次请求得到瑞数返回的状态码:<Response [412]>
2026-06-24 08:46:06.201 | SUCCESS  | 3044:7128 | __main__:first_req:305 - <!DOCTYPE html PUBLIC "-//W3C//DTD XHTML 1.0 Transitional//EN" "http://www.w3.org/TR/xhtml1/DTD/xhtml1-transitional.dtd">
<html>
<head>
<meta http-equiv="Content-Type" content="text/html; charset=utf-8">
<meta id="9pRNs2oivtAo" content="gXRPguxk_zpfHQ_yiNF7z2tGs2R-W3PFEDJv2MjLcEXYvmvPVFjhnANtT6eiqThdkqBpox5bJLH5w5OFGvoJVQmeFcacdyxmIhOuyVS-_Sa3iKo0nXXu96VOINUPwdEVYzQpmqz59v8_H7FMcqopESTno1vbYUCKx0TSeFT_SJywpDycy4kxZA" r='m'><!--[if lt IE 9]><script r='m'>document.createElement("section")</script><![endif]--><script src="/1eeb27c_268ab095d.js"></script>
<script src="/ctct_bundle_c4152658.js"></script>
<script type="text/javascript" r='m'>$_ts=window['$_ts'];if(!$_ts)$_ts={};$_ts.nsd=104159;$_ts.cd="qiTSrPqlWuZqDGEFqSWBHaqFqpLDlnZFrclMHaqFqfLklnZdqrLrDG3sHrLlEAGdqrLcDGWshSLrhGQlhsZqDGAFrpWBDGWfckZsDGlFrfWBHaqFrrLmlnZdlSLkDGqshuZqDG3KtclThG3lEsZqDGVFqfWBHaqFqrL1lnZdqrLoDGAshuZqDGEKinlThf3ltrLDlaQkHaqKtqAdqr3LDkZqDGAFrpWBHaqxqSLqlnZdqrLDmPGfJ1gUmSGFqSWorkZqDGlFrfWBHSWFrrLmlnZFqPg3rrGdqrLYDGQshSLclaQkHaqFqr-8lnZFrPgnLOV0ruWuJCAMmGK_lN-YAXeDETvGayGypiByofCY8eSXSnmZ19S6nV918dJd_q9_dhCWWUfpgqcpqaljr33uFXTcsuYNW60_SbNhIKrGM0PM3l26YvxS1Z9gsKxYWDmKnYL4HkpKwmvE3VQ53Yx0iIpbsDR9sCr-bCrPWYrnYvUNpkfPVka6RBpfQCNxM2mSZTq41ORjFvBvRuxiRCm6hyq_WKwOJkABnvq4IoJpFKKYslxPUYxNhyq_WKwOJkABnvq43kptUC4WKKywYOY1hyq_WKwOJkABnvq4UYYmYbOo3srjRlp7hZNaiuRV36pXgurX1DlaFs-Ap2w-WCSS1IRzVvq5VCxbCmNcplpBVlUDik2X3YwOW596RDy1Mn9SbsxP3u30tKBsilTnVkwiK521sKSC3P9SbsxP3u30tKBsiorq3DrmF7efMTmCMP9SbsxP3u30tKBsik2TY020WZejwvmlFkS6a0TPVKETRkvPWuqmrkQDWhJ-womTwk0C2kQgJklTHu1FJuACquQ5WWx2Wa30WsVh9sW6WsE5JuKAJa9aWsETJyWTWsWYG12riKLzEYTBFpxPMTAF_pwTTc7p3XvIsqFfLaWmqqEqxnszhzMNgIYHreWbslhJKFFo_nWEPBrCcGljcj30Twp5cREuWsaSJsWyLsEtJkEdJsiKWO9uWnSsVymisbwFwvwLSDyhMDmhM6MlKbSrJuwSWxQCwbwYYUeU2VeUFYr3VK4SqalSrkQDJPEuJ6ZNRbRPODxzwn2bwCjW3vJLtKRSFESf3KgNRKRTODmNFn22FvDW3UL6tKA-37mfhDRjFPzP0oW7RvR0tChsw1SfRoW-RQSBhDmjRcz2uCrgtKmLQn6lMbQN3DN-hQY7wc2GICEzSbeftKJ-Rc6DM63N3CfNhQR7MvlN3KfTODp9Rn2GMC_WRD2OtKrehQfBQc2zw6QznowOtKS9Fc6xMK3NMD2XhQ2zQn27wC3znUrBtKebw16t3vR9tKT6RWQBFvYPtCTnOD2uFb7-FCOchCSj3PzjJQlBMKpTtCNLScezMDG-Fb-KhCTj31zjMz3BMUVCtCNS2cezwKA-FvomRcSLwKq-MJruhDfCMPzXab97FbRdtC4oRcSjFKV-M7SbhDNS31zXTbE7wKp0t6ok3vqNwKJfhwr9M12TMbAz0DeNtUY-MvhVh6r-3Pz6QQ0BQoYCt6wSTceawUmdt6osRnSTIcz68WWBQKSOt6RTCceSRbNaJ1613PS6RDL-QZmShowG3czuSUq7wCG-wKuK31S6QKl-QepXQc2CRK7z0CYgtURLt6hKRcSCQb3-Qzw2hoRZwczTaUl7QKpet6Uo81SSMDl-wQ22RP2SFoYuSKT0tUmu316V86ANQ6pOhwRaQn2uwoqzTvz9tUxbQ16URbxTtUrj3ES0MUWNQDfvSPe6FbJfJ16UQ6WNQbx2MES43bGNICznOoz7wv0-ICuWh6fTFczdQ7aB8oZNI1z4nUWqqYLOKD59Ucp-YAJ3xQSnrmLfF0ak2slcWOEDJGcpqaqmrAESWRquWqW0JuWa2sLqruQSrODGcOV6JsQ6WRQSJaVlJa3a";if($_ts.lcd)$_ts.lcd();</script><script type="text/javascript" charset="utf-8" src="/cb4UuQtIG8gU/O3mmzGd2Kbfp.091bf33.js" r='m'></script></head>
<body>
</body>
</html>
<script type="text/javascript" r='m'>_$hz();</script>
<a href="/cb4UuQtIG8gU/eb8174c5/tPaDzoZNyBod/QGpfUz_7W6xo/C8koo75Ww-y0" style="display:none">NxTxzWwTXvBT</a>

2026-06-24 08:46:14.983 | SUCCESS  | 3044:7128 | __main__:iv8_env:387 - ----------------瑞数----------------
2026-06-24 08:53:09.766 | INFO     | 3044:7128 | __main__:close_mongo_connection:1651 - MongoDB连接已关闭
2026-06-24 08:54:32.741 | INFO     | 9404:13520 | __main__:next_login:1665 - 使用账号: 18050400868
2026-06-24 08:54:32.859 | INFO     | 9404:13520 | __main__:main_qe:474 - 加速乐第一次请求的状态码:<Response [521]>
2026-06-24 08:54:32.971 | INFO     | 9404:13520 | __main__:jsl:326 - 加速乐第二次请求的状态码:<Response [521]>
2026-06-24 08:54:33.032 | INFO     | 9404:13520 | __main__:resp_jsl:360 - 加速乐第三次请求得到瑞数返回的状态码:<Response [412]>
2026-06-24 08:54:33.450 | SUCCESS  | 9404:13520 | __main__:first_req:305 - <!DOCTYPE html PUBLIC "-//W3C//DTD XHTML 1.0 Transitional//EN" "http://www.w3.org/TR/xhtml1/DTD/xhtml1-transitional.dtd">
<html>
<head>
<meta http-equiv="Content-Type" content="text/html; charset=utf-8">
<meta id="9pRNs2oivtAo" content="kvhJyMkhIaocX3A9oZpgWBvGMqb0XJzW7jtXBIW1rP5MVfcTRGgKc3jGQVH0xbqMbFvDG8JhCuP3Ndluy_QIwqbttV31wePk5JVx_vvbNdC0mCfCWeilHeSPTgXVmjIiXw45SD6cUq47Js7VT8Io-rLtGbPcvIxeTExt7R5Y6f2kaGrGGJulua" r='m'><!--[if lt IE 9]><script r='m'>document.createElement("section")</script><![endif]--><script src="/1eeb27c_268ab095d.js"></script>
<script src="/ctct_bundle_c4152658.js"></script>
<script type="text/javascript" r='m'>$_ts=window['$_ts'];if(!$_ts)$_ts={};$_ts.nsd=113298;$_ts.cd="qhTSrPqloSLmEAGdqrLkDGqshuZqDG3FrSWbDGEsraWFqrLricgVrr0FcpWorsZqDGVFqfWBHaqKtradqrLlDGVshaqmhfVlDkZxDG3FrSWBHaqFrpLclnZFcrWoqfLDhf3lDkZqmPGUHa9FrfLolnZdqr3LDrLlDGVShfQlEuZqDGVFqfWBHaqFcpLrlnZdqrLoDGAshuZqDG7FqSWBDGqXDqAFDGqsraVsrSWorkZqDGVFqfWEDGlsraEFrPgnLkV0ruAuJr4BtExQcnV4v4hD-xihoL5zaB6shkTHujUjWyeFKmwlAI46mp_stFXIDI7zJh17sGcsqaljqL3aFXecsuYXW6g_SDNhIKwGMlPR3l26VUxn1Z7gsKx1WDxKnTL4HkJKwTvt3VQ5R2x6iIRbsDROsCJ-bKrPWYwnYUU-pkfPYua0RBRfQCNiM2xSZYq41OmjFUB2Ruxi3Dm0hyE_WKw9JkQBnoq4IoppFbKUslxPK2xjhyE_WKw9JkQBnoq43kJtUD4iKKywVsYphyE_WKw9JkQBnoq4UYxmYKOm3srj30pBhZfaiuRs36wXgsrX1D3aFO-1p2w-JDSn1IpzVvqyVCmbC2NcplJBV0Ulik2XR2wGW576RDyYMnLSbuxP3ul0tbBpilTnYuwJK5z1sKSS3PLSbuxP3ul0tbBpiorqRCrDF7TfMTmSMPLSbuxP3ul0tbBpik2TVl26WZTjwvmkFke6aVTPVKVTRuvGWuqmquQmWhm-womnwkgC2OQgJk3THk13JuACrkQeWWr2Wa3uWs3h9uW6WsV5JkKpJA9aJOECJylTWsW1G1NriCLzEYNBFfxGMTAF4fQotxQt2o5HkaKOLAWmraVkxtEz5OeWlI-zIDnGON3OdmGf0mPTKp6xqKBvf6slLRj2cRqnWu3uWO0nLuEtJkVdJOiVWsAnW1SzwWlSKspWYvpu2KwtMlzzU2UuivrvRsAZJdpvF0z1WbN02o9zsbZ5wmhkqalSquQmJPquJ6ZXRbYPObxzwnybwDji3vJLhbRnFEyf3KgXRKYTObmNFny2FUDi3UL6hbAL37JfhDRzFPfP0vW7Rvm0tDhpw1Sf36WLRQyBhDmzRcf2uKrgtKRLQc6DMbQNRCNLhQw7wc2vIClzSDeftKp-Rn6lM63NRDfjhQp7MvlX3KzTObp9RnyGMD_iRD2Ohbr5hQNBQc2jw6AznvwOtKz9Fn6hMK3NFC2zhQzzQn2-wCVzn6rBtKfbwP6E3vR9hbT0RWVBFvY2tCynOb2uFba-FDOqhCSjR1zNJQWBMKpntC2LSPezMDZ-FK-VhCTjRPzNMzABMUVStC2S2PezwKW-FUooRcSLQbqLMJxuhDfSMPfXaD97FbmdtD4mRcSjMbVLM7ybhDNC31fXTDE7wKJ0toor3vqNQbJPhwx9M12nMbQz0beNtUx-MUhKh6r-R1z0QQZBQoYSt6pSTPeawURdtoopRnST8nz08WlBQKS9t6YTCPeSRbTaJP6A3PS63CLLQZJShowv3cfuS6q7wCZ-wbuV31S6wblLQeRXQc2SRKGz0KYgtUmLtohVRcSCwK3LQzY2hoR4wcfTa6l7QKJetoUm81SSFClLwQz2RP2CFoRuSCT0tURu3P6K86ANwopGhwpaQn20woWzToz9tUYbQP6YRbxThvrN3Ey0MUWXQDzvSce6FbpfJP6YQ6WNwKxbMEy43bGXICfnOvz7wvL-IDuih6fTMnzZQ7gB8oZXI1f4n6WqqY0ORKcbUcpbpGJMxQpjrmLb3T7c9kQ0rkqDJAcsqaqmqGEnWREuWqWuJOQubu7qruqSrsDPcOV6WOQ0WRVSJaVkJaVa";if($_ts.lcd)$_ts.lcd();</script><script type="text/javascript" charset="utf-8" src="/cb4UuQtIG8gU/O3mmzGd2Kbfp.091bf33.js" r='m'></script></head>
<body>
</body>
</html>
<script type="text/javascript" r='m'>_$b2();</script>
<a href="/cb4UuQtIG8gU/eb8174c5/yTvTbqkddaAN/JqCe-N-m_7zj/HdUDGSqmzdIa" style="display:none">j0gVZsRXy7yX</a>

2026-06-24 08:54:33.451 | SUCCESS  | 9404:13520 | __main__:iv8_env:387 - ----------------瑞数----------------
2026-06-24 08:55:28.462 | INFO     | 9404:13520 | __main__:iv8_env:449 - _publicKey: MIIBIjANBgkqhkiG9w0BAQEFAAOCAQ8AMIIBCgKCAQEArqeSZx...
2026-06-24 08:55:30.726 | INFO     | 9404:13520 | __main__:iv8_env:452 - fiKxeghI: a85R5LNJEpnnEgwuqkMothxqh4cxpw...
2026-06-24 08:55:44.965 | SUCCESS  | 9404:13520 | __main__:send:608 - 验证码识别成功！！
2026-06-24 08:55:54.808 | INFO     | 9404:13520 | __main__:loginuser:694 - loginuser: status=200
2026-06-24 08:55:54.808 | SUCCESS  | 9404:13520 | __main__:loginuser:700 - 登录成功
2026-06-24 08:55:58.854 | SUCCESS  | 9404:13520 | __main__:next_login:1674 - 账号 18050400868 登录完成
2026-06-24 09:00:59.699 | INFO     | 9404:13520 | __main__:main:1696 - >>> 正在处理公司: 【914108006659708962】 <<<
2026-06-24 09:01:10.729 | INFO     | 9404:13520 | __main__:detilinfo:1588 - ********************************************************************************
2026-06-24 09:01:10.730 | INFO     | 9404:13520 | __main__:detilinfo:1589 - 开始采集: 914108006659708962
2026-06-24 09:01:10.730 | INFO     | 9404:13520 | __main__:detilinfo:1590 - ********************************************************************************
2026-06-24 09:01:10.730 | INFO     | 9404:13520 | __main__:detilinfo:1594 - [搜索] 正在搜索公司...
2026-06-24 09:01:42.395 | SUCCESS  | 9404:13520 | __main__:send:608 - 验证码识别成功！！
2026-06-24 09:02:25.163 | SUCCESS  | 9404:13520 | __main__:iv8_env:387 - ----------------瑞数----------------
2026-06-24 09:02:45.701 | WARNING  | 9404:13520 | __main__:iv8_env:455 - iv8二次请求状态码: 412，尝试从首次响应提取
2026-06-24 09:03:05.719 | SUCCESS  | 9404:13520 | __main__:iv8_env:387 - ----------------瑞数----------------
2026-06-24 09:03:17.110 | INFO     | 9404:13520 | __main__:close_mongo_connection:1655 - MongoDB连接已关闭
2026-06-24 09:25:38.287 | INFO     | 2596:4136 | __main__:next_login:1727 - 使用账号: 18050400868
2026-06-24 09:25:38.366 | INFO     | 2596:4136 | __main__:main_qe:474 - 加速乐第一次请求的状态码:<Response [521]>
2026-06-24 09:25:38.485 | INFO     | 2596:4136 | __main__:jsl:326 - 加速乐第二次请求的状态码:<Response [521]>
2026-06-24 09:25:38.529 | INFO     | 2596:4136 | __main__:resp_jsl:360 - 加速乐第三次请求得到瑞数返回的状态码:<Response [412]>
2026-06-24 09:25:38.926 | SUCCESS  | 2596:4136 | __main__:first_req:305 - <!DOCTYPE html PUBLIC "-//W3C//DTD XHTML 1.0 Transitional//EN" "http://www.w3.org/TR/xhtml1/DTD/xhtml1-transitional.dtd">
<html>
<head>
<meta http-equiv="Content-Type" content="text/html; charset=utf-8">
<meta id="9pRNs2oivtAo" content="vgYuKbJzCTvvNE0e_OHjS47DDhMRXg1UYrVVypeIEZOyn5CyokSY3XRC5fCnqUN8tRCZ2WsRkdRD0_LSRsavy4nxsIhryBF804H7rpmExmr6p4J-Gd4EJPKVHQBNeN4DAfsb7Mjql6krhaHwp7_ootLjpcrE6wnmYGb1x1P2OwtvVJGkIm6j0q" r='m'><!--[if lt IE 9]><script r='m'>document.createElement("section")</script><![endif]--><script src="/1eeb27c_268ab095d.js"></script>
<script src="/ctct_bundle_c4152658.js"></script>
<script type="text/javascript" r='m'>$_ts=window['$_ts'];if(!$_ts)$_ts={};$_ts.nsd=111531;$_ts.cd="qEwSrcqlopLmlaQcDGqsraVdqr3LmkZqmPGhHaqFrf3LEsVXmqA3HaqFDfLmlnZFqrWorsZqDG3Fra0BDGAXmAA3HaqFqrLrlnZlrrWorsZqDGEFqSWBDGqXcqA7DGAsraVdqrLmDGEshnlqDGqFqpWBDGQfckZqDGVlqfWBHaqFqrLrlnZ-r1gnvuV6ruAuJ6wGd8Cqtk6hSKd-ZyrqXgMlaXs9ccEju5bJRVupPW81wPu7pqNbPPAY7kRohfIK9Gc7qaEjqL3uFzrcskYXW60_5CNEIKwGM0Pb3lN6VUxS1dAgsbx1WDmKemLgHkJKwmvT3VA5R2x0iQ2bsCROsCr-NbrfWYwnYvUVpkzPYua6R72fQDNiM2mSu2qg1OmjFvBFRumi3Dm6h_0_Wbw9JkABe6qgIoppFKKLslmPK2xNh_0_Wbw9JkABe6qg3kJtUC4SKKTwVsY1h_0_Wbw9JkABe6qgUYxmYbO_3sJj30p7hdwaikRs36pX6Orz1D3aFs-zp2p-JDSS1QzzVUqyVCxbyYNrplJBVlU4ikNXR2wOWeA6RCyYMn9SNkxf3ul0tKBXilynYuwiKep1sbSS3P9SNkxf3ul0tKBXioJqRCrmFBxfMmmSMP9SNkxf3ul0tKBXikNTVl20WdxjwUmkFkS6d9TfVKVTRkvIWuWmquQDWEy-w6mnwk0CjsQ4Jk3THu1vJuQCrkQ5WHe2Wq3uWsVh-kW0WsV5JuKXJALaJOETJ_gTWOW1G12rrDLXEYNBFpxIMTQF4f8Bvnt3PPlJ1aFQvGqDraVqxdCYlRRAE5Hd-cOdcvCxgmINQLOJZiLSeiBgwZqm0IZucFZCWsW0JslnvkExJkVdJsi-JuqCinSdiwwBpCRFt9RVjYzsYopTKmh5wmqLs6ehRZT0Amx_JVxOjUmhMKRxWVb9qaESquQDJfZuJoZXRbRP7KxXwnybwCjS3vrLhbRSFhmf3bgXRKRT7KmjFny2FvDS3U96hbA-3BSfhCRzFPzP4UWBRvm0tChXw1ef36W-RImBhCmzRcz2Zbr4tKRLQn6yMbANRCN-hIf7wn2vICEz5CePtKp-Rc64M6VNRDfNhIz7MUlX3KfT7KpvRnyGMC_SRDNOhbrehIYBQn2jw6QzeUwGtKz9Fc60MKVNFC2XhIpzQc2-wC3zeor7tKfbw1663vY9hbT6RHLBFUY2tCTn7K2aFba-FCOdhCejR1zjJIaBMbpntCNL51eXMDZ-Fb--hCyjRPzjMX7BMvVStCNSj1eXwKW-FvogRceLQbq-MiTuhCfSMPzXdC9BFbmdtC4_RcejMbV-MBmbhCNC31zX_CEBwKJ0t6o53vWNQbJfh8T9MP2nMbAz4KejtUx-MvhNh6J-R1z6QIqBQ6YSt6wS_1euwURdt6oXRneT8nz68HgBQbS9t6RTy1enRbTaJ16B3Pe63CL-QdSSh6wv3czu5oqBwCZ-wKu-31e6wbl-Q52XQn2SRK7z4bY4tUmLt6h-RceCwK3-QXN2h6R4wczTdolBQKJet6U_81eSFCl-wIp2R12CFoYu5DT6tURu316N86QNwopOh8zaQc20woqz_6zvtUYbQ16jRbmThvrj3hm0MvWXQDfv5ne0FbpfJ16jQ6qNwKx2Mhm43KGXICzn7UzBwvL-ICuSh6zTMnzdQBlB86ZXI1z4eoWkqY0OKobRUcwvWAJ3xIrSrTLbEC0c-k76ruV0rOcQWGWmqGQcJ_0uWuVlJO3ajkqnrAqTWAczqaLaWkQ6WF00WsEcrOQq-q";if($_ts.lcd)$_ts.lcd();</script><script type="text/javascript" charset="utf-8" src="/cb4UuQtIG8gU/O3mmzGd2Kbfp.091bf33.js" r='m'></script></head>
<body>
</body>
</html>
<script type="text/javascript" r='m'>_$lT();</script>
<a href="/cb4UuQtIG8gU/eb8174c5/gCkavpibx-zm/y2Micb3Fh028/p6AxPIh6l-Xg" style="display:none">dQSYa_5Czlux</a>

2026-06-24 09:25:38.928 | SUCCESS  | 2596:4136 | __main__:iv8_env:387 - ----------------瑞数----------------
2026-06-24 09:25:39.308 | INFO     | 2596:4136 | __main__:iv8_env:449 - _publicKey: MIIBIjANBgkqhkiG9w0BAQEFAAOCAQ8AMIIBCgKCAQEArqeSZx...
2026-06-24 09:25:39.308 | INFO     | 2596:4136 | __main__:iv8_env:452 - fiKxeghI: a8ZzsOCux6ctYDdlk21IaCsenLVnrL...
2026-06-24 09:25:41.162 | SUCCESS  | 2596:4136 | __main__:send:608 - 验证码识别成功！！
2026-06-24 09:25:41.360 | SUCCESS  | 2596:4136 | __main__:iv8_env:387 - ----------------瑞数----------------
2026-06-24 09:25:41.844 | INFO     | 2596:4136 | __main__:iv8_env:449 - _publicKey: MIIBIjANBgkqhkiG9w0BAQEFAAOCAQ8AMIIBCgKCAQEArqeSZx...
2026-06-24 09:25:41.845 | INFO     | 2596:4136 | __main__:iv8_env:452 - fiKxeghI: afrg3TGDSyts5tGMCo8CxSo7y5ssU_...
2026-06-24 09:25:42.039 | INFO     | 2596:4136 | __main__:loginuser:694 - loginuser: status=200
2026-06-24 09:25:42.040 | SUCCESS  | 2596:4136 | __main__:loginuser:700 - 登录成功
2026-06-24 09:25:42.114 | SUCCESS  | 2596:4136 | __main__:next_login:1736 - 账号 18050400868 登录完成
2026-06-24 09:25:42.115 | INFO     | 2596:4136 | __main__:main:1758 - >>> 正在处理公司: 【914108006659708962】 <<<
2026-06-24 09:25:42.116 | INFO     | 2596:4136 | __main__:detilinfo:1650 - ********************************************************************************
2026-06-24 09:25:42.116 | INFO     | 2596:4136 | __main__:detilinfo:1651 - 开始采集: 914108006659708962
2026-06-24 09:25:42.117 | INFO     | 2596:4136 | __main__:detilinfo:1652 - ********************************************************************************
2026-06-24 09:25:59.118 | INFO     | 2596:4136 | __main__:detilinfo:1656 - [搜索] 正在搜索公司...
2026-06-24 09:26:44.276 | INFO     | 2596:4136 | __main__:jy_shibie:577 - 语序点选坐标:[[1815, 6709], [8349, 7256], [5478, 7305]]
2026-06-24 09:26:44.467 | SUCCESS  | 2596:4136 | __main__:send:608 - 验证码识别成功！！
2026-06-24 09:26:50.812 | SUCCESS  | 2596:4136 | __main__:iv8_env:387 - ----------------瑞数----------------
2026-06-24 09:26:51.096 | INFO     | 2596:4136 | __main__:iv8_env:449 - _publicKey: MIIBIjANBgkqhkiG9w0BAQEFAAOCAQ8AMIIBCgKCAQEArqeSZx...
2026-06-24 09:26:51.097 | INFO     | 2596:4136 | __main__:iv8_env:452 - fiKxeghI: a0JLRgT2CfwP4jcxOUGxd8wxV-r-97...
2026-06-24 09:26:55.234 | INFO     | 2596:4136 | __main__:searchcompany:775 - searchcompany状态码:<Response [200]>
2026-06-24 09:27:19.598 | INFO     | 2596:4136 | __main__:close_mongo_connection:1717 - MongoDB连接已关闭
2026-06-24 09:27:39.602 | INFO     | 16344:3540 | __main__:next_login:1725 - 使用账号: 18050400868
2026-06-24 09:27:39.738 | INFO     | 16344:3540 | __main__:main_qe:474 - 加速乐第一次请求的状态码:<Response [521]>
2026-06-24 09:27:39.931 | INFO     | 16344:3540 | __main__:jsl:326 - 加速乐第二次请求的状态码:<Response [521]>
2026-06-24 09:27:39.999 | INFO     | 16344:3540 | __main__:resp_jsl:360 - 加速乐第三次请求得到瑞数返回的状态码:<Response [412]>
2026-06-24 09:27:40.482 | SUCCESS  | 16344:3540 | __main__:first_req:305 - <!DOCTYPE html PUBLIC "-//W3C//DTD XHTML 1.0 Transitional//EN" "http://www.w3.org/TR/xhtml1/DTD/xhtml1-transitional.dtd">
<html>
<head>
<meta http-equiv="Content-Type" content="text/html; charset=utf-8">
<meta id="9pRNs2oivtAo" content="iQqKmP5j6_vQv9eHMlHlYp-TDZ98Z3386PdMSDBIcWBg2aEM3B9MY_kbindDi9bFq-iBp1fyUnpb-pptyjpMo0qlZYIg8g0YANW39hlmH_jRJOeu2U-P3QoBeLfdJHye2WEv1ZsGiY7kzHcusPpCY21ngCLhs6FgjTtyYkGjFWG_LdXbUSH3iG" r='m'><!--[if lt IE 9]><script r='m'>document.createElement("section")</script><![endif]--><script src="/1eeb27c_268ab095d.js"></script>
<script src="/ctct_bundle_c4152658.js"></script>
<script type="text/javascript" r='m'>$_ts=window['$_ts'];if(!$_ts)$_ts={};$_ts.nsd=123840;$_ts.cd="qxwSrcqlouZqDGEFqSWBDGlfckZqDGQFrrWxHaqFqfLklnZFq1gVrkEdxfLlDGVshuZqDGWFqrWBDPqfckZqDGAFrpWBHaqFqSLblnZdqr3LmsZqDGEKtclTcrVlDkZqDGAFrpWBDGqsrnWdqrLDDGQshSLlhf3lEkZbDGlFrfWBHaqFrrLmlnZdxfLkDGqshSLolaQlDvqXJRaTJqQuWususc-ngrkn_dBO1tr81zpi-Jvodo0cl1CxwEO8oS6HkCJA_iMuVUbb7hjs9v3_umGo-aWrtGKDWD6sA9ZTFsJ5HIfj16TG3DSHNKrxwTRnQ9u6ilTPYsrPVIwFiua0Yvw8ebmoHbm1wu4tR9SbRleOMtYG3OmAQ2YnT0Ag32qZJDot3UJj1Ky1w7TAi0LCFb2ZCKQnsbwfwcPXiOmv3uA6tHpai6SuVKNPj0Sc32T1FPPXiOmv3uA6tHpaiCq012SNZ22XUY3TV1PXiOmv3uA6tHpaiTTYpYYB5KlaFbplMnO0Qk7CYDJ6Fw0aM9ffWDLe49RUFuJ7Q94EMYxaH2Jf38RFA9plMTJc5kGyMbmU3ksUJCpXVbZjJjQn3bWCJcN74sfJQ2q6sYuUV9T7wbEjJjQn3bWCJcN74sfaADrGpb6S3KepwbgjJjQn3bWCJcN74sGywYwxwusSFvRSpDGdQHTJ32mPJKQ56kWarAA6rscJF6pSwUA5WFL6ikASJsauNkQ0JGW6HsIZRsWDJklCktZuJulnHOAn-sVxWklnJOczJslum3ljpGwjh1mwMCLYUDeVDX9U900m7V46gAqcbx0krAqcqnsfwuDa59I6YSwjyiewjgdbL070OnNNlrZlnsDy7ZMHAA5BWu3ZWuE0HjgcWAZ0Wka0-kV0WsWChCujslfAMoYSY8psVCNUFlyK0Kz1V6mEY6hLJCW0QkpmYBY7Y6wcQCf74TAqrklDJq8NGsqnInz2Rd0B3Kf6tCYCe1efwbG-RUk6hCx9MPzbR5LB3bS-tCR-4PePIuQ-Rn-e3bENRbfNtBTuQc2bwoQjdUrCtKmbQc-_MCaN3KfvtBN7360N3Czn7bwz3P2PFKjnRbeStKxZ34x2MDAN3Kf27bY7Qn2fFCPnRKe-Q1zPF8LBRCmvtCJXZ1evMDW-36nnFCSTtKe0w-x-wD3NMbwN7bNX3n2XFb5nFbyCtKy0R4xjQCLNMKY07b2fQCA-MvM4RcSBwKqLMi0BFvRjF1fjeCl7FKNGtDXj3PSLRoQLFdwvhDf7FPf-eUV7FDNOtDBSw1SLwsALF5g6hDfTRPf-4bRvtKf63n-uQ6qNFopztBmfFP2jRoajZKpvtKN-RP-SMCVNFvJPtBmT312TRvQj4brfw1263DcnQCwLtUwzRMxuMDaNwCfB4UQ7wKzGtoMXMPSTwUALwXy6hoYTQ6aj4vr9tUY5toMv3cS0MDlLw5N4hopbFoW07vmftUwbF1-73vENwCxOtXSbQn26FPf0Z6YPtUwu3P-7wCTTtUpbF-xaRv0NwD7j4UYvtURaR1-zwD3Nwvy6tXNPQP2SRvgj_bp_tUmX3P-jFbROtUJ-wiSbMvlNQ6rG7vwgQ12SwCtnwUJCtUm6QMxT8DlNQDYa7vp2R6V-QCBdh6wLQnzuFIf2hoxj3KE07vpawP2a3Ksuh6fvFczZFX0B8D2CInf5ZCZ7IUYjto4zMnSeInz5tXpjQqVrKcrfeawIEKL0qmb_MK9rKPJ0MN0nWkqoWk3o-aESrAVorqiLWuqTJAlTJt04JkVmrs3avuWqkkqTJkFXWuQ6WGQmJNZn";if($_ts.lcd)$_ts.lcd();</script><script type="text/javascript" charset="utf-8" src="/cb4UuQtIG8gU/O3mmzGd2Kbfp.091bf33.js" r='m'></script></head>
<body>
</body>
</html>
<script type="text/javascript" r='m'>_$aa();</script>
<a href="/cb4UuQtIG8gU/eb8174c5/GKugwwUU5DaO/9SeSfAJghFzo/P3n_sCp-MHVy" style="display:none">enQ1p_f5HSTs</a>

2026-06-24 09:27:40.482 | SUCCESS  | 16344:3540 | __main__:iv8_env:387 - ----------------瑞数----------------
2026-06-24 09:27:40.875 | INFO     | 16344:3540 | __main__:iv8_env:449 - _publicKey: MIIBIjANBgkqhkiG9w0BAQEFAAOCAQ8AMIIBCgKCAQEArqeSZx...
2026-06-24 09:27:40.875 | INFO     | 16344:3540 | __main__:iv8_env:452 - fiKxeghI: aX40NbDbglm24EGYp70lmA0dfI_SkZ...
2026-06-24 09:27:43.639 | SUCCESS  | 16344:3540 | __main__:send:608 - 验证码识别成功！！
2026-06-24 09:27:44.063 | INFO     | 16344:3540 | __main__:loginuser:694 - loginuser: status=200
2026-06-24 09:27:44.064 | SUCCESS  | 16344:3540 | __main__:loginuser:700 - 登录成功
2026-06-24 09:27:44.141 | SUCCESS  | 16344:3540 | __main__:next_login:1734 - 账号 18050400868 登录完成
2026-06-24 09:27:44.141 | INFO     | 16344:3540 | __main__:main:1756 - >>> 正在处理公司: 【914108006659708962】 <<<
2026-06-24 09:27:44.145 | INFO     | 16344:3540 | __main__:detilinfo:1648 - ********************************************************************************
2026-06-24 09:27:44.146 | INFO     | 16344:3540 | __main__:detilinfo:1649 - 开始采集: 914108006659708962
2026-06-24 09:27:44.146 | INFO     | 16344:3540 | __main__:detilinfo:1650 - ********************************************************************************
2026-06-24 09:27:48.275 | INFO     | 16344:3540 | __main__:detilinfo:1654 - [搜索] 正在搜索公司...
2026-06-24 09:27:52.597 | INFO     | 16344:3540 | __main__:jy_shibie:577 - 语序点选坐标:[[4719, 3379], [6666, 3180], [1848, 2385]]
2026-06-24 09:27:52.794 | SUCCESS  | 16344:3540 | __main__:send:608 - 验证码识别成功！！
2026-06-24 09:27:58.223 | SUCCESS  | 16344:3540 | __main__:iv8_env:387 - ----------------瑞数----------------
2026-06-24 09:27:58.525 | INFO     | 16344:3540 | __main__:iv8_env:449 - _publicKey: MIIBIjANBgkqhkiG9w0BAQEFAAOCAQ8AMIIBCgKCAQEArqeSZx...
2026-06-24 09:27:58.525 | INFO     | 16344:3540 | __main__:iv8_env:452 - fiKxeghI: aDiV-YhkJ4sqlQIm37yn1kUMCNZf2v...
2026-06-24 09:28:01.198 | INFO     | 16344:3540 | __main__:searchcompany:775 - searchcompany状态码:<Response [200]>
2026-06-24 09:28:21.525 | SUCCESS  | 16344:3540 | __main__:iv8_env:387 - ----------------瑞数----------------
2026-06-24 09:28:21.804 | INFO     | 16344:3540 | __main__:iv8_env:449 - _publicKey: MIIBIjANBgkqhkiG9w0BAQEFAAOCAQ8AMIIBCgKCAQEArqeSZx...
2026-06-24 09:28:21.804 | INFO     | 16344:3540 | __main__:iv8_env:452 - fiKxeghI: aDiV-YhkJ4sqlQIm37yn1kUMCNZf2v...
2026-06-24 09:28:41.239 | INFO     | 16344:3540 | __main__:searchcompany:790 - ---------------------首次搜索-----------------------
2026-06-24 10:34:28.231 | INFO     | 15240:20592 | __main__:next_login:1722 - 使用账号: 18050400868
2026-06-24 10:34:28.400 | INFO     | 15240:20592 | __main__:main_qe:474 - 加速乐第一次请求的状态码:<Response [521]>
2026-06-24 10:34:28.621 | INFO     | 15240:20592 | __main__:jsl:326 - 加速乐第二次请求的状态码:<Response [521]>
2026-06-24 10:34:28.690 | INFO     | 15240:20592 | __main__:resp_jsl:360 - 加速乐第三次请求得到瑞数返回的状态码:<Response [412]>
2026-06-24 10:34:29.245 | SUCCESS  | 15240:20592 | __main__:first_req:305 - <!DOCTYPE html PUBLIC "-//W3C//DTD XHTML 1.0 Transitional//EN" "http://www.w3.org/TR/xhtml1/DTD/xhtml1-transitional.dtd">
<html>
<head>
<meta http-equiv="Content-Type" content="text/html; charset=utf-8">
<meta id="9pRNs2oivtAo" content="YFMUK9crjZ8tRXKt60XtPnsEDmzl1l9_tbGZz1LtKC11qEUAF6naWt8sZOzrWFI2PiORKMqvu1TPzxlrYku4iocuAx61OL-5ZpJ9FyQMHvM7WmXR5f_BZTOCPHqXhfhqw378KJEFloCmDOfWIVXjYltTisljvBPhXD7tmwzOn14dTztOFxq2NG" r='m'><!--[if lt IE 9]><script r='m'>document.createElement("section")</script><![endif]--><script src="/1eeb27c_268ab095d.js"></script>
<script src="/ctct_bundle_c4152658.js"></script>
<script type="text/javascript" r='m'>$_ts=window['$_ts'];if(!$_ts)$_ts={};$_ts.nsd=77683;$_ts.cd="qtNSr1qltkZqDGAFrpWBHaqKtrAdqr3LmsZtDG3FrSWBHaqFrpLclnZFcfLricgVrr0FrfWoquZqDGgFrpWBHaqFqSLqlnZFrSWJrrLlhfVlmpLrlaQcHaqFkpLllnZFqSWorrLqhf3louVqmPGUHaqFrrLmlnZFqnlcHaqFqpLDlnZFrrLmicgUkPqdqrLkDGqshuZqDG3FrS9BHaqFrpLclnZFqpWotrLDhO1GJkAoJkW0RuHMlZczSPVb6bAMfjSIRX3xuainjtZ_NPfLVRZANgIMrzLoc1p58AoBegenZ0zfrNWcq1LcfOr740JHJKguIOulF0zeRCr7sN2f1UwpQvxJnu2J32Ea32khKu7ZWTR6UZNGpuybVvQdebwWRbJH3CCR3KESY6xYQ5zmiDxUHkpGebruF9yXVvISVsztWKNNI8YbW9yG3UAN9O7SRCA0JnvEQszZwmmj3ywJAbxFVbLN9O7SRCA0JnvEQszGW0NQFWy3M2TpJYlN9O7SRCA0JnvEQszwV9YYM7YGWDNOpDZNnol4J2JOwCOfWKyEROrjHJxoYC70MoxHeDS1Qk2s3KkFK0xlACesAZAyiKybYCqT_uR9M2YBtO8MWCxOWsAjMwlysUxUJ0Tw_TJJMomPtO8MWCxOWsAjMwlyQlrv3lR7uKrBVUmXtO8MWCxOWsAjMwlyiUYA1UQTuKzCQVJLH6orsDxpRsYvH5qnWqVkJaVC7KN0QUx0HOcKJOG0JOVZWNGCJk3lJu0CaDAurOWSJGCsWOQSJsg0Wyl0csqCWO3S9sASWStrt9Q4Fn0fKbejmDrXYr-XmnalZ33aOikEq_KGqGVorAW9Vz7aa6oId-hMWTwgUwdrQG6D5i-ydKYItNpQv60_jKQH9sWTWkEaWO1OWaL0JsZCJRA_JkW4hoY6CDw3pCmApT6xY0pPsDmwKxrJU0z6VbJielGuWDROQmdM8vmiQ60uUN7cqslkJaVaEkE6InybRK1i3CT6hbR0MEyOQCGXRvxXObrfMPy2RUii3D2-hbYNwgyG8OQXRcf9aCq7RbTjtDs1QPSbQUALRJm0hDmOQnfOubg73KT9tDHJ3UGNRbfatZRBRn2vFbG-SCT0tKwd31BlMblNRDzvtZpXwP29FDL-SDTXQ1yfF6iiRKpvhbr7FEy2FKWX3og-nbyatKN6wcBtwbWNFCp-tZz7RP2-FK0-nCSutKz6R1BhQKZNFDRCtZfOwbAXMUpPS1yjwKV-Mv1iFoJjMczLM7qXMDN2tC9uanyzRoE-FK4DhbT7MnzNMJAXMKNbtC2LTcyzwsl-FU8KhbTT3nzNwZw2hDfn3cfj0vE7FomXtDOqFcSj3UZLFWY2hDNXR1fLubQ7FvRftDOV3nST36ALwZmOQc2n3CE-0bYztUxXRnB1Mb9NQbzzwJ3XQDz2t6p6unyawUl-woIKhvrTwvZLwembhoY4t6p5a1ySMDA-wUHFhvmbMUqCterOhowOFPfTa6q7wCwGtoUoQ1S6MnzCFzpGhowC31fTTbeatUm2FcBpRoGNQKGLwJp2hoRTRPf0TKA7wvz0toHkQcSS360LQZYghom-31funCpbtURLwvUoMoANwvJPteR_wc20wDq-TomutUp0QnBV8bANwKRnteYv3vVXQD2bOvYzQnyaFColhvwjRDlCteYnQn2T3bRjOvNPFcydFo1i8bSC8PzZF7gX8oYBt6S0uPygInyeto6hQGqrU1JOQFRwxDZnqT7OSKAlKPR-AGKUWqEeJq3TrNWcqqVcqOE69OEaqkVaWO5pqGE6Jq30r_76WOVnJuAa9kVqrkEDJA";if($_ts.lcd)$_ts.lcd();</script><script type="text/javascript" charset="utf-8" src="/cb4UuQtIG8gU/O3mmzGd2Kbfp.091bf33.js" r='m'></script></head>
<body>
</body>
</html>
<script type="text/javascript" r='m'>_$cD();</script>
<a href="/cb4UuQtIG8gU/eb8174c5/NPu0-mOgv3o4/ZqV-88I48Gxg/JHWmlhHQtuge" style="display:none">GX8GM36W3sL2</a>

2026-06-24 10:34:29.246 | SUCCESS  | 15240:20592 | __main__:iv8_env:387 - ----------------瑞数----------------
2026-06-24 10:34:30.407 | INFO     | 15240:20592 | __main__:iv8_env:449 - _publicKey: MIIBIjANBgkqhkiG9w0BAQEFAAOCAQ8AMIIBCgKCAQEArqeSZx...
2026-06-24 10:34:30.408 | INFO     | 15240:20592 | __main__:iv8_env:452 - fiKxeghI: aitj5ioUTcfw2jOfpIB-j6J2VjxumX...
2026-06-24 10:34:37.501 | SUCCESS  | 15240:20592 | __main__:send:608 - 验证码识别成功！！
2026-06-24 10:34:37.702 | SUCCESS  | 15240:20592 | __main__:iv8_env:387 - ----------------瑞数----------------
2026-06-24 10:34:37.998 | INFO     | 15240:20592 | __main__:iv8_env:449 - _publicKey: MIIBIjANBgkqhkiG9w0BAQEFAAOCAQ8AMIIBCgKCAQEArqeSZx...
2026-06-24 10:34:37.999 | INFO     | 15240:20592 | __main__:iv8_env:452 - fiKxeghI: abhk68GEZJmyKfkCUuj04WnBBLfUyh...
2026-06-24 10:34:38.196 | INFO     | 15240:20592 | __main__:loginuser:694 - loginuser: status=200
2026-06-24 10:34:38.196 | SUCCESS  | 15240:20592 | __main__:loginuser:700 - 登录成功
2026-06-24 10:34:38.251 | SUCCESS  | 15240:20592 | __main__:next_login:1731 - 账号 18050400868 登录完成
2026-06-24 10:34:38.252 | INFO     | 15240:20592 | __main__:main:1753 - >>> 正在处理公司: 【阿里巴巴】 <<<
2026-06-24 10:34:38.253 | INFO     | 15240:20592 | __main__:detilinfo:1645 - ********************************************************************************
2026-06-24 10:34:38.253 | INFO     | 15240:20592 | __main__:detilinfo:1646 - 开始采集: 阿里巴巴
2026-06-24 10:34:38.253 | INFO     | 15240:20592 | __main__:detilinfo:1647 - ********************************************************************************
2026-06-24 10:34:38.253 | INFO     | 15240:20592 | __main__:detilinfo:1651 - [搜索] 正在搜索公司...
2026-06-24 10:34:49.959 | SUCCESS  | 15240:20592 | __main__:send:608 - 验证码识别成功！！
2026-06-24 10:34:49.960 | SUCCESS  | 15240:20592 | __main__:iv8_env:387 - ----------------瑞数----------------
2026-06-24 10:34:50.297 | INFO     | 15240:20592 | __main__:iv8_env:449 - _publicKey: MIIBIjANBgkqhkiG9w0BAQEFAAOCAQ8AMIIBCgKCAQEArqeSZx...
2026-06-24 10:34:50.297 | INFO     | 15240:20592 | __main__:iv8_env:452 - fiKxeghI: ayTTTsDhFWrEOe52WyCvU1nsLKrawN...
2026-06-24 10:34:54.080 | SUCCESS  | 15240:20592 | __main__:send:608 - 验证码识别成功！！
2026-06-24 10:34:54.080 | SUCCESS  | 15240:20592 | __main__:iv8_env:387 - ----------------瑞数----------------
2026-06-24 10:34:54.442 | INFO     | 15240:20592 | __main__:iv8_env:449 - _publicKey: MIIBIjANBgkqhkiG9w0BAQEFAAOCAQ8AMIIBCgKCAQEArqeSZx...
2026-06-24 10:34:54.443 | INFO     | 15240:20592 | __main__:iv8_env:452 - fiKxeghI: aLIa4uO841HmgORIwIl5ZRbF9JKaVv...
2026-06-24 10:35:07.291 | SUCCESS  | 15240:20592 | __main__:send:608 - 验证码识别成功！！
2026-06-24 10:35:07.291 | SUCCESS  | 15240:20592 | __main__:iv8_env:387 - ----------------瑞数----------------
2026-06-24 10:35:07.477 | INFO     | 15240:20592 | __main__:iv8_env:449 - _publicKey: MIIBIjANBgkqhkiG9w0BAQEFAAOCAQ8AMIIBCgKCAQEArqeSZx...
2026-06-24 10:35:07.477 | INFO     | 15240:20592 | __main__:iv8_env:452 - fiKxeghI: aLIa4uO841HmgORIwIl5ZRbF9JKaVv...
2026-06-24 10:35:41.377 | SUCCESS  | 15240:20592 | __main__:send:608 - 验证码识别成功！！
2026-06-24 10:35:41.378 | SUCCESS  | 15240:20592 | __main__:iv8_env:387 - ----------------瑞数----------------
2026-06-24 10:35:41.614 | INFO     | 15240:20592 | __main__:iv8_env:449 - _publicKey: MIIBIjANBgkqhkiG9w0BAQEFAAOCAQ8AMIIBCgKCAQEArqeSZx...
2026-06-24 10:35:41.614 | INFO     | 15240:20592 | __main__:iv8_env:452 - fiKxeghI: aLIa4uO841HmgORIwIl5ZRbF9JKaVv...
2026-06-24 10:36:20.173 | SUCCESS  | 15240:20592 | __main__:send:608 - 验证码识别成功！！
2026-06-24 10:36:20.173 | SUCCESS  | 15240:20592 | __main__:iv8_env:387 - ----------------瑞数----------------
2026-06-24 10:36:20.368 | WARNING  | 15240:20592 | __main__:iv8_env:455 - iv8二次请求状态码: 412，尝试从首次响应提取
2026-06-24 10:36:54.663 | SUCCESS  | 15240:20592 | __main__:send:608 - 验证码识别成功！！
2026-06-24 10:36:54.664 | SUCCESS  | 15240:20592 | __main__:iv8_env:387 - ----------------瑞数----------------
2026-06-24 10:36:54.865 | WARNING  | 15240:20592 | __main__:iv8_env:455 - iv8二次请求状态码: 412，尝试从首次响应提取
2026-06-24 10:37:31.841 | SUCCESS  | 15240:20592 | __main__:send:608 - 验证码识别成功！！
2026-06-24 10:37:31.841 | SUCCESS  | 15240:20592 | __main__:iv8_env:387 - ----------------瑞数----------------
2026-06-24 10:37:31.982 | WARNING  | 15240:20592 | __main__:iv8_env:455 - iv8二次请求状态码: 412，尝试从首次响应提取
2026-06-24 10:38:06.910 | SUCCESS  | 15240:20592 | __main__:send:608 - 验证码识别成功！！
2026-06-24 10:38:06.911 | SUCCESS  | 15240:20592 | __main__:iv8_env:387 - ----------------瑞数----------------
2026-06-24 10:38:07.071 | WARNING  | 15240:20592 | __main__:iv8_env:455 - iv8二次请求状态码: 412，尝试从首次响应提取
2026-06-24 10:38:46.478 | INFO     | 3244:22928 | __main__:next_login:1711 - 使用账号: 18050400868
2026-06-24 10:38:46.640 | WARNING  | 3244:22928 | __main__:resp_jsl:363 - 请求失败（尝试 1/10）: expected string or bytes-like object
2026-06-24 10:38:46.640 | WARNING  | 3244:22928 | __main__:resp_jsl:363 - 请求失败（尝试 2/10）: expected string or bytes-like object
2026-06-24 10:38:46.640 | WARNING  | 3244:22928 | __main__:resp_jsl:363 - 请求失败（尝试 3/10）: expected string or bytes-like object
2026-06-24 10:38:46.640 | WARNING  | 3244:22928 | __main__:resp_jsl:363 - 请求失败（尝试 4/10）: expected string or bytes-like object
2026-06-24 10:38:46.640 | WARNING  | 3244:22928 | __main__:resp_jsl:363 - 请求失败（尝试 5/10）: expected string or bytes-like object
2026-06-24 10:38:46.640 | WARNING  | 3244:22928 | __main__:resp_jsl:363 - 请求失败（尝试 6/10）: expected string or bytes-like object
2026-06-24 10:38:46.640 | WARNING  | 3244:22928 | __main__:resp_jsl:363 - 请求失败（尝试 7/10）: expected string or bytes-like object
2026-06-24 10:38:46.640 | WARNING  | 3244:22928 | __main__:resp_jsl:363 - 请求失败（尝试 8/10）: expected string or bytes-like object
2026-06-24 10:38:46.640 | WARNING  | 3244:22928 | __main__:resp_jsl:363 - 请求失败（尝试 9/10）: expected string or bytes-like object
2026-06-24 10:38:46.640 | WARNING  | 3244:22928 | __main__:resp_jsl:363 - 请求失败（尝试 10/10）: expected string or bytes-like object
2026-06-24 10:38:46.641 | WARNING  | 3244:22928 | __main__:main_qe:473 - 请求失败（尝试 1/10）: expected string or bytes-like object
2026-06-24 10:38:46.687 | WARNING  | 3244:22928 | __main__:resp_jsl:363 - 请求失败（尝试 1/10）: expected string or bytes-like object
2026-06-24 10:38:46.687 | WARNING  | 3244:22928 | __main__:resp_jsl:363 - 请求失败（尝试 2/10）: expected string or bytes-like object
2026-06-24 10:38:46.687 | WARNING  | 3244:22928 | __main__:resp_jsl:363 - 请求失败（尝试 3/10）: expected string or bytes-like object
2026-06-24 10:38:46.689 | WARNING  | 3244:22928 | __main__:resp_jsl:363 - 请求失败（尝试 4/10）: expected string or bytes-like object
2026-06-24 10:38:46.689 | WARNING  | 3244:22928 | __main__:resp_jsl:363 - 请求失败（尝试 5/10）: expected string or bytes-like object
2026-06-24 10:38:46.689 | WARNING  | 3244:22928 | __main__:resp_jsl:363 - 请求失败（尝试 6/10）: expected string or bytes-like object
2026-06-24 10:38:46.689 | WARNING  | 3244:22928 | __main__:resp_jsl:363 - 请求失败（尝试 7/10）: expected string or bytes-like object
2026-06-24 10:38:46.689 | WARNING  | 3244:22928 | __main__:resp_jsl:363 - 请求失败（尝试 8/10）: expected string or bytes-like object
2026-06-24 10:38:46.689 | WARNING  | 3244:22928 | __main__:resp_jsl:363 - 请求失败（尝试 9/10）: expected string or bytes-like object
2026-06-24 10:38:46.689 | WARNING  | 3244:22928 | __main__:resp_jsl:363 - 请求失败（尝试 10/10）: expected string or bytes-like object
2026-06-24 10:38:46.689 | WARNING  | 3244:22928 | __main__:main_qe:473 - 请求失败（尝试 2/10）: expected string or bytes-like object
2026-06-24 10:38:46.734 | WARNING  | 3244:22928 | __main__:resp_jsl:363 - 请求失败（尝试 1/10）: expected string or bytes-like object
2026-06-24 10:38:46.735 | WARNING  | 3244:22928 | __main__:resp_jsl:363 - 请求失败（尝试 2/10）: expected string or bytes-like object
2026-06-24 10:38:46.735 | WARNING  | 3244:22928 | __main__:resp_jsl:363 - 请求失败（尝试 3/10）: expected string or bytes-like object
2026-06-24 10:38:46.735 | WARNING  | 3244:22928 | __main__:resp_jsl:363 - 请求失败（尝试 4/10）: expected string or bytes-like object
2026-06-24 10:38:46.735 | WARNING  | 3244:22928 | __main__:resp_jsl:363 - 请求失败（尝试 5/10）: expected string or bytes-like object
2026-06-24 10:38:46.735 | WARNING  | 3244:22928 | __main__:resp_jsl:363 - 请求失败（尝试 6/10）: expected string or bytes-like object
2026-06-24 10:38:46.735 | WARNING  | 3244:22928 | __main__:resp_jsl:363 - 请求失败（尝试 7/10）: expected string or bytes-like object
2026-06-24 10:38:46.735 | WARNING  | 3244:22928 | __main__:resp_jsl:363 - 请求失败（尝试 8/10）: expected string or bytes-like object
2026-06-24 10:38:46.735 | WARNING  | 3244:22928 | __main__:resp_jsl:363 - 请求失败（尝试 9/10）: expected string or bytes-like object
2026-06-24 10:38:46.735 | WARNING  | 3244:22928 | __main__:resp_jsl:363 - 请求失败（尝试 10/10）: expected string or bytes-like object
2026-06-24 10:38:46.735 | WARNING  | 3244:22928 | __main__:main_qe:473 - 请求失败（尝试 3/10）: expected string or bytes-like object
2026-06-24 10:38:46.784 | WARNING  | 3244:22928 | __main__:resp_jsl:363 - 请求失败（尝试 1/10）: expected string or bytes-like object
2026-06-24 10:38:46.784 | WARNING  | 3244:22928 | __main__:resp_jsl:363 - 请求失败（尝试 2/10）: expected string or bytes-like object
2026-06-24 10:38:46.784 | WARNING  | 3244:22928 | __main__:resp_jsl:363 - 请求失败（尝试 3/10）: expected string or bytes-like object
2026-06-24 10:38:46.784 | WARNING  | 3244:22928 | __main__:resp_jsl:363 - 请求失败（尝试 4/10）: expected string or bytes-like object
2026-06-24 10:38:46.784 | WARNING  | 3244:22928 | __main__:resp_jsl:363 - 请求失败（尝试 5/10）: expected string or bytes-like object
2026-06-24 10:38:46.784 | WARNING  | 3244:22928 | __main__:resp_jsl:363 - 请求失败（尝试 6/10）: expected string or bytes-like object
2026-06-24 10:38:46.784 | WARNING  | 3244:22928 | __main__:resp_jsl:363 - 请求失败（尝试 7/10）: expected string or bytes-like object
2026-06-24 10:38:46.784 | WARNING  | 3244:22928 | __main__:resp_jsl:363 - 请求失败（尝试 8/10）: expected string or bytes-like object
2026-06-24 10:38:46.784 | WARNING  | 3244:22928 | __main__:resp_jsl:363 - 请求失败（尝试 9/10）: expected string or bytes-like object
2026-06-24 10:38:46.784 | WARNING  | 3244:22928 | __main__:resp_jsl:363 - 请求失败（尝试 10/10）: expected string or bytes-like object
2026-06-24 10:38:46.784 | WARNING  | 3244:22928 | __main__:main_qe:473 - 请求失败（尝试 4/10）: expected string or bytes-like object
2026-06-24 10:38:46.840 | WARNING  | 3244:22928 | __main__:resp_jsl:363 - 请求失败（尝试 1/10）: expected string or bytes-like object
2026-06-24 10:38:46.840 | WARNING  | 3244:22928 | __main__:resp_jsl:363 - 请求失败（尝试 2/10）: expected string or bytes-like object
2026-06-24 10:38:46.841 | WARNING  | 3244:22928 | __main__:resp_jsl:363 - 请求失败（尝试 3/10）: expected string or bytes-like object
2026-06-24 10:38:46.841 | WARNING  | 3244:22928 | __main__:resp_jsl:363 - 请求失败（尝试 4/10）: expected string or bytes-like object
2026-06-24 10:38:46.841 | WARNING  | 3244:22928 | __main__:resp_jsl:363 - 请求失败（尝试 5/10）: expected string or bytes-like object
2026-06-24 10:38:46.841 | WARNING  | 3244:22928 | __main__:resp_jsl:363 - 请求失败（尝试 6/10）: expected string or bytes-like object
2026-06-24 10:38:46.841 | WARNING  | 3244:22928 | __main__:resp_jsl:363 - 请求失败（尝试 7/10）: expected string or bytes-like object
2026-06-24 10:38:46.841 | WARNING  | 3244:22928 | __main__:resp_jsl:363 - 请求失败（尝试 8/10）: expected string or bytes-like object
2026-06-24 10:38:46.841 | WARNING  | 3244:22928 | __main__:resp_jsl:363 - 请求失败（尝试 9/10）: expected string or bytes-like object
2026-06-24 10:38:46.841 | WARNING  | 3244:22928 | __main__:resp_jsl:363 - 请求失败（尝试 10/10）: expected string or bytes-like object
2026-06-24 10:38:46.841 | WARNING  | 3244:22928 | __main__:main_qe:473 - 请求失败（尝试 5/10）: expected string or bytes-like object
2026-06-24 10:38:46.893 | WARNING  | 3244:22928 | __main__:resp_jsl:363 - 请求失败（尝试 1/10）: expected string or bytes-like object
2026-06-24 10:38:46.894 | WARNING  | 3244:22928 | __main__:resp_jsl:363 - 请求失败（尝试 2/10）: expected string or bytes-like object
2026-06-24 10:38:46.894 | WARNING  | 3244:22928 | __main__:resp_jsl:363 - 请求失败（尝试 3/10）: expected string or bytes-like object
2026-06-24 10:38:46.894 | WARNING  | 3244:22928 | __main__:resp_jsl:363 - 请求失败（尝试 4/10）: expected string or bytes-like object
2026-06-24 10:38:46.894 | WARNING  | 3244:22928 | __main__:resp_jsl:363 - 请求失败（尝试 5/10）: expected string or bytes-like object
2026-06-24 10:38:46.894 | WARNING  | 3244:22928 | __main__:resp_jsl:363 - 请求失败（尝试 6/10）: expected string or bytes-like object
2026-06-24 10:38:46.894 | WARNING  | 3244:22928 | __main__:resp_jsl:363 - 请求失败（尝试 7/10）: expected string or bytes-like object
2026-06-24 10:38:46.894 | WARNING  | 3244:22928 | __main__:resp_jsl:363 - 请求失败（尝试 8/10）: expected string or bytes-like object
2026-06-24 10:38:46.894 | WARNING  | 3244:22928 | __main__:resp_jsl:363 - 请求失败（尝试 9/10）: expected string or bytes-like object
2026-06-24 10:38:46.894 | WARNING  | 3244:22928 | __main__:resp_jsl:363 - 请求失败（尝试 10/10）: expected string or bytes-like object
2026-06-24 10:38:46.894 | WARNING  | 3244:22928 | __main__:main_qe:473 - 请求失败（尝试 6/10）: expected string or bytes-like object
2026-06-24 10:38:46.943 | WARNING  | 3244:22928 | __main__:resp_jsl:363 - 请求失败（尝试 1/10）: expected string or bytes-like object
2026-06-24 10:38:46.943 | WARNING  | 3244:22928 | __main__:resp_jsl:363 - 请求失败（尝试 2/10）: expected string or bytes-like object
2026-06-24 10:38:46.943 | WARNING  | 3244:22928 | __main__:resp_jsl:363 - 请求失败（尝试 3/10）: expected string or bytes-like object
2026-06-24 10:38:46.943 | WARNING  | 3244:22928 | __main__:resp_jsl:363 - 请求失败（尝试 4/10）: expected string or bytes-like object
2026-06-24 10:38:46.943 | WARNING  | 3244:22928 | __main__:resp_jsl:363 - 请求失败（尝试 5/10）: expected string or bytes-like object
2026-06-24 10:38:46.943 | WARNING  | 3244:22928 | __main__:resp_jsl:363 - 请求失败（尝试 6/10）: expected string or bytes-like object
2026-06-24 10:38:46.943 | WARNING  | 3244:22928 | __main__:resp_jsl:363 - 请求失败（尝试 7/10）: expected string or bytes-like object
2026-06-24 10:38:46.943 | WARNING  | 3244:22928 | __main__:resp_jsl:363 - 请求失败（尝试 8/10）: expected string or bytes-like object
2026-06-24 10:38:46.943 | WARNING  | 3244:22928 | __main__:resp_jsl:363 - 请求失败（尝试 9/10）: expected string or bytes-like object
2026-06-24 10:38:46.943 | WARNING  | 3244:22928 | __main__:resp_jsl:363 - 请求失败（尝试 10/10）: expected string or bytes-like object
2026-06-24 10:38:46.943 | WARNING  | 3244:22928 | __main__:main_qe:473 - 请求失败（尝试 7/10）: expected string or bytes-like object
2026-06-24 10:38:46.993 | WARNING  | 3244:22928 | __main__:resp_jsl:363 - 请求失败（尝试 1/10）: expected string or bytes-like object
2026-06-24 10:38:46.993 | WARNING  | 3244:22928 | __main__:resp_jsl:363 - 请求失败（尝试 2/10）: expected string or bytes-like object
2026-06-24 10:38:46.993 | WARNING  | 3244:22928 | __main__:resp_jsl:363 - 请求失败（尝试 3/10）: expected string or bytes-like object
2026-06-24 10:38:46.993 | WARNING  | 3244:22928 | __main__:resp_jsl:363 - 请求失败（尝试 4/10）: expected string or bytes-like object
2026-06-24 10:38:46.993 | WARNING  | 3244:22928 | __main__:resp_jsl:363 - 请求失败（尝试 5/10）: expected string or bytes-like object
2026-06-24 10:38:46.993 | WARNING  | 3244:22928 | __main__:resp_jsl:363 - 请求失败（尝试 6/10）: expected string or bytes-like object
2026-06-24 10:38:46.993 | WARNING  | 3244:22928 | __main__:resp_jsl:363 - 请求失败（尝试 7/10）: expected string or bytes-like object
2026-06-24 10:38:46.993 | WARNING  | 3244:22928 | __main__:resp_jsl:363 - 请求失败（尝试 8/10）: expected string or bytes-like object
2026-06-24 10:38:46.993 | WARNING  | 3244:22928 | __main__:resp_jsl:363 - 请求失败（尝试 9/10）: expected string or bytes-like object
2026-06-24 10:38:46.993 | WARNING  | 3244:22928 | __main__:resp_jsl:363 - 请求失败（尝试 10/10）: expected string or bytes-like object
2026-06-24 10:38:46.993 | WARNING  | 3244:22928 | __main__:main_qe:473 - 请求失败（尝试 8/10）: expected string or bytes-like object
2026-06-24 10:38:47.039 | WARNING  | 3244:22928 | __main__:resp_jsl:363 - 请求失败（尝试 1/10）: expected string or bytes-like object
2026-06-24 10:38:47.040 | WARNING  | 3244:22928 | __main__:resp_jsl:363 - 请求失败（尝试 2/10）: expected string or bytes-like object
2026-06-24 10:38:47.040 | WARNING  | 3244:22928 | __main__:resp_jsl:363 - 请求失败（尝试 3/10）: expected string or bytes-like object
2026-06-24 10:38:47.040 | WARNING  | 3244:22928 | __main__:resp_jsl:363 - 请求失败（尝试 4/10）: expected string or bytes-like object
2026-06-24 10:38:47.040 | WARNING  | 3244:22928 | __main__:resp_jsl:363 - 请求失败（尝试 5/10）: expected string or bytes-like object
2026-06-24 10:38:47.040 | WARNING  | 3244:22928 | __main__:resp_jsl:363 - 请求失败（尝试 6/10）: expected string or bytes-like object
2026-06-24 10:38:47.040 | WARNING  | 3244:22928 | __main__:resp_jsl:363 - 请求失败（尝试 7/10）: expected string or bytes-like object
2026-06-24 10:38:47.040 | WARNING  | 3244:22928 | __main__:resp_jsl:363 - 请求失败（尝试 8/10）: expected string or bytes-like object
2026-06-24 10:38:47.040 | WARNING  | 3244:22928 | __main__:resp_jsl:363 - 请求失败（尝试 9/10）: expected string or bytes-like object
2026-06-24 10:38:47.040 | WARNING  | 3244:22928 | __main__:resp_jsl:363 - 请求失败（尝试 10/10）: expected string or bytes-like object
2026-06-24 10:38:47.040 | WARNING  | 3244:22928 | __main__:main_qe:473 - 请求失败（尝试 9/10）: expected string or bytes-like object
2026-06-24 10:38:47.089 | WARNING  | 3244:22928 | __main__:resp_jsl:363 - 请求失败（尝试 1/10）: expected string or bytes-like object
2026-06-24 10:38:47.090 | WARNING  | 3244:22928 | __main__:resp_jsl:363 - 请求失败（尝试 2/10）: expected string or bytes-like object
2026-06-24 10:38:47.090 | WARNING  | 3244:22928 | __main__:resp_jsl:363 - 请求失败（尝试 3/10）: expected string or bytes-like object
2026-06-24 10:38:47.090 | WARNING  | 3244:22928 | __main__:resp_jsl:363 - 请求失败（尝试 4/10）: expected string or bytes-like object
2026-06-24 10:38:47.090 | WARNING  | 3244:22928 | __main__:resp_jsl:363 - 请求失败（尝试 5/10）: expected string or bytes-like object
2026-06-24 10:38:47.090 | WARNING  | 3244:22928 | __main__:resp_jsl:363 - 请求失败（尝试 6/10）: expected string or bytes-like object
2026-06-24 10:38:47.090 | WARNING  | 3244:22928 | __main__:resp_jsl:363 - 请求失败（尝试 7/10）: expected string or bytes-like object
2026-06-24 10:38:47.090 | WARNING  | 3244:22928 | __main__:resp_jsl:363 - 请求失败（尝试 8/10）: expected string or bytes-like object
2026-06-24 10:38:47.090 | WARNING  | 3244:22928 | __main__:resp_jsl:363 - 请求失败（尝试 9/10）: expected string or bytes-like object
2026-06-24 10:38:47.090 | WARNING  | 3244:22928 | __main__:resp_jsl:363 - 请求失败（尝试 10/10）: expected string or bytes-like object
2026-06-24 10:38:47.090 | WARNING  | 3244:22928 | __main__:main_qe:473 - 请求失败（尝试 10/10）: expected string or bytes-like object
2026-06-24 10:38:47.090 | INFO     | 3244:22928 | __main__:next_login:1729 - main_qe pass盾异常:expected string or bytes-like object
2026-06-24 10:38:47.090 | INFO     | 3244:22928 | __main__:main:1752 - 主流程异常: 访问首页异常！！
2026-06-24 10:38:47.091 | INFO     | 3244:22928 | __main__:close_mongo_connection:1701 - MongoDB连接已关闭
2026-06-24 10:39:40.438 | INFO     | 7132:23612 | __main__:next_login:1711 - 使用账号: 18050400868
2026-06-24 10:39:40.593 | WARNING  | 7132:23612 | __main__:resp_jsl:363 - 请求失败（尝试 1/10）: expected string or bytes-like object
2026-06-24 10:39:40.593 | WARNING  | 7132:23612 | __main__:resp_jsl:363 - 请求失败（尝试 2/10）: expected string or bytes-like object
2026-06-24 10:39:40.593 | WARNING  | 7132:23612 | __main__:resp_jsl:363 - 请求失败（尝试 3/10）: expected string or bytes-like object
2026-06-24 10:39:40.594 | WARNING  | 7132:23612 | __main__:resp_jsl:363 - 请求失败（尝试 4/10）: expected string or bytes-like object
2026-06-24 10:39:40.594 | WARNING  | 7132:23612 | __main__:resp_jsl:363 - 请求失败（尝试 5/10）: expected string or bytes-like object
2026-06-24 10:39:40.594 | WARNING  | 7132:23612 | __main__:resp_jsl:363 - 请求失败（尝试 6/10）: expected string or bytes-like object
2026-06-24 10:39:40.594 | WARNING  | 7132:23612 | __main__:resp_jsl:363 - 请求失败（尝试 7/10）: expected string or bytes-like object
2026-06-24 10:39:40.594 | WARNING  | 7132:23612 | __main__:resp_jsl:363 - 请求失败（尝试 8/10）: expected string or bytes-like object
2026-06-24 10:39:40.594 | WARNING  | 7132:23612 | __main__:resp_jsl:363 - 请求失败（尝试 9/10）: expected string or bytes-like object
2026-06-24 10:39:40.595 | WARNING  | 7132:23612 | __main__:resp_jsl:363 - 请求失败（尝试 10/10）: expected string or bytes-like object
2026-06-24 10:39:40.595 | WARNING  | 7132:23612 | __main__:main_qe:473 - 请求失败（尝试 1/10）: expected string or bytes-like object
2026-06-24 10:39:40.653 | WARNING  | 7132:23612 | __main__:resp_jsl:363 - 请求失败（尝试 1/10）: expected string or bytes-like object
2026-06-24 10:39:40.653 | WARNING  | 7132:23612 | __main__:resp_jsl:363 - 请求失败（尝试 2/10）: expected string or bytes-like object
2026-06-24 10:39:40.653 | WARNING  | 7132:23612 | __main__:resp_jsl:363 - 请求失败（尝试 3/10）: expected string or bytes-like object
2026-06-24 10:39:40.653 | WARNING  | 7132:23612 | __main__:resp_jsl:363 - 请求失败（尝试 4/10）: expected string or bytes-like object
2026-06-24 10:39:40.653 | WARNING  | 7132:23612 | __main__:resp_jsl:363 - 请求失败（尝试 5/10）: expected string or bytes-like object
2026-06-24 10:39:40.653 | WARNING  | 7132:23612 | __main__:resp_jsl:363 - 请求失败（尝试 6/10）: expected string or bytes-like object
2026-06-24 10:39:40.653 | WARNING  | 7132:23612 | __main__:resp_jsl:363 - 请求失败（尝试 7/10）: expected string or bytes-like object
2026-06-24 10:39:40.654 | WARNING  | 7132:23612 | __main__:resp_jsl:363 - 请求失败（尝试 8/10）: expected string or bytes-like object
2026-06-24 10:39:40.654 | WARNING  | 7132:23612 | __main__:resp_jsl:363 - 请求失败（尝试 9/10）: expected string or bytes-like object
2026-06-24 10:39:40.654 | WARNING  | 7132:23612 | __main__:resp_jsl:363 - 请求失败（尝试 10/10）: expected string or bytes-like object
2026-06-24 10:39:40.654 | WARNING  | 7132:23612 | __main__:main_qe:473 - 请求失败（尝试 2/10）: expected string or bytes-like object
2026-06-24 10:39:40.705 | WARNING  | 7132:23612 | __main__:resp_jsl:363 - 请求失败（尝试 1/10）: expected string or bytes-like object
2026-06-24 10:39:40.706 | WARNING  | 7132:23612 | __main__:resp_jsl:363 - 请求失败（尝试 2/10）: expected string or bytes-like object
2026-06-24 10:39:40.706 | WARNING  | 7132:23612 | __main__:resp_jsl:363 - 请求失败（尝试 3/10）: expected string or bytes-like object
2026-06-24 10:39:40.706 | WARNING  | 7132:23612 | __main__:resp_jsl:363 - 请求失败（尝试 4/10）: expected string or bytes-like object
2026-06-24 10:39:40.706 | WARNING  | 7132:23612 | __main__:resp_jsl:363 - 请求失败（尝试 5/10）: expected string or bytes-like object
2026-06-24 10:39:40.706 | WARNING  | 7132:23612 | __main__:resp_jsl:363 - 请求失败（尝试 6/10）: expected string or bytes-like object
2026-06-24 10:39:40.706 | WARNING  | 7132:23612 | __main__:resp_jsl:363 - 请求失败（尝试 7/10）: expected string or bytes-like object
2026-06-24 10:39:40.707 | WARNING  | 7132:23612 | __main__:resp_jsl:363 - 请求失败（尝试 8/10）: expected string or bytes-like object
2026-06-24 10:39:40.707 | WARNING  | 7132:23612 | __main__:resp_jsl:363 - 请求失败（尝试 9/10）: expected string or bytes-like object
2026-06-24 10:39:40.707 | WARNING  | 7132:23612 | __main__:resp_jsl:363 - 请求失败（尝试 10/10）: expected string or bytes-like object
2026-06-24 10:39:40.707 | WARNING  | 7132:23612 | __main__:main_qe:473 - 请求失败（尝试 3/10）: expected string or bytes-like object
2026-06-24 10:39:40.762 | WARNING  | 7132:23612 | __main__:resp_jsl:363 - 请求失败（尝试 1/10）: expected string or bytes-like object
2026-06-24 10:39:40.762 | WARNING  | 7132:23612 | __main__:resp_jsl:363 - 请求失败（尝试 2/10）: expected string or bytes-like object
2026-06-24 10:39:40.762 | WARNING  | 7132:23612 | __main__:resp_jsl:363 - 请求失败（尝试 3/10）: expected string or bytes-like object
2026-06-24 10:39:40.763 | WARNING  | 7132:23612 | __main__:resp_jsl:363 - 请求失败（尝试 4/10）: expected string or bytes-like object
2026-06-24 10:39:40.763 | WARNING  | 7132:23612 | __main__:resp_jsl:363 - 请求失败（尝试 5/10）: expected string or bytes-like object
2026-06-24 10:39:40.763 | WARNING  | 7132:23612 | __main__:resp_jsl:363 - 请求失败（尝试 6/10）: expected string or bytes-like object
2026-06-24 10:39:40.763 | WARNING  | 7132:23612 | __main__:resp_jsl:363 - 请求失败（尝试 7/10）: expected string or bytes-like object
2026-06-24 10:39:40.763 | WARNING  | 7132:23612 | __main__:resp_jsl:363 - 请求失败（尝试 8/10）: expected string or bytes-like object
2026-06-24 10:39:40.763 | WARNING  | 7132:23612 | __main__:resp_jsl:363 - 请求失败（尝试 9/10）: expected string or bytes-like object
2026-06-24 10:39:40.763 | WARNING  | 7132:23612 | __main__:resp_jsl:363 - 请求失败（尝试 10/10）: expected string or bytes-like object
2026-06-24 10:39:40.765 | WARNING  | 7132:23612 | __main__:main_qe:473 - 请求失败（尝试 4/10）: expected string or bytes-like object
2026-06-24 10:39:40.814 | WARNING  | 7132:23612 | __main__:resp_jsl:363 - 请求失败（尝试 1/10）: expected string or bytes-like object
2026-06-24 10:39:40.814 | WARNING  | 7132:23612 | __main__:resp_jsl:363 - 请求失败（尝试 2/10）: expected string or bytes-like object
2026-06-24 10:39:40.815 | WARNING  | 7132:23612 | __main__:resp_jsl:363 - 请求失败（尝试 3/10）: expected string or bytes-like object
2026-06-24 10:39:40.815 | WARNING  | 7132:23612 | __main__:resp_jsl:363 - 请求失败（尝试 4/10）: expected string or bytes-like object
2026-06-24 10:39:40.815 | WARNING  | 7132:23612 | __main__:resp_jsl:363 - 请求失败（尝试 5/10）: expected string or bytes-like object
2026-06-24 10:39:40.815 | WARNING  | 7132:23612 | __main__:resp_jsl:363 - 请求失败（尝试 6/10）: expected string or bytes-like object
2026-06-24 10:39:40.815 | WARNING  | 7132:23612 | __main__:resp_jsl:363 - 请求失败（尝试 7/10）: expected string or bytes-like object
2026-06-24 10:39:40.815 | WARNING  | 7132:23612 | __main__:resp_jsl:363 - 请求失败（尝试 8/10）: expected string or bytes-like object
2026-06-24 10:39:40.816 | WARNING  | 7132:23612 | __main__:resp_jsl:363 - 请求失败（尝试 9/10）: expected string or bytes-like object
2026-06-24 10:39:40.816 | WARNING  | 7132:23612 | __main__:resp_jsl:363 - 请求失败（尝试 10/10）: expected string or bytes-like object
2026-06-24 10:39:40.816 | WARNING  | 7132:23612 | __main__:main_qe:473 - 请求失败（尝试 5/10）: expected string or bytes-like object
2026-06-24 10:39:40.868 | WARNING  | 7132:23612 | __main__:resp_jsl:363 - 请求失败（尝试 1/10）: expected string or bytes-like object
2026-06-24 10:39:40.868 | WARNING  | 7132:23612 | __main__:resp_jsl:363 - 请求失败（尝试 2/10）: expected string or bytes-like object
2026-06-24 10:39:40.869 | WARNING  | 7132:23612 | __main__:resp_jsl:363 - 请求失败（尝试 3/10）: expected string or bytes-like object
2026-06-24 10:39:40.869 | WARNING  | 7132:23612 | __main__:resp_jsl:363 - 请求失败（尝试 4/10）: expected string or bytes-like object
2026-06-24 10:39:40.869 | WARNING  | 7132:23612 | __main__:resp_jsl:363 - 请求失败（尝试 5/10）: expected string or bytes-like object
2026-06-24 10:39:40.869 | WARNING  | 7132:23612 | __main__:resp_jsl:363 - 请求失败（尝试 6/10）: expected string or bytes-like object
2026-06-24 10:39:40.869 | WARNING  | 7132:23612 | __main__:resp_jsl:363 - 请求失败（尝试 7/10）: expected string or bytes-like object
2026-06-24 10:39:40.870 | WARNING  | 7132:23612 | __main__:resp_jsl:363 - 请求失败（尝试 8/10）: expected string or bytes-like object
2026-06-24 10:39:40.870 | WARNING  | 7132:23612 | __main__:resp_jsl:363 - 请求失败（尝试 9/10）: expected string or bytes-like object
2026-06-24 10:39:40.870 | WARNING  | 7132:23612 | __main__:resp_jsl:363 - 请求失败（尝试 10/10）: expected string or bytes-like object
2026-06-24 10:39:40.870 | WARNING  | 7132:23612 | __main__:main_qe:473 - 请求失败（尝试 6/10）: expected string or bytes-like object
2026-06-24 10:39:40.918 | WARNING  | 7132:23612 | __main__:resp_jsl:363 - 请求失败（尝试 1/10）: expected string or bytes-like object
2026-06-24 10:39:40.918 | WARNING  | 7132:23612 | __main__:resp_jsl:363 - 请求失败（尝试 2/10）: expected string or bytes-like object
2026-06-24 10:39:40.919 | WARNING  | 7132:23612 | __main__:resp_jsl:363 - 请求失败（尝试 3/10）: expected string or bytes-like object
2026-06-24 10:39:40.919 | WARNING  | 7132:23612 | __main__:resp_jsl:363 - 请求失败（尝试 4/10）: expected string or bytes-like object
2026-06-24 10:39:40.919 | WARNING  | 7132:23612 | __main__:resp_jsl:363 - 请求失败（尝试 5/10）: expected string or bytes-like object
2026-06-24 10:39:40.919 | WARNING  | 7132:23612 | __main__:resp_jsl:363 - 请求失败（尝试 6/10）: expected string or bytes-like object
2026-06-24 10:39:40.919 | WARNING  | 7132:23612 | __main__:resp_jsl:363 - 请求失败（尝试 7/10）: expected string or bytes-like object
2026-06-24 10:39:40.920 | WARNING  | 7132:23612 | __main__:resp_jsl:363 - 请求失败（尝试 8/10）: expected string or bytes-like object
2026-06-24 10:39:40.920 | WARNING  | 7132:23612 | __main__:resp_jsl:363 - 请求失败（尝试 9/10）: expected string or bytes-like object
2026-06-24 10:39:40.920 | WARNING  | 7132:23612 | __main__:resp_jsl:363 - 请求失败（尝试 10/10）: expected string or bytes-like object
2026-06-24 10:39:40.920 | WARNING  | 7132:23612 | __main__:main_qe:473 - 请求失败（尝试 7/10）: expected string or bytes-like object
2026-06-24 10:39:40.964 | WARNING  | 7132:23612 | __main__:resp_jsl:363 - 请求失败（尝试 1/10）: expected string or bytes-like object
2026-06-24 10:39:40.964 | WARNING  | 7132:23612 | __main__:resp_jsl:363 - 请求失败（尝试 2/10）: expected string or bytes-like object
2026-06-24 10:39:40.965 | WARNING  | 7132:23612 | __main__:resp_jsl:363 - 请求失败（尝试 3/10）: expected string or bytes-like object
2026-06-24 10:39:40.965 | WARNING  | 7132:23612 | __main__:resp_jsl:363 - 请求失败（尝试 4/10）: expected string or bytes-like object
2026-06-24 10:39:40.965 | WARNING  | 7132:23612 | __main__:resp_jsl:363 - 请求失败（尝试 5/10）: expected string or bytes-like object
2026-06-24 10:39:40.965 | WARNING  | 7132:23612 | __main__:resp_jsl:363 - 请求失败（尝试 6/10）: expected string or bytes-like object
2026-06-24 10:39:40.965 | WARNING  | 7132:23612 | __main__:resp_jsl:363 - 请求失败（尝试 7/10）: expected string or bytes-like object
2026-06-24 10:39:40.965 | WARNING  | 7132:23612 | __main__:resp_jsl:363 - 请求失败（尝试 8/10）: expected string or bytes-like object
2026-06-24 10:39:40.965 | WARNING  | 7132:23612 | __main__:resp_jsl:363 - 请求失败（尝试 9/10）: expected string or bytes-like object
2026-06-24 10:39:40.965 | WARNING  | 7132:23612 | __main__:resp_jsl:363 - 请求失败（尝试 10/10）: expected string or bytes-like object
2026-06-24 10:39:40.966 | WARNING  | 7132:23612 | __main__:main_qe:473 - 请求失败（尝试 8/10）: expected string or bytes-like object
2026-06-24 10:39:41.011 | WARNING  | 7132:23612 | __main__:resp_jsl:363 - 请求失败（尝试 1/10）: expected string or bytes-like object
2026-06-24 10:39:41.011 | WARNING  | 7132:23612 | __main__:resp_jsl:363 - 请求失败（尝试 2/10）: expected string or bytes-like object
2026-06-24 10:39:41.011 | WARNING  | 7132:23612 | __main__:resp_jsl:363 - 请求失败（尝试 3/10）: expected string or bytes-like object
2026-06-24 10:39:41.011 | WARNING  | 7132:23612 | __main__:resp_jsl:363 - 请求失败（尝试 4/10）: expected string or bytes-like object
2026-06-24 10:39:41.013 | WARNING  | 7132:23612 | __main__:resp_jsl:363 - 请求失败（尝试 5/10）: expected string or bytes-like object
2026-06-24 10:39:41.013 | WARNING  | 7132:23612 | __main__:resp_jsl:363 - 请求失败（尝试 6/10）: expected string or bytes-like object
2026-06-24 10:39:41.013 | WARNING  | 7132:23612 | __main__:resp_jsl:363 - 请求失败（尝试 7/10）: expected string or bytes-like object
2026-06-24 10:39:41.013 | WARNING  | 7132:23612 | __main__:resp_jsl:363 - 请求失败（尝试 8/10）: expected string or bytes-like object
2026-06-24 10:39:41.013 | WARNING  | 7132:23612 | __main__:resp_jsl:363 - 请求失败（尝试 9/10）: expected string or bytes-like object
2026-06-24 10:39:41.014 | WARNING  | 7132:23612 | __main__:resp_jsl:363 - 请求失败（尝试 10/10）: expected string or bytes-like object
2026-06-24 10:39:41.014 | WARNING  | 7132:23612 | __main__:main_qe:473 - 请求失败（尝试 9/10）: expected string or bytes-like object
2026-06-24 10:39:41.068 | WARNING  | 7132:23612 | __main__:resp_jsl:363 - 请求失败（尝试 1/10）: expected string or bytes-like object
2026-06-24 10:39:41.068 | WARNING  | 7132:23612 | __main__:resp_jsl:363 - 请求失败（尝试 2/10）: expected string or bytes-like object
2026-06-24 10:39:41.068 | WARNING  | 7132:23612 | __main__:resp_jsl:363 - 请求失败（尝试 3/10）: expected string or bytes-like object
2026-06-24 10:39:41.068 | WARNING  | 7132:23612 | __main__:resp_jsl:363 - 请求失败（尝试 4/10）: expected string or bytes-like object
2026-06-24 10:39:41.068 | WARNING  | 7132:23612 | __main__:resp_jsl:363 - 请求失败（尝试 5/10）: expected string or bytes-like object
2026-06-24 10:39:41.068 | WARNING  | 7132:23612 | __main__:resp_jsl:363 - 请求失败（尝试 6/10）: expected string or bytes-like object
2026-06-24 10:39:41.069 | WARNING  | 7132:23612 | __main__:resp_jsl:363 - 请求失败（尝试 7/10）: expected string or bytes-like object
2026-06-24 10:39:41.069 | WARNING  | 7132:23612 | __main__:resp_jsl:363 - 请求失败（尝试 8/10）: expected string or bytes-like object
2026-06-24 10:39:41.069 | WARNING  | 7132:23612 | __main__:resp_jsl:363 - 请求失败（尝试 9/10）: expected string or bytes-like object
2026-06-24 10:39:41.069 | WARNING  | 7132:23612 | __main__:resp_jsl:363 - 请求失败（尝试 10/10）: expected string or bytes-like object
2026-06-24 10:39:41.069 | WARNING  | 7132:23612 | __main__:main_qe:473 - 请求失败（尝试 10/10）: expected string or bytes-like object
2026-06-24 10:39:41.069 | INFO     | 7132:23612 | __main__:next_login:1729 - main_qe pass盾异常:expected string or bytes-like object
2026-06-24 10:39:41.069 | INFO     | 7132:23612 | __main__:main:1752 - 主流程异常: 访问首页异常！！
2026-06-24 10:39:41.070 | INFO     | 7132:23612 | __main__:close_mongo_connection:1701 - MongoDB连接已关闭
2026-06-24 10:40:19.879 | INFO     | 23596:21016 | __main__:next_login:1711 - 使用账号: 18050400868
2026-06-24 10:40:20.040 | INFO     | 23596:21016 | __main__:main_qe:453 - 加速乐第一次请求的状态码:<Response [521]>
2026-06-24 10:40:20.195 | INFO     | 23596:21016 | __main__:jsl:326 - 加速乐第二次请求的状态码:<Response [521]>
2026-06-24 10:40:29.109 | INFO     | 23596:21016 | __main__:resp_jsl:360 - 加速乐第三次请求得到瑞数返回的状态码:<Response [412]>
2026-06-24 10:40:41.004 | SUCCESS  | 23596:21016 | __main__:first_req:305 - <!DOCTYPE html PUBLIC "-//W3C//DTD XHTML 1.0 Transitional//EN" "http://www.w3.org/TR/xhtml1/DTD/xhtml1-transitional.dtd">
<html>
<head>
<meta http-equiv="Content-Type" content="text/html; charset=utf-8">
<meta id="9pRNs2oivtAo" content="jwJyFU6WBy57F62xY5E0wqmYGpbQcSNq6Is0m0ctUjgLxWHcA61GQVURz_4VEnqF1OaSfuv-zWcK4WNWpTFTQYQuYwh3Bm-Zy2cO6eRFyAmuPCVSrXGec4B7IW9y5qOtE1syNWjmq_1-Xu3NF_gNW4oGMUPEQ1jHUeTEUD4dVRC_dZzDVtQ25a" r='m'><!--[if lt IE 9]><script r='m'>document.createElement("section")</script><![endif]--><script src="/1eeb27c_268ab095d.js"></script>
<script src="/ctct_bundle_c4152658.js"></script>
<script type="text/javascript" r='m'>$_ts=window['$_ts'];if(!$_ts)$_ts={};$_ts.nsd=76621;$_ts.cd="qxRSrcqlofLclaQkHaqFqrLrlnZdqrLoDGArhuZqDGEKtclThfAlEkZqcqlFrfWBHaqFrrLmlnZdqqGkDGqshSLolaQlDGVXmAAGDGqfckZqDG3FrSWBHaqFmSLclnZdqrLqDGlshuZqDfVFrrWBHaqKtr3dqrLDmPGuJ1gKrrGFqpWoqOZqDGQFmfWBHaqFqfLklnZFtPg4buV0ruWnJJaVsRe9Lcs7lgrO_dYjH54Qor5V7Iq285_5bCv095RFv50wPmgTtmXotKfoYRqpRabLqaljr3Qa3epcsuYNWvgudCNhIKrfMlDP3l26YvJnABqgsKxYWKxIZmL4HkpUwTkS3VQ53YJ6WWTbsDR9sbJPLbrPWYruYUuApkfPVk00MZTfQCNxMTxgn2q41OR-FUh8RuxiRCr0xj9_WKwOJsQbZ6q4IoJAFbn7slxPUYJjxj9_WKwOJsQbZ6q43kphUDITKKywYOppxj9_WKwOJsQbZ6q4UYYlYKo53srjRlYBxBJaiuRV3vwvCOrX1DlSFOHNp2w-WCTnAWezVvq5VbmBgYNcplpXV0udik2X3YRGizq6RDy1MPLgLkxP3u3TtbhjilTnVkRJVzr1sKSC3nLgLkxP3u3Ttbhjiorq3DmD3dRfMTmCMnLgLkxP3u3Ttbhjik2TY0f6iBRjwvmlFse559TPVKE0RukMWuqmrk3mi3N-womTwsgd-sQgJkl0HkCOJuACqu3eiIz2Wa30Wk3cjkW6WsEdJknjJA9aWsWCHjLTWsWYGcNEqDLzEYTXFfzMMTAF_pMjF7Vhg4xB2qnpbGWmqqWcxlnZ9CGgqafJKOyoxHeuPMJAK6IQISWto3vc3F5r9yXdqtLSWsQSJOEybkEtJkE5JOjBiuGSJcTW88fr8DTKIDqaLspJJs0-JO67F2f6WCmzx8Tn1UmEAvEZZbycwOpsIKHQqalSrk3mHS7uJ6ZNRCY-zKxzwn2vwDiT3vJLtKwn3MYf3KgNRDYZzKmNFn29FUPT3UL6tKVLFdffhDRjFnf-_UW7RvRTtDBjw1SfRoELMHYBhDmjR1f7ebrgtKmNQcseMbQN3DzLxHS7wc2GIbl9dCeftKJjRnsdM63N3C2jxHe7MvlN3DzZzKp9Rn2fMD8TRD2OtKm5xHmBQc2zwvA9ZUwOtKS2FnsaMK3NMDfzxHrzQn27wbV9ZorBtKevwPsu3vR9tKS0MIgBFvYPtby4zK2uFb7jFDo4hCSj3PNNHHGBMKpTtb2fd1ezMDGjFKHBhCTj31NNR5ZBMUVCtb2g-1ezwKAjFUOZRcSLwKlLR82uhDfCMnfv5C97FbR5tDI5RcSjFKALRdYbhDNS3cfv4CE7wKpTtoO_3vqNwKxPxi29M12TMCQ9_KeNtUYjMUBzh6r-3PN08HABQoYCtvpg41eawUm5toOjRnSTIcN0QILBQKSOtvYZg1eSRbNSJPs-3PS6RD7L8BfShowG31f_doq7wCGjwbUB31S6QKqL8XTXQc2CRDG9_bYgtURNtoBBRcSCQbQL85y2hoRZw1fZ5ol7QKpZtou581SSMDqLIHr2RP2SFUR_dDT0tUmn3Psz86ANQ6YGxieaQn2uwUW946z9tUxvQPsXRbxTtUmNFMY0MUWNQKzXdne6FbJGJPsXQ6WNQbJbRMY43bGNIbf4zUz7wv0jIDUTh6fTFcNZ8dVB8oZNIcfnZoWqqYLPM6PwUcpFUaxMhHm4rmLfKUAhjulnru0nrsb3WGqmrA3rHj9uWkVqWsE5juEqruQarsPRcOV6Js30itgSJaVlJGVy";if($_ts.lcd)$_ts.lcd();</script><script type="text/javascript" charset="utf-8" src="/cb4UuQtIG8gU/O3mmzGd2Kbfp.091bf33.js" r='m'></script></head>
<body>
</body>
</html>
<script type="text/javascript" r='m'>_$aF();</script>
<a href="/cb4UuQtIG8gU/eb8174c5/rgDp8BUwnXpq/xXaO62FCD2M2/Hfxsidvdj0Dj" style="display:none">APTg5OsyP_4B</a>

2026-06-24 10:40:55.334 | INFO     | 23596:21016 | __main__:main_qe:467 - _publicKey: MIIBIjANBgkqhkiG9w0BAQEFAAOCAQ8AMIIBCgKCAQEArqeSZx...
2026-06-24 10:40:59.683 | INFO     | 23596:21016 | __main__:main_qe:470 - fiKxeghI: alzNqXp0mXsSChi-uxDUPv7GUlJB6y...
2026-06-24 10:41:05.463 | SUCCESS  | 23596:21016 | __main__:send:597 - 验证码识别成功！！
2026-06-24 10:41:08.976 | INFO     | 23596:21016 | __main__:loginuser:683 - loginuser: status=200
2026-06-24 10:41:08.976 | SUCCESS  | 23596:21016 | __main__:loginuser:689 - 登录成功
2026-06-24 10:41:11.848 | SUCCESS  | 23596:21016 | __main__:next_login:1720 - 账号 18050400868 登录完成
2026-06-24 10:41:15.463 | INFO     | 23596:21016 | __main__:main:1742 - >>> 正在处理公司: 【阿里巴巴】 <<<
2026-06-24 10:41:16.790 | INFO     | 23596:21016 | __main__:detilinfo:1634 - ********************************************************************************
2026-06-24 10:41:16.791 | INFO     | 23596:21016 | __main__:detilinfo:1635 - 开始采集: 阿里巴巴
2026-06-24 10:41:16.791 | INFO     | 23596:21016 | __main__:detilinfo:1636 - ********************************************************************************
2026-06-24 10:41:16.791 | INFO     | 23596:21016 | __main__:detilinfo:1640 - [搜索] 正在搜索公司...
2026-06-24 10:41:21.128 | SUCCESS  | 23596:21016 | __main__:send:597 - 验证码识别成功！！
2026-06-24 10:41:27.734 | INFO     | 23596:21016 | __main__:searchcompany:764 - searchcompany状态码:<Response [200]>
2026-06-24 10:41:46.234 | INFO     | 23596:21016 | __main__:searchcompany:776 - ---------------------首次搜索-----------------------
2026-06-24 10:47:04.202 | INFO     | 23596:21016 | __main__:getdata:1050 - {'name': '阿里巴巴（中国）网络技术有限公司', 'link': 'https://shiming.gsxt.gov.cn/%7B402FD4CE71C7F2B8B6ACAB1D13CD79C6DCE5C5CB7D449A5AA117A8B28B6D7963645D8343B80E2E64AE115B91B1B696201857C46FA1AE098D82119D1916072A8B2AF52AF52A8B2AF5B8014505DA05A47BA47B3B82C69CD56187B46C62BC089A9D222C44B2FF72ADDFFFB57F5F66D2DCB4F926F926F926-1782268885246%7D', 'legalName': '蒋芳', 'business_status': '存续', 'gszch': '', 'tyxydm': '91330100716105852F', 'dateOfEstablishment': '1999年09月09日', 'oldCompanyNameList': []}
2026-06-24 10:47:04.204 | INFO     | 23596:21016 | __main__:getdata:1050 - {'name': '阿里巴巴信息港(广东)有限公司', 'link': 'https://shiming.gsxt.gov.cn/%7B305EA4BF01B682C9C6DDDB6C63BC09B7AC94B5BA0D35EA2BD166D8C3FB1C0912142CF332C87F5E15DE602BE0C1C7E6516826B41ED1DF79FCF260ED6866765A665A845A845AAD73B84F7367DF9A2DF3BF4809BEF22CF22C9B944A942C9B504C438856439D11CF83CFF3A8E055B2805956893CAFA91718713D716DCDBE9FD41F3E06B3BCD5994799479947-1782268885247%7D', 'legalName': '王朝阳', 'business_status': '存续（在营、开业、在册）', 'gszch': '', 'tyxydm': '91441600MA51G7H87U', 'dateOfEstablishment': '2018年03月29日', 'oldCompanyNameList': []}
2026-06-24 10:47:04.204 | INFO     | 23596:21016 | __main__:getdata:1050 - {'name': '阿里巴巴信息港（乌兰察布）有限公司', 'link': 'https://shiming.gsxt.gov.cn/%7B147A809B2592A6EDE2F9FF4847982D9388B0919E2911CE0FF542FCE7DF382D363008D716EC5B7A31FA440FC4E5E3C2754C02903AF5FB5DD8D644C94C42527E322EF02EF02E8ECBDFC37BF757F7E3DFB1A498DD1C08B0BFAB5C4975B4A06B9C8077CFD35F4B1058ED0A38E1EE31841711AFA0C985C9D57506276CA786BE0B046D21FF21FF21FF-1782268885247%7D', 'legalName': '王朝阳', 'business_status': '存续（在营、开业、在册）', 'gszch': '', 'tyxydm': '91150900MA0PWETR80', 'dateOfEstablishment': '2018年05月29日', 'oldCompanyNameList': []}
2026-06-24 10:47:04.205 | INFO     | 23596:21016 | __main__:getdata:1050 - {'name': '杭州阿里巴巴泽泰信息技术有限公司', 'link': 'https://shiming.gsxt.gov.cn/%7BF7996378C671450E011A1CABA47BCE706B53727DCAF22DEC16A11F043CDBCED5D3EB34F50FB899D219A7EC2706002196AFE173D91618BE3B35A72AAFA1B19D3D9D439D439D3D9D430F83BF61BF61BF1FC11F0346B1EAA217F0C21B14CB7EEDEB555A337F33723E4D6C27ECCDF5404F266AB46AB46AB4-1782268885247%7D', 'legalName': '沈沉', 'business_status': '存续', 'gszch': '', 'tyxydm': '91330110MA28054B7Q', 'dateOfEstablishment': '2016年11月15日', 'oldCompanyNameList': []}
2026-06-24 10:47:04.205 | INFO     | 23596:21016 | __main__:getdata:1050 - {'name': '阿里巴巴江苏信息科技有限公司', 'link': 'https://shiming.gsxt.gov.cn/%7B2DBDB95C1C559F2ADB3EC68F7E5F1454B177A85910D6F7C8CC85C520E6FF14F109CFEED1D59C43F6C3833603DC24FBB275C5A9FDCC3C641FEF83F08B7B954719A686A686A6F847676E4E6E4E6E4E6E4E6ED19728087A5A53E1C164D299804C6B9ABBF09D6525D443F143A1FF72AD182DF2347F8E19AB8BAB8BAB8B-1782268885248%7D', 'legalName': '王朝阳', 'business_status': '存续（在营、开业、在册）', 'gszch': '', 'tyxydm': '91320691MA221RTH5E', 'dateOfEstablishment': '2020年07月22日', 'oldCompanyNameList': []}
2026-06-24 10:47:04.206 | INFO     | 23596:21016 | __main__:getdata:1050 - {'name': '阿里巴巴信息港（江苏）有限公司', 'link': 'https://shiming.gsxt.gov.cn/%7B9B0B0FEAAAE3299C6D887039C8E9A2E207C11EEFA660417E7A3373965049A247BF795867632AF540753580B56A924D04C3731F4B7A8AD2A95935463DCD23F1AF10301030104EF1D1D8F8D8F8D8F8D8F8D86AD59371780A03BCB510A6EDF4381FEECF84E91151A0373E8C6E4EC31CA99C4385CE3FA81A3A1A3A1A3A-1782268885248%7D', 'legalName': '王朝阳', 'business_status': '存续（在营、开业、在册）', 'gszch': '', 'tyxydm': '91320691MA1W3E4N6N', 'dateOfEstablishment': '2018年02月06日', 'oldCompanyNameList': []}
2026-06-24 10:47:04.206 | INFO     | 23596:21016 | __main__:getdata:1050 - {'name': '杭州阿里巴巴海外数字商业有限公司', 'link': 'https://shiming.gsxt.gov.cn/%7B5ECECA2F6F26EC59A84DB5FC0D2C6727C204DB2A63A584BBBFF6B653958C67827ABC9DA2A6EF3085B0F04570AF5788C106B6DA8EBF4F176C9CF083F808E6346A34143414346A3414A686F4D4F4D4F4463472CD72C96CDA9188446392B3F8956D2DDC4B42F01232BF60D5E03FF9B243D4664666466646-1782268885248%7D', 'legalName': '蔡啸天', 'business_status': '存续', 'gszch': '', 'tyxydm': '91330108MA2HYCQMXY', 'dateOfEstablishment': '2020年06月18日', 'oldCompanyNameList': []}
2026-06-24 10:47:04.206 | INFO     | 23596:21016 | __main__:getdata:1050 - {'name': '北京阿里巴巴信息技术有限公司', 'link': 'https://shiming.gsxt.gov.cn/%7B5ACACE2B6B22E85DAC49B1F809286323C600DF2E67A180BFBBF2B257918863867EB899A6A2EB3481B4F44174AB538CC502B2DE8ABB4B136898F487FC0CE230823010301030434A0CBE77318A83317704D81A4230681A5C1AC6045A219AE9C9E920E2A41648ED5B1009C5E213327914ECAC5DCA78CA75CA47982D18C7014ABB2C9EBE9EBE9EBE-1782268885248%7D', 'legalName': '马云', 'business_status': '注销', 'gszch': '', 'tyxydm': '911101057001486120', 'dateOfEstablishment': '1998年10月14日', 'oldCompanyNameList': []}
2026-06-24 10:47:04.214 | INFO     | 23596:21016 | __main__:getdata:1050 - {'name': '阿里巴巴（张家口）信息科技有限公司', 'link': 'https://shiming.gsxt.gov.cn/%7BBA2B2ECA8BC308BC4CA85119E9C983C226E13FCF8740605E5B1352B6716983679E597947420AD4605415A1954BB26C24E2533E6B5BAAF3897815671DEC03D0633C1D3C1D3C8FD0F14B6A89A889A8893A84A51B3A1B684941604160DED672C58F975A7C8CACE68A7332C254E754EAB539E75367B97E34C452E1C0E1C0E1C0-1782268885249%7D', 'legalName': '王朝阳', 'business_status': '存续（在营、开业、在册）', 'gszch': '', 'tyxydm': '91130705MA0FAQEG6A', 'dateOfEstablishment': '2020年08月06日', 'oldCompanyNameList': ['阿里巴巴京西信息科技有限公司']}
2026-06-24 10:47:04.214 | INFO     | 23596:21016 | __main__:getdata:1050 - {'name': '海南阿里巴巴影业文化产业基金合伙企业（有限合伙）', 'link': 'https://shiming.gsxt.gov.cn/%7B08999C783971BA0EFE1AE3AB5B7B317094538D7D35F2D2ECE9A1E004C3DB31D52CEBCBF5F0B866D2E6A71327F900DE9650E18CD9E918413BCAA7D5AF5EB162A1A988A988A91AD96A4B6A4B6AD9F8D91A3B88A913A91764C0773D25E8CE3E1E5438C18070E625C699C64A942014CA0D47B72192B392B392B3-1782268885249%7D', 'legalName': '海南阿里巴巴影业管理有限公司', 'business_status': '存续（在营、开业、在册）', 'gszch': '', 'tyxydm': '91460100MA5RD3XY8M', 'dateOfEstablishment': '2016年08月01日', 'oldCompanyNameList': []}
2026-06-24 10:47:30.662 | INFO     | 23596:21016 | __main__:detilinfo:1647 - [搜索] 找到 10 家企业
2026-06-24 10:47:30.662 | INFO     | 23596:21016 | __main__:detilinfo:1655 - 
[1/10] 处理: 阿里巴巴（中国）网络技术有限公司
2026-06-24 10:47:30.663 | INFO     | 23596:21016 | __main__:_process_single_company:1568 - 
============================================================
采集公司: 阿里巴巴（中国）网络技术有限公司
============================================================
2026-06-24 10:47:30.663 | INFO     | 23596:21016 | __main__:vhpage:858 - ------------------提取工商数据----------------
2026-06-24 10:49:36.606 | INFO     | 23596:21016 | __main__:close_mongo_connection:1701 - MongoDB连接已关闭
2026-06-24 10:51:21.785 | INFO     | 4072:20560 | __main__:next_login:1709 - 使用账号: 18050400868
2026-06-24 10:51:21.969 | INFO     | 4072:20560 | __main__:main_qe:453 - 加速乐第一次请求的状态码:<Response [521]>
2026-06-24 10:51:22.231 | INFO     | 4072:20560 | __main__:jsl:326 - 加速乐第二次请求的状态码:<Response [521]>
2026-06-24 10:51:29.130 | INFO     | 4072:20560 | __main__:resp_jsl:360 - 加速乐第三次请求得到瑞数返回的状态码:<Response [412]>
2026-06-24 10:51:29.678 | SUCCESS  | 4072:20560 | __main__:first_req:305 - <!DOCTYPE html PUBLIC "-//W3C//DTD XHTML 1.0 Transitional//EN" "http://www.w3.org/TR/xhtml1/DTD/xhtml1-transitional.dtd">
<html>
<head>
<meta http-equiv="Content-Type" content="text/html; charset=utf-8">
<meta id="9pRNs2oivtAo" content="GtRlZ8A8-wHewWmQ7cCN7WqYb5Wt6LSOg-zHdfCNUEtjdnb-XOzlFtxBcHm1_3gCBJA-E_IuT1fKSB6Wi4TCBdvo-fbJ7jVXVjztWWZTYylVa2VZWIxA_g40wa3OLoU7YUD2auhhO30eyfR_11o3n9rFjI8TmJ-RydzcccWoFqJ6TIF13xki3q" r='m'><!--[if lt IE 9]><script r='m'>document.createElement("section")</script><![endif]--><script src="/1eeb27c_268ab095d.js"></script>
<script src="/ctct_bundle_c4152658.js"></script>
<script type="text/javascript" r='m'>$_ts=window['$_ts'];if(!$_ts)$_ts={};$_ts.nsd=74666;$_ts.cd="qhzSrPqlEfLqlaQmHaqFrSLllnZFqSWorrLalaQkHaqFrrLmlnZqr1gVWfVdqrLoDGAshuZqmPGYDOlsraAFr1gYrr7dqrLqDGl2huZqDGQFrrWBHaqFqfLkx1ZFqcgKrc7FrrWorsZqmfgUHaqKtrGFqclEHaqFrfLSlnZdqrLmDGEshSLrlaQcJGVXmaA1DGQsraAFqfWoqnarlaQcDG3XDqA3HaqFqfLTlnZFrfWoquZqDGAFrpWBDLLXiyZTJaQ0WOshby0TapxT95Y8TG_X3BJK_dLEjNYr_5l6ABP-6d3OENtByt_NmrkxzPMFgNFp9D7x-qWctGtoWDHAA9aTMOx5Wdzj1oTv3KSrNbrtwTmuQ9h0ilyPVOmPUdpFikauY6wAeKmlHbRswukxR9eb30yO3jRG3smUQTYZTlA432QeJDdx3Urjsbe18WyAilLSFC2nCbQSsbrGwcFziOxvRkV6xBwaioS0VDN7jlSr32NsFPFziOxvRkV6xBwaiDqu1TSvZY2zUYl0V1FziOxvRkV6xBwaimT1pmYf5bluFbJmMnM6QkGCVCx6RegaMVfbWKLu4VRVFupzQ9khMYmaiYxfM5YFAVpkM2JW5uG_MbRK3k-VJCwXYKgjitAn3KWSJ1NP4OfiQ2QCsYhVV9y7QKWjitAn3KWSJ1NP4OfuADwfpbHn3KSpQKZjitAn3KWSJ1NP4OG_wYrEwu-nFvYSAC9dIByJ3Ym2JDQa6uWurAWCrsbiF6wSQvV5H_96iuACJkaeNuQ6JGACHsvdRsqDWuqCqjauJklTHuAZ-OVtWk3uJO_XJsEulLqj1qpjhPmFMbLMUCeUDXgKpfYGZGno45gW2RgqrGQlqPp94oAfDpVXkR_dM6W3HjPNLRCuKGmROjB_DHdFm5EnsacXWkECWuWnHyancsATHO3_juL6HkEzJ2bzV9ypFm28pByHKYS0AC045krTA9NvYcUZK2RDMUVNWJfq3br91kYauqWcWAWCrsZIWupdhbw2F4mPMvQXR6pO7KxaFcyvQbDS3KxXhbp2IhmfFb7XRD2g7KmyJny2tDBZ31ebMK7LF5TuhCRSw1f-4vVB3KJntDuSMnefMKVLMHxG8n2bFUq95Ky9tKw-FcsgMoQNR6yfxHzB3P29FbQ95CeTtKpNFPs4MDTShbr-Ihm9RCQX3KSv7Kpj3nyfIPsTM6WNFvR0xHY63c2-RK79eDT2tKzLM1s0MUqNF6R2xHpaMc2LR639eCxTRcy7wD6_hC2TR1NX84mNQDN7tbffdneBFbVjFsuZhCy9QPNN3I9BMbSBtb2O_neXFb3jFKI-hCyTW1NN8t9BMvYOtb2g5DABFoxftDUzQneLQKZLRdeNhCNfIPfv5bABFby9tDISRPejwbqLR5zPh6YOw1fgdbxutUxP3PszRDgNQbevxiTBFP2nFbT4_1euFCVjwoOah6JTQ1N08i9BQ6YCIPfg4bQBwU7jwoo5h6x7RcNTIiVBQbRzQs394CEBwCJ-to-ZQ1e6RClL8Bfah6wBtvR2_ClBw6RGto-NMvWNQKpLxiy28n2SF1f4_CABwvYvtoBjR1eC86VLIHSSh6mOIcfZ5v9BQKzGtou0RKVNwb2C8Bfzwn2CQbE9_Uz6tUpT3cs-QoqNwoYuxiz4Rn2TR6E9_bRfw1ySFKbSwDyuhvm-MB7BwDN93k39_vJatUYORbKS8CmLhvyL84m4M6R_tvS2Z1e4wKZjIoBSh6zdhvaLQBpuqamwE2zrbYavR09cKnu5FAwFxbeLc_a6iaA_ruVx-qWkrAEkWOPzWuWqJsEnHj7kqsQ0ruAE2k3SJsECJk5BJqWlWGQT";if($_ts.lcd)$_ts.lcd();</script><script type="text/javascript" charset="utf-8" src="/cb4UuQtIG8gU/O3mmzGd2Kbfp.091bf33.js" r='m'></script></head>
<body>
</body>
</html>
<script type="text/javascript" r='m'>_$ku();</script>
<a href="/cb4UuQtIG8gU/eb8174c5/qRFaowpn9pFH/OG88lI1oN7DO/mpzwr_7D5qUi" style="display:none">WRAbuyFZI4iA</a>

2026-06-24 10:54:04.402 | INFO     | 4072:20560 | __main__:main_qe:453 - 加速乐第一次请求的状态码:<Response [521]>
2026-06-24 10:54:04.537 | INFO     | 4072:20560 | __main__:jsl:326 - 加速乐第二次请求的状态码:<Response [521]>
2026-06-24 10:54:04.666 | INFO     | 4072:20560 | __main__:resp_jsl:360 - 加速乐第三次请求得到瑞数返回的状态码:<Response [412]>
2026-06-24 10:54:05.005 | SUCCESS  | 4072:20560 | __main__:first_req:305 - <!DOCTYPE html PUBLIC "-//W3C//DTD XHTML 1.0 Transitional//EN" "http://www.w3.org/TR/xhtml1/DTD/xhtml1-transitional.dtd">
<html>
<head>
<meta http-equiv="Content-Type" content="text/html; charset=utf-8">
<meta id="9pRNs2oivtAo" content="A9OkzlLVmIiCKpfn5MYtxtfsMan49ZAKnBRkcHvhGC05mIoaET7LnnYGFZI-F0twaNZDgIbV9Oins6SM9BqyjX9_BjJVjd2-uewojEF7X7onp3C3lPx5ORHCbS1ZUoU0XPg9z0_U4kN14FX4gXg5a3reAhXGkPAlQWZPeWCRhc-JaTEP-IiB9a" r='m'><!--[if lt IE 9]><script r='m'>document.createElement("section")</script><![endif]--><script src="/1eeb27c_268ab095d.js"></script>
<script src="/ctct_bundle_c4152658.js"></script>
<script type="text/javascript" r='m'>$_ts=window['$_ts'];if(!$_ts)$_ts={};$_ts.nsd=120501;$_ts.cd="qoNSrcqlEkZqmPGVHaqFqrLrlnZdqrLoDGAihuZqDGEFqSWBDGlXmqAFraAsraVFqSWorkZqDGlFrGgBDGVsraEFqPgYrrVdqrLRDGVshuZqmPGKDGWsraAFocgKrr0FrfWoquZqDGAFrAgBHaqFqSLqlnZFrSWoISLlhOFIJsAoWuE0AbezQmOUm4XtE1p_qO_SUCd_7JlaAFlWRO25PibmwVbnymjSbXR0UNMC2JsPqziQrtakq1LmfurX0lxHJK9nIO44F9ze3Dm7stRG1UwKQ6xHekfJ32VS32h0KO7ZJmw6UIYfpuyfV6QenKRWRbpi3C5b3DESVoJYQwpliDxAHspPnKmuF92BVvUiVkztJbzNIeNvW9yv3oA--sLSRCWTJnB6QkzZQTrj3FfWAbxwVCL--sLSRCWTJnB6QkzGJlzQFBmRM2TKJml--sLSRCWTJnB6QkzwYVpYMHNfWDN9pKZ-e6q4J2pPwC-8WDyE3smjHXTDYC7uMUxJnCT1Qky13Kh2K9xlpDysAI7giKyfYbq6Tkw9M2xXtOK9WbxOJOVjM5ggsUxAJ9TITmxJMoROtOK9WbxOJOVjM5ggQlrG3VRXZbmBVURBtOK9WbxOJOVjM5ggiUYU1oQ6ZbNCQVpNH6H5sKxp3OpvHwZuWqVlJGV0Obz0QUYTHOtNJuG0WsAZWtQ6Jk3kJO00dCVurOAaJG57WuQSWOZ0WF06csqSWu3u-OVSWSKqt9VlFP0fUKyjm2eBYr-Nm9L8K001YOTAqRP8qaVqqaE9F8S0Ef91hGCsBCeaDkbLjFnw7T9rUL_-eSOdCpI2W9ZJ-OquWOQSJkiQWGL0WOgCJ_7_JOlarGAljAEarktlJkhvhCm9RPN2FiZB3UYXtbYCZcefQCajRbsChCx9Q1NbMHWB3bfTtbRd-neOtKRvRPv5MD0NRvR0tIyaQn2bwUEN5Kx0tKmjFcvyMDWN3K2vIMmvM6lN3b2P7KRzF12OF6DSRvfGtKrLRhm2MD3N3Dfu7KYBFn2GFCBNhCRjQ1NO3IZBRCTjtbJ75nevIn2XFoKSF6rTtKyaR-mj3CLNMCNO7KNXMc2BFvFSFvr9tKe6F-mN3UQNMDYudcejwKrftDdzRcSBwPNXwBxzhD27RcfNZbA7FkmvtDOZQnSLMDELFHpXhDfXQcfLZbQ7FDNatDOzWcSLwsELFiTPhDfT3CWNZoJvtKfCwcvaQD9NFbpXtIxG8c2j3KWNZbePtKNj31vnwC3NFvr2t8TPQn2TRKYT7UJ93n2C3CPSQC2btURLMhmuMDSCQPfTZCA7wUY-toUzQcSTwUELw8T68c2TwKqN4UL7wUS2tos0R1S0QUgLwHy7wuQNwDVN4CxztUwvwPvBRbQNwCJ6t8eXhowLQD3N46wbtUwnFUKSQDxNtUYPIMmaMn2CQDWN4vpftURS3PvX8vWNQKwCt82P8P2S3UgN_KNbtUmB3biSwCe6wCJjQMm6wDWNQvSS7UYu312aw6FSwUJntUrZ3Mm03UWNQKmv41e6FDAjQCO-h6wj3CqLQBx2ROQNQUpC7Up2RCGjIDIah6fNwPNZF8y4hoTLFPfe4Kg7IURjto6vh6LNICe0rR2QxcmSq27f5b9lKPmRFGocxTe6rugar_G6qsAlJaAmvAWmWuVCJkKMWOETWk3TrRZSJGATrG0a-uWaJsVSJOtwqOqlJq";if($_ts.lcd)$_ts.lcd();</script><script type="text/javascript" charset="utf-8" src="/cb4UuQtIG8gU/O3mmzGd2Kbfp.091bf33.js" r='m'></script></head>
<body>
</body>
</html>
<script type="text/javascript" r='m'>_$pp();</script>
<a href="/cb4UuQtIG8gU/eb8174c5/8cBxGp80enPi/WWu1Y7Puva_L/Q3ax742Uuv52" style="display:none">gJh8J9LxdZ7G</a>

2026-06-24 10:54:05.380 | INFO     | 4072:20560 | __main__:main_qe:467 - _publicKey: MIIBIjANBgkqhkiG9w0BAQEFAAOCAQ8AMIIBCgKCAQEArqeSZx...
2026-06-24 10:54:05.380 | INFO     | 4072:20560 | __main__:main_qe:470 - fiKxeghI: aNBAqQU9QRCQzLeB91xkZioMk405FU...
2026-06-24 10:54:08.970 | SUCCESS  | 4072:20560 | __main__:send:597 - 验证码识别成功！！
2026-06-24 10:54:09.334 | INFO     | 4072:20560 | __main__:loginuser:683 - loginuser: status=200
2026-06-24 10:54:09.334 | SUCCESS  | 4072:20560 | __main__:loginuser:689 - 登录成功
2026-06-24 10:54:09.406 | SUCCESS  | 4072:20560 | __main__:next_login:1718 - 账号 18050400868 登录完成
2026-06-24 10:54:09.406 | INFO     | 4072:20560 | __main__:main:1740 - >>> 正在处理公司: 【阿里巴巴】 <<<
2026-06-24 10:54:09.407 | INFO     | 4072:20560 | __main__:detilinfo:1632 - ********************************************************************************
2026-06-24 10:54:09.407 | INFO     | 4072:20560 | __main__:detilinfo:1633 - 开始采集: 阿里巴巴
2026-06-24 10:54:09.407 | INFO     | 4072:20560 | __main__:detilinfo:1634 - ********************************************************************************
2026-06-24 10:54:09.408 | INFO     | 4072:20560 | __main__:detilinfo:1638 - [搜索] 正在搜索公司...
2026-06-24 10:54:09.808 | INFO     | 4072:20560 | __main__:jy_shibie:566 - 语序点选坐标:[[4323, 2037], [4257, 5417], [1122, 5864]]
2026-06-24 10:54:10.098 | SUCCESS  | 4072:20560 | __main__:send:597 - 验证码识别成功！！
2026-06-24 10:54:10.625 | INFO     | 4072:20560 | __main__:searchcompany:764 - searchcompany状态码:<Response [200]>
2026-06-24 10:54:10.880 | INFO     | 4072:20560 | __main__:searchcompany:776 - ---------------------首次搜索-----------------------
2026-06-24 10:54:10.883 | INFO     | 4072:20560 | __main__:getdata:1048 - {'name': '阿里巴巴（中国）网络技术有限公司', 'link': 'https://shiming.gsxt.gov.cn/%7B3E2FAACE0FC78CB8C8ACD51D6DCD07C6A2E5BBCB0344E45ADF17D6B2F56D07631A5DFD43C60E5064D0112591CFB6E8206657BA6FDFAE778DFC11E3196807548B54F554F5548B54F5C6013B05A405DA7BDA7B4582B89CAB61F9B41262C208E49D5C2C3AB28172D3DF81B5015F18D2A2B4872687268726-1782269651164%7D', 'legalName': '蒋芳', 'business_status': '存续', 'gszch': '', 'tyxydm': '91330100716105852F', 'dateOfEstablishment': '1999年09月09日', 'oldCompanyNameList': []}
2026-06-24 10:54:10.883 | INFO     | 4072:20560 | __main__:getdata:1048 - {'name': '阿里巴巴信息港(广东)有限公司', 'link': 'https://shiming.gsxt.gov.cn/%7B4F5EDBBF7EB6FDC9B9DDA46C1CBC76B7D394CABA7235952BAE66A7C3841C76126B2C8C32B77F2115A16054E0BEC799511726CB1EAEDF06FC8D609268197625662584258425AD0CB8307318DFE52D8CBF3709C1F253F2539BEB4AEB2CE4503343F7563C9D6ECFFCCF8CA89F55CD802656F63CD0A968180E3D0E6DB2BEE0D4603E79B3C3D5E647E647E647-1782269651164%7D', 'legalName': '王朝阳', 'business_status': '存续（在营、开业、在册）', 'gszch': '', 'tyxydm': '91441600MA51G7H87U', 'dateOfEstablishment': '2018年03月29日', 'oldCompanyNameList': []}
2026-06-24 10:54:10.884 | INFO     | 4072:20560 | __main__:getdata:1048 - {'name': '阿里巴巴信息港（乌兰察布）有限公司', 'link': 'https://shiming.gsxt.gov.cn/%7B6A7AFE9B5B92D8ED9CF9814839985393F6B0EF9E5711B00F8B4282E7A13853364E08A916925B0431844471C49BE3BC753202EE3A8BFB23D8A844B74C3C52003250F050F0508EB5DFBD7B895789E3A1B1DA98A31C76B0C1AB22490BB4DE6BE28009CFAD5F351026ED74389FEE4F846911D1A0B785B7D50B06596CD986C00B7A6D5FFF5FFF5FFF-1782269651165%7D', 'legalName': '王朝阳', 'business_status': '存续（在营、开业、在册）', 'gszch': '', 'tyxydm': '91150900MA0PWETR80', 'dateOfEstablishment': '2018年05月29日', 'oldCompanyNameList': []}
2026-06-24 10:54:10.884 | INFO     | 4072:20560 | __main__:getdata:1048 - {'name': '杭州阿里巴巴泽泰信息技术有限公司', 'link': 'https://shiming.gsxt.gov.cn/%7B89991D78B8713B0E7F1A62ABDA7BB07015530C7DB4F253EC68A1610442DBB0D5ADEB4AF571B8E7D267A7922778005F96D1E10DD96818C03B4BA754AFDFB1E33DE343E343E33DE3437183C161C161C11FBF1F7D46CFEADC178EC26514B57E93EB2B5A4D7F4D72404D122792CD8B40312614B414B414B4-1782269651165%7D', 'legalName': '沈沉', 'business_status': '存续', 'gszch': '', 'tyxydm': '91330110MA28054B7Q', 'dateOfEstablishment': '2016年11月15日', 'oldCompanyNameList': []}
2026-06-24 10:54:10.884 | INFO     | 4072:20560 | __main__:getdata:1048 - {'name': '阿里巴巴江苏信息科技有限公司', 'link': 'https://shiming.gsxt.gov.cn/%7BADBD395C9C551F2A5B3E468FFE5F94543177285990D677C84C85452066FF94F189CF6ED1559CC3F64383B6035C247BB2F5C529FD4C3CE41F6F83708BFB95C7192686268626F8C767EE4EEE4EEE4EEE4EEED11728887ADA5361C1E4D21980CC6B1ABB709DE5255443714321FFF2AD982D7234FF8E99AB0BAB0BAB0B-1782269651165%7D', 'legalName': '王朝阳', 'business_status': '存续（在营、开业、在册）', 'gszch': '', 'tyxydm': '91320691MA221RTH5E', 'dateOfEstablishment': '2020年07月22日', 'oldCompanyNameList': []}
2026-06-24 10:54:10.885 | INFO     | 4072:20560 | __main__:getdata:1048 - {'name': '阿里巴巴信息港（江苏）有限公司', 'link': 'https://shiming.gsxt.gov.cn/%7B1B0B8FEA2AE3A99CED88F03948E922E287C19EEF2660C17EFA33F396D04922473F79D867E32A7540F53500B5EA92CD0443739F4BFA8A52A9D935C63D4D2371AF90309030904E71D158F858F858F858F8586A5593F1788A033CB590A66DF4B81F6ECF04E991512037BE8CEE4E431C299CC3854E3F281ABA1ABA1ABA-1782269651165%7D', 'legalName': '王朝阳', 'business_status': '存续（在营、开业、在册）', 'gszch': '', 'tyxydm': '91320691MA1W3E4N6N', 'dateOfEstablishment': '2018年02月06日', 'oldCompanyNameList': []}
2026-06-24 10:54:10.885 | INFO     | 4072:20560 | __main__:getdata:1048 - {'name': '杭州阿里巴巴海外数字商业有限公司', 'link': 'https://shiming.gsxt.gov.cn/%7BDDCE492FEC266F592B4D36FC8E2CE4274104582AE0A507BB3CF63553168CE482F9BC1EA225EFB38533F0C6702C570BC185B6598E3C4F946C1FF000F88BE6B76AB714B714B76AB714258677D477D47746B7724E724A6C59910B44E09230F8166DAEDCC8427312B1BFE3D5633F7AB2C0D4E546E546E546-1782269651166%7D', 'legalName': '蔡啸天', 'business_status': '存续', 'gszch': '', 'tyxydm': '91330108MA2HYCQMXY', 'dateOfEstablishment': '2020年06月18日', 'oldCompanyNameList': []}
2026-06-24 10:54:10.885 | INFO     | 4072:20560 | __main__:getdata:1048 - {'name': '北京阿里巴巴信息技术有限公司', 'link': 'https://shiming.gsxt.gov.cn/%7BD9CA4D2BE8226B5D2F4932F88A28E02345005C2EE4A103BF38F231571288E086FDB81AA621EBB78137F4C27428530FC581B25D8A384B90681BF404FC8FE2B382B310B310B343C90C3D77B28A0031F4045B1AC130EB1ADF1A4504D92119E94AE9A3E22716CBEDD8108AC56113B17997EC2F5D4978497549471B2D9BC7824A382C1DBE1DBE1DBE-1782269651166%7D', 'legalName': '马云', 'business_status': '注销', 'gszch': '', 'tyxydm': '911101057001486120', 'dateOfEstablishment': '1998年10月14日', 'oldCompanyNameList': []}
2026-06-24 10:54:10.888 | INFO     | 4072:20560 | __main__:getdata:1048 - {'name': '阿里巴巴（张家口）信息科技有限公司', 'link': 'https://shiming.gsxt.gov.cn/%7B382BACCA09C38ABCCEA8D3196BC901C2A4E1BDCF0540E25ED913D0B6F36901671C59FB47C00A5660D6152395C9B2EE246053BC6BD9AA7189FA15E51D6E035263BE1DBE1DBE8F52F1C96A0BA80BA80B3A06A5993A9968CB41E241E2DE5472478F155AFE8C2EE60873B0C2D6E7D6EA37396553E5B9FC34465263C063C063C0-1782269651166%7D', 'legalName': '王朝阳', 'business_status': '存续（在营、开业、在册）', 'gszch': '', 'tyxydm': '91130705MA0FAQEG6A', 'dateOfEstablishment': '2020年08月06日', 'oldCompanyNameList': ['阿里巴巴京西信息科技有限公司']}
2026-06-24 10:54:10.890 | INFO     | 4072:20560 | __main__:getdata:1048 - {'name': '海南阿里巴巴影业文化产业基金合伙企业（有限合伙）', 'link': 'https://shiming.gsxt.gov.cn/%7B8B991F78BA71390E7D1A60ABD87BB27017530E7DB6F251EC6AA1630440DBB2D5AFEB48F573B8E5D265A790277A005D96D3E10FD96A18C23B49A756AFDDB1E1A12A882A882A1A5A6AC86AC86A5AF85A1AB8882A132A17E7C0F43DA6E84D3E9D54BBC1037065254599454A172097CA8E47342111B311B311B3-1782269651167%7D', 'legalName': '海南阿里巴巴影业管理有限公司', 'business_status': '存续（在营、开业、在册）', 'gszch': '', 'tyxydm': '91460100MA5RD3XY8M', 'dateOfEstablishment': '2016年08月01日', 'oldCompanyNameList': []}
2026-06-24 10:54:11.464 | INFO     | 4072:20560 | __main__:getdata:1048 - {'name': '天津骏声影业管理有限公司', 'link': 'https://shiming.gsxt.gov.cn/%7BD03144D0E1D962A626B23B0383D3E9D84CFB55D5ED5A0A44310938AC1B73E97DF443135D2810BE7A3E0FCB8F21A8063E8849547131B09993120F0D078619BA79B7E6B7E6B72DEED9F66DAE3470E3CC4CCCCF557A9BCA9B286CA68968F2BCBF0C960DC3F43AEE29137BC69010407A66EFDE5EB87BB82BE519B77337992E149472B1E0B1E0B1E0-1782269652008%7D', 'legalName': '陈刚', 'business_status': '存续（在营、开业、在册）', 'gszch': '', 'tyxydm': '91120116MA05JX4354', 'dateOfEstablishment': '2016年05月25日', 'oldCompanyNameList': ['天津阿里巴巴影业管理有限公司']}
2026-06-24 10:54:11.465 | INFO     | 4072:20560 | __main__:getdata:1048 - {'name': '阿里巴巴达摩院（杭州）科技有限公司', 'link': 'https://shiming.gsxt.gov.cn/%7BD73643D7E6DE65A121B53C0484D4EEDF4BFC52D2EA5D0D43360E3FAB1C74EE7AF344145A2F17B97D3908CC8826AF01398F4E537636B79E9415080A00811EBD92BDECBDECBD92BDEC2F2C9FCE9FCE9FB023E0E3B2E337F0CAA21F49C999A3BF36078761A261AF807CD21652FC4B71F117D485D485D485-1782269652008%7D', 'legalName': '张建锋', 'business_status': '存续', 'gszch': '', 'tyxydm': '91330110MA2AXY0E7F', 'dateOfEstablishment': '2017年11月07日', 'oldCompanyNameList': []}
2026-06-24 10:54:11.465 | INFO     | 4072:20560 | __main__:getdata:1048 - {'name': '深圳阿里巴巴科技有限公司', 'link': 'https://shiming.gsxt.gov.cn/%7BCA2B5ECAFBC378BC3CA8211999C9F3C256E14FCFF740105E2B1322B60169F367EE590947320AA4602415D1953BB21C2492534E6B2BAA83890815171D9C03A013A0F1A0F1A013A0F1DE8F4C1D4C8FDE1DD382D3E4B57F2E5607C49596A175B288E05D0B8BDBE1FD7445C523E0237223DF71B5F15FE8D252B4772677267726-1782269652008%7D', 'legalName': '邓冠维', 'business_status': '存续（在营、开业、在册）', 'gszch': '', 'tyxydm': '91440300691168717L', 'dateOfEstablishment': '2009年07月06日', 'oldCompanyNameList': ['深圳市辰旭皓电路有限公司']}
2026-06-24 10:54:11.465 | INFO     | 4072:20560 | __main__:getdata:1048 - {'name': '浙江阿里巴巴小额贷款股份有限公司', 'link': 'https://shiming.gsxt.gov.cn/%7B18F88C192910AA6FEE7BF3CA4B1A211184329D1C2593C28DF9C0F065D3BA21B43C8ADB94E0D976B3F6C60346E961CEF740809CB8F979515ADAC6C5CE4ED0725C72227222725C7222E0B0E0B0E0B0E022EDBDED2624F1370C65D98E0F5E6578F0C041A664AB6452AF00C5802F99A223C4065606560656-1782269652009%7D', 'legalName': '黄浩', 'business_status': '注销', 'gszch': '', 'tyxydm': '91330100552660429B', 'dateOfEstablishment': '2010年03月25日', 'oldCompanyNameList': []}
2026-06-24 10:54:11.466 | INFO     | 4072:20560 | __main__:getdata:1048 - {'name': '阿里巴巴（上海）物联网技术有限公司', 'link': 'https://shiming.gsxt.gov.cn/%7BE70773E6D6EF559011840C35B4E5DEEE7BCD62E3DA6C3D72063F0F9A2C45DE4BC375246B1F26894C0939FCB9169E3108BF7F63470686AEA525393A31B12F8DA361316131614F8DDD8DDD8DDD8DDD8D8F4010D21040428D3F6F3F11416FBA7C472E92C544152E33BB8B0AED2FED7F51AC03C6832C9AA120C7055505550555-1782269652009%7D', 'legalName': '方如远', 'business_status': '存续（在营、开业、在册）', 'gszch': '', 'tyxydm': '91310114580600335N', 'dateOfEstablishment': '2011年08月24日', 'oldCompanyNameList': ['阿里巴巴（上海）物联网技术有限公司', '阿里巴巴（上海）物流有限公司']}
2026-06-24 10:54:11.466 | INFO     | 4072:20560 | __main__:getdata:1048 - {'name': '马斯克（大连市）建筑商品房屋开发有限责任公司', 'link': 'https://shiming.gsxt.gov.cn/%7B18F88C192910AA6FEE7BF3CA4B1A211184329D1C2593C28DF9C0F065D3BA21B43C8ADB94E0D976B3F6C60346E961CEF740809CB8F979515ADAC6C5CE4ED072BD7F2F7F2F7FB07222EDBDEDBDEDBDED2FE0B0727020B270093FF0A0D91BCE08335AE6B130615A47CFFF7E995B99B7E71AB570359A2C179671B3E3B3E3B3E3-1782269652009%7D', 'legalName': '于桂兰', 'business_status': '存续（在营、开业、在册）', 'gszch': '', 'tyxydm': '91210200MA0XW92K2C', 'dateOfEstablishment': '2018年06月25日', 'oldCompanyNameList': ['阿里巴巴（大连）房屋开发有限公司']}
2026-06-24 10:54:11.466 | INFO     | 4072:20560 | __main__:getdata:1048 - {'name': '阿里巴巴文化传媒有限公司', 'link': 'https://shiming.gsxt.gov.cn/%7B53B0C7516258E127A533B88200526A59CF7AD6546EDB89C5B288BB2D98F26AFC77C290DCAB913DFBBD8E480EA22985BF0BC8D7F0B2311A12918E8E8605983988F2A1F2A1F233824310431043824382331EDF6EA6A766AA7CB981EB540082D0E8F67D4ECC28E928B9946AC60046EA5F67E501C093C093C093-1782269652010%7D', 'legalName': '谢颖', 'business_status': '存续（在营、开业、在册）', 'gszch': '', 'tyxydm': '91460100MA5REC7UXF', 'dateOfEstablishment': '2017年01月16日', 'oldCompanyNameList': []}
2026-06-24 10:54:11.467 | INFO     | 4072:20560 | __main__:getdata:1048 - {'name': '阿里巴巴迅犀（宿州）数字科技有限公司', 'link': 'https://shiming.gsxt.gov.cn/%7BE40770E6D5EF569012840F35B7E5DDEE78CD61E3D96C3E72053F0C9A2F45DD4BC075276B1C268A4C0A39FFB9159E3208BC7F60470586ADA526393931B22F8EA31241124112A3F0A3F0A3F0A396A36FA3D9A362F3F2C70BDD18204AF5A123714957DCEF6D8948891835CB67A1E74BFEC644A0613261326132-1782269652010%7D', 'legalName': '陈亮', 'business_status': '存续（在营、开业、在册）', 'gszch': '', 'tyxydm': '91341394MA2UXFJT72', 'dateOfEstablishment': '2020年06月19日', 'oldCompanyNameList': []}
2026-06-24 10:54:11.467 | INFO     | 4072:20560 | __main__:getdata:1048 - {'name': '大麦娱乐（天津）有限公司', 'link': 'https://shiming.gsxt.gov.cn/%7B7497E076457FC60082149FA527754D7EE85DF17349FCAEE295AF9C0ABFD54DDB50E5B7FB8CB61ADC9AA96F29850EA2982CEFF0D795163D35B6A9A9A122BF1EDF1340134013265C9D5506CAFFFE6F42C04243DBF61546871ED69A02373637B574413B7DBC7DAB6E563C83D755073F21AA991BFF3EFF6EA25CF03670DC6951D337F6A5F6A5F6A5-1782269652010%7D', 'legalName': '孟钧', 'business_status': '存续（在营、开业、在册）', 'gszch': '', 'tyxydm': '91120116581303471U', 'dateOfEstablishment': '2011年08月15日', 'oldCompanyNameList': ['阿里巴巴影业（天津）有限公司']}
2026-06-24 10:54:11.467 | INFO     | 4072:20560 | __main__:getdata:1048 - {'name': '阿里巴巴（中国）有限公司', 'link': 'https://shiming.gsxt.gov.cn/%7B54B7C056655FE620A234BF8507556D5EC87DD15369DC8EC2B58FBC2A9FF56DFB70C597DBAC963AFCBA894F09A52E82B80CCFD0F7B5361D1596898981029F3E133E6D3E6D3E133E6DACFFACFFACFFAC6D3E3F3E44F523E6DEB40B5FDD8FB7A9221193770DCC5D0EF05C9ADC70C5FD7F9B5A095A095A09-1782269652010%7D', 'legalName': '蒋芳', 'business_status': '存续', 'gszch': '', 'tyxydm': '91330100799655058B', 'dateOfEstablishment': '2007年03月26日', 'oldCompanyNameList': []}
2026-06-24 10:54:11.690 | INFO     | 4072:20560 | __main__:getdata:1048 - {'name': '阿里巴巴（广州）网络技术有限公司', 'link': 'https://shiming.gsxt.gov.cn/%7B8DB01951BC583F277B336682DE52B459117A0854B0DB57C56C88652D46F2B4FCA9C24EDC7591E3FB638E960E7C295BBFD5C809F06C31C4124F8E5086DB98E788E76AE76AE788E76A75F8756AE76AE7889A179A45C8DE5345C8455748BBB3A84EFA9B114DC127E7B25F033926392BD8F88A920A7813F5A9938C018C018C01-1782269652212%7D', 'legalName': '蔡啸天', 'business_status': '存续（在营、开业、在册）', 'gszch': '', 'tyxydm': '914401166756904259', 'dateOfEstablishment': '2008年07月08日', 'oldCompanyNameList': []}
2026-06-24 10:54:11.691 | INFO     | 4072:20560 | __main__:getdata:1048 - {'name': '杭州阿里巴巴网络科技有限公司', 'link': 'https://shiming.gsxt.gov.cn/%7B8DB01951BC583F277B336682DE52B459117A0854B0DB57C56C88652D46F2B4FCA9C24EDC7591E3FB638E960E7C295BBFD5C809F06C31C4124F8E5086DB98E714E76AE76AE714E76A75AAC548C548C536928477612E263DDB6F0E84D854B27227CA96ACB3ACBE4D6D1F079FED86603C06199419941994-1782269652212%7D', 'legalName': '蒋芳', 'business_status': '存续', 'gszch': '', 'tyxydm': '91330110MA2B1A986J', 'dateOfEstablishment': '2018年03月19日', 'oldCompanyNameList': []}
2026-06-24 10:54:11.692 | INFO     | 4072:20560 | __main__:getdata:1048 - {'name': '阿里巴巴丝路有限公司', 'link': 'https://shiming.gsxt.gov.cn/%7BC4F85019F510766F327B2FCA971AFD115832411CF9931E8D25C02C650FBAFDB4E08A07943CD9AAB32AC6DF46356112F79C8040B825798D5A06C619CE92D0AE0B1599159915B0AE223CCED05CD05CD05C32C08E7CD9D0CA2D98F8732EA34485D13D605B455B48BA9BE8F1681B7196CBF0EE62EE62EE62-1782269652213%7D', 'legalName': '王强', 'business_status': '开业', 'gszch': '', 'tyxydm': '91610131MA6UAL4458', 'dateOfEstablishment': '2017年11月24日', 'oldCompanyNameList': ['阿里巴巴西北有限公司']}
2026-06-24 10:54:11.692 | INFO     | 4072:20560 | __main__:getdata:1048 - {'name': '河北雄安盛新聚技术有限公司', 'link': 'https://shiming.gsxt.gov.cn/%7BDEE24A03EF0A6C75286135D08D00E70B42285B06E38904973FDA367F15A0E7AEFA901D8E26C3B0A930DCC55C2F7B08ED869A5AA23F6397401CDC03D488CAB4AA58D458D45846B45EB43826AA26AA26382BA7B9AEB0AE5CD05CD05C4FBDB4AE49FC9C174AC720E1B559043F213F2CDEFF8C950C7F15F2AF948A068A068A06-1782269652213%7D', 'legalName': '王强', 'business_status': '存续（在营、开业、在册）', 'gszch': '', 'tyxydm': '91130629MA09D2EG17', 'dateOfEstablishment': '2017年11月30日', 'oldCompanyNameList': ['阿里巴巴雄安技术有限公司']}
2026-06-24 10:54:11.693 | INFO     | 4072:20560 | __main__:getdata:1048 - {'name': '阿里巴巴（重庆）有限公司', 'link': 'https://shiming.gsxt.gov.cn/%7BDDE24903EC0A6F752B6136D08E00E40B41285806E08907973CDA357F16A0E4AEF9901E8E25C3B3A933DCC65C2C7B0BED859A59A23C6394401FDC00D48BCAB7FA75FA75FA7538B738D15E130E1E918C51DEC34C0111058AC7362B8D879E7ACCAF2779F713D18669370F120F1FEECCBCA63C4C25C19FA7BA35BA35BA35-1782269652214%7D', 'legalName': '仇亚童', 'business_status': '存续(在营、开业、在册)', 'gszch': '', 'tyxydm': '91500000MA5YUUWB6M', 'dateOfEstablishment': '2018年04月20日', 'oldCompanyNameList': []}
2026-06-24 10:54:11.693 | INFO     | 4072:20560 | __main__:getdata:1048 - {'name': '阿里巴巴（海南）有限公司', 'link': 'https://shiming.gsxt.gov.cn/%7BDDE24903EC0A6F752B6136D08E00E40B41285806E08907973CDA357F16A0E4AEF9901E8E25C3B3A933DCC65C2C7B0BED859A59A23C6394401FDC00D48BCAB7DA7CF37CF37C610C119E119E110C4151A0BD1B7666726F020811F54320A8F6789C5E09E6B8809D80CDDDFF8F950F7F16F2AC94890689068906-1782269652214%7D', 'legalName': '邢增帅', 'business_status': '存续（在营、开业、在册）', 'gszch': '', 'tyxydm': '91460100MA5T4AQ58Y', 'dateOfEstablishment': '2018年05月10日', 'oldCompanyNameList': []}
2026-06-24 10:54:11.693 | INFO     | 4072:20560 | __main__:getdata:1048 - {'name': '阿里巴巴（江西）有限公司', 'link': 'https://shiming.gsxt.gov.cn/%7B8FB01B51BE583D2779336482DC52B659137A0A54B2DB55C56E88672D44F2B6FCABC24CDC7791E1FB618E940E7E2959BFD7C80BF06E31C6124D8E5286D998E514B23DB23DB2A22D30D9563BCA4558357835C4899D3B26D7C7AAA0B95DEB88005ED034F6A14E1028352838C9EB9B811B6B02E6B8809D129D129D12-1782269652214%7D', 'legalName': '严佳', 'business_status': '存续（在营、开业、在册）', 'gszch': '', 'tyxydm': '91360125MA38LAFY5X', 'dateOfEstablishment': '2019年05月20日', 'oldCompanyNameList': []}
2026-06-24 10:54:11.694 | INFO     | 4072:20560 | __main__:getdata:1048 - {'name': '阿里巴巴（湖北）有限公司', 'link': 'https://shiming.gsxt.gov.cn/%7B09369DD738DEBBA1FFB5E2045AD430DF95FC8CD2345DD343E80EE1ABC274307A2D44CA5AF117677DE7081288F8AFDF39514E8D76E8B74094CB08D4005F1E630E1E911E911E03A52AA52AA52A3AB5A80EE7AA43E5F5E16E647D992F4CC49A14F032658AD4ECF1ECFC0D2F5F45DFAFC6227C4459D659D659D6-1782269652214%7D', 'legalName': '李然', 'business_status': '存续（在营、开业、在册）', 'gszch': '', 'tyxydm': '91420106MA49B30P5P', 'dateOfEstablishment': '2019年09月19日', 'oldCompanyNameList': []}
2026-06-24 10:54:11.694 | INFO     | 4072:20560 | __main__:getdata:1048 - {'name': '阿里巴巴（广西）有限公司', 'link': 'https://shiming.gsxt.gov.cn/%7B08369CD739DEBAA1FEB5E3045BD431DF94FC8DD2355DD243E90EE0ABC374317A2C44CB5AF017667DE6081388F9AFDE39504E8C76E9B74194CA08D5005E1E620E42CC42CC425E327EF07EF0ECF0BC4CBC4CC21E0BE36D9D968E6BDCBE3768E702C19779261F031F0EFEDDACB72C5D35D08FB6AA24AA24AA24-1782269652215%7D', 'legalName': '严佳', 'business_status': '存续（在营、开业、在册）', 'gszch': '', 'tyxydm': '91450100MA5PYFN950', 'dateOfEstablishment': '2020年10月14日', 'oldCompanyNameList': []}
2026-06-24 10:54:11.694 | INFO     | 4072:20560 | __main__:getdata:1048 - {'name': '阿里巴巴（宁波）有限公司', 'link': 'https://shiming.gsxt.gov.cn/%7B152B81CA24C3A7BCE3A8FE1946C92CC289E190CF2840CF5EF413FDB6DE692C673159D647ED0A7B60FB150E95E4B2C3244D53916BF4AA5C89D715C81D43037F8F7FF17FF17F8F7FF1E06E9E109E109E6EB215594559524AAF187AF3AC23C60553BDE2DBC7DBCA3A196873E899F1144B726EE06EE06EE0-1782269652215%7D', 'legalName': '任远', 'business_status': '存续', 'gszch': '', 'tyxydm': '91330203MA2H7G972F', 'dateOfEstablishment': '2020年08月11日', 'oldCompanyNameList': []}
2026-06-24 10:54:12.060 | INFO     | 4072:20560 | __main__:getdata:1048 - {'name': '阿里巴巴（河南）有限公司', 'link': 'https://shiming.gsxt.gov.cn/%7BE9727D93D89A5BE51FF10240BA90D09B75B86C96D4193307084A01EF2230D03ECD002A1E11538739074CF2CC18EB3F7DB10A6D3208F3A0D02B4C3444BF5A834AF3D8F3D8F34A833A113A113A8E8C3C17FE4E1B621B1954FA470715D2FE042E6E08FBB04AD66FD63F6AEC3886B86CA1E11B873E153E153E15-1782269652560%7D', 'legalName': '王强', 'business_status': '存续（在营、开业、在册）', 'gszch': '', 'tyxydm': '91410100MA47CKY82L', 'dateOfEstablishment': '2019年09月10日', 'oldCompanyNameList': []}
2026-06-24 10:54:12.060 | INFO     | 4072:20560 | __main__:getdata:1048 - {'name': '阿里巴巴（山东）有限公司', 'link': 'https://shiming.gsxt.gov.cn/%7BB9222DC388CA0BB54FA15210EAC080CB25E83CC684496357581A51BF7260806E9D507A4E4103D769571CA29C48BB6F2DE15A3D6258A3F0807B1C6414EF0AD386361D361D3663D3F8416A3F143F143F8B3F14ADE0CBB20B46136AA34A339D206072B5996349096F9CD72DB108B1580D8B5FE1DF0BC6867CE0597259725972-1782269652560%7D', 'legalName': '王强', 'business_status': '在营（开业）企业', 'gszch': '', 'tyxydm': '91370103MA3QLW7459', 'dateOfEstablishment': '2019年09月23日', 'oldCompanyNameList': []}
2026-06-24 10:54:12.060 | INFO     | 4072:20560 | __main__:getdata:1048 - {'name': '阿里巴巴（上海）有限公司', 'link': 'https://shiming.gsxt.gov.cn/%7B039997783271B10EF51AE8AB507B3A709F53867D3EF2D9ECE2A1EB04C8DB3AD527EBC0F5FBB86DD2EDA71827F200D5965BE187D9E2184A3BC1A7DEAF55B1693D85AF85AF85D16943FBD11933193319A1143E86CAE051E4B09AB09ACE9A3589C8DB1D30CBE0A1C6347E8518A018ADF97EAB142BFE32738815AD87AD87AD87-1782269652561%7D', 'legalName': '李然', 'business_status': '存续（在营、开业、在册）', 'gszch': '', 'tyxydm': '91310104MA1FRHJC59', 'dateOfEstablishment': '2019年07月23日', 'oldCompanyNameList': []}
2026-06-24 10:54:12.060 | INFO     | 4072:20560 | __main__:getdata:1048 - {'name': '阿里巴巴华东有限公司', 'link': 'https://shiming.gsxt.gov.cn/%7B55CFC12E6427E758A34CBEFD062D6C26C905D02B68A48FBAB4F7BD529E8D6C8371BD96A3ADEE3B84BBF14E71A45683C00DB7D18FB44E1C6D97F188F903E73F6BDEF4DEF4DE8A3F15AD87AD87AD87AD87AD15A0F44139D164DC903F83C2D1173AC1EAABCC3E748F12AA12FAAE29FC437CA96524DF42FAD0FAD0FAD0-1782269652561%7D', 'legalName': '李然', 'business_status': '存续（在营、开业、在册）', 'gszch': '', 'tyxydm': '91320105MA1R9GM220', 'dateOfEstablishment': '2017年10月10日', 'oldCompanyNameList': []}
2026-06-24 10:54:12.062 | INFO     | 4072:20560 | __main__:getdata:1048 - {'name': '杭州阿里巴巴供应链管理有限公司', 'link': 'https://shiming.gsxt.gov.cn/%7BCB525FB3FABA79C53DD1206098B0F2BB57984EB6F63911272A6A23CF0010F21EEF20083E3373A519256CD0EC3ACB1D5D932A4F122AD382F0096C16649D7AA1F6A188A188A1F6A188331A6148614861DA11A76CDE6CC07F3D2DE8C63E165430C18870EE55EE580F8B5DE1DD0BC4867EE05B725B725B72-1782269652562%7D', 'legalName': '田勇', 'business_status': '存续', 'gszch': '', 'tyxydm': '91330108MA2CGK855J', 'dateOfEstablishment': '2019年01月04日', 'oldCompanyNameList': []}
2026-06-24 10:54:12.062 | INFO     | 4072:20560 | __main__:getdata:1048 - {'name': '杭州阿里巴巴智融数字技术有限公司', 'link': 'https://shiming.gsxt.gov.cn/%7BA8313CD099D91AA65EB24303FBD391D834FB2DD5955A7244490940AC6373917D8C436B5D5010C67A460FB38F59A87E3EF0492C7149B0E1936A0F7507FE19C295C2EBC2EBC295C2EB5079022B022B02B47FB40FB9C26ED19383466890B8FA9E6F26DE40FB40F6A125F34F73A56A28D04EF5DCF5DCF5DC-1782269652562%7D', 'legalName': '杨浩', 'business_status': '存续', 'gszch': '', 'tyxydm': '91330108MA2KH9EW74', 'dateOfEstablishment': '2021年06月17日', 'oldCompanyNameList': []}
2026-06-24 10:54:12.063 | INFO     | 4072:20560 | __main__:getdata:1048 - {'name': '阿里巴巴实业投资（深圳）有限公司', 'link': 'https://shiming.gsxt.gov.cn/%7B29B0BD5118589B27DF33C2827A521059B57AAC5414DBF3C5C888C12DE2F210FC0DC2EADCD19147FBC78E320ED829FFBF71C8ADF0C8316012EB8EF4867F984388436A436A4388436A3D143D143D143D863019A21039398F341D66D066319D226070B59B634B096D9CD52DB308B358EE6ABC003CEA25679F01BA93BA93BA93-1782269652562%7D', 'legalName': '李大刚', 'business_status': '存续（在营、开业、在册）', 'gszch': '', 'tyxydm': '91440300MA5EKUWP8A', 'dateOfEstablishment': '2017年06月21日', 'oldCompanyNameList': []}
2026-06-24 10:54:12.063 | INFO     | 4072:20560 | __main__:getdata:1048 - {'name': '阿里巴巴信息科技（张北）有限公司', 'link': 'https://shiming.gsxt.gov.cn/%7B7BE2EF034A0AC9758D6190D02800420BE728FE064689A1979ADA937FB0A042AE5F90B88E83C315A995DC605C8A7BADED239AFFA29A633240B9DCA6D42DCA11AAFDD4FDD4FD4611388A3C8AA38AA38A3C8AA318AA83D462D4FDD4FDFD369A256777B29C644C0E6A9BD22AB40FB45FE96DBB073BED22609806BD94BD94BD94-1782269652562%7D', 'legalName': '王朝阳', 'business_status': '存续（在营、开业、在册）', 'gszch': '', 'tyxydm': '91130722MA08BAH0X6', 'dateOfEstablishment': '2017年03月22日', 'oldCompanyNameList': []}
2026-06-24 10:54:12.063 | INFO     | 4072:20560 | __main__:getdata:1048 - {'name': '阿里巴巴基金管理（北京）有限公司', 'link': 'https://shiming.gsxt.gov.cn/%7BC65E52BFF7B674C930DD2D6C95BCFFB75A9443BAFB351C2B27662EC30D1CFF12E22C05323E7FA8152860DDE037C710519E26421E27DF8FFC04601B689076AC16AC84AC84AC9BACD6FE84ACD66C86D0EDD0D19FC92A02B852049CA143A1436B25965C5DBF75D8662534F0DF260F4C29D99168F74DF7A1890CDB665B8C4201F867DDF5DDF5DDF5-1782269652563%7D', 'legalName': '李县民', 'business_status': '吊销，未注销', 'gszch': '', 'tyxydm': '91110105MA004GN09A', 'dateOfEstablishment': '2016年03月31日', 'oldCompanyNameList': []}
2026-06-24 10:54:12.063 | INFO     | 4072:20560 | __main__:getdata:1048 - {'name': '阿里巴巴（深圳）资本控股有限公司', 'link': 'https://shiming.gsxt.gov.cn/%7B7AE2EE034B0AC8758C6191D02900430BE628FF064789A0979BDA927FB1A043AE5E90B98E82C314A994DC615C8B7BACED229AFEA29B633340B8DCA7D42CCA10DA1038103810DA10386E466E466E466ED4634BF1426A10A74D65D26812A508B6F5E4200FF6DF9CF90941B8279D27CD7AFF2895A87FB1F20B942E062E062E06-1782269652563%7D', 'legalName': '杨继跳', 'business_status': '吊销，未注销', 'gszch': '', 'tyxydm': '91440300MA5EPJUU37', 'dateOfEstablishment': '2017年08月25日', 'oldCompanyNameList': []}
2026-06-24 10:54:12.349 | INFO     | 4072:20560 | __main__:getdata:1048 - {'name': '浙江阿里巴巴云计算有限公司', 'link': 'https://shiming.gsxt.gov.cn/%7B4FE2DB037E0AFD75B961A4D01C00760BD328CA0672899597AEDAA77F84A076AE6B908C8EB7C321A9A1DC545CBE7B99ED179ACBA2AE6306408DDC92D419CA25462538253825462538B7AAB7AAB7AAB738BA8E51AEB32BA0D6F20319D5C9BFEF2A579B31058A5548F81A929A7883F539931C011C011C01-1782269652839%7D', 'legalName': 'ZHOU,JINGREN', 'business_status': '存续', 'gszch': '', 'tyxydm': '913301105865146816', 'dateOfEstablishment': '2011年12月13日', 'oldCompanyNameList': []}
2026-06-24 10:54:12.349 | INFO     | 4072:20560 | __main__:getdata:1048 - {'name': '深圳阿里巴巴地产有限公司', 'link': 'https://shiming.gsxt.gov.cn/%7B933107D0A2D921A665B27803C0D3AAD80FFB16D5AE5A494472097BAC5873AA7DB743505D6B10FD7A7D0F888F62A8453ECB49177172B0DA93510F4E07C519F909F9EBF9EBF909F9EB87951507159587078A9818E8FA77F7B737BAA8C4841397EEC53B2EEDFE87D81260A3068606D65BE4098E896490E92A8F0F1D0F1D0F1D-1782269652840%7D', 'legalName': '李浩', 'business_status': '吊销，未注销', 'gszch': '440301108818658', 'tyxydm': '91440300MA5K89424M', 'dateOfEstablishment': '2014年02月18日', 'oldCompanyNameList': []}
2026-06-24 10:54:12.349 | INFO     | 4072:20560 | __main__:getdata:1048 - {'name': '深圳阿里巴巴控股有限公司', 'link': 'https://shiming.gsxt.gov.cn/%7B68CAFC2B5922DA5D9E4983F83B285123F400ED2E55A1B2BF89F28057A38851864CB8ABA690EB068186F473749953BEC530B2EC8A894B2168AAF4B5FC3EE202F20210021002F202107C6EEEFCEE6E7CFC7163E31301810C37251E931328BF3B4269978241522B74BECC0FAA2AAA7AF748A52225C83C458623A3B1A3B1A3B1-1782269652840%7D', 'legalName': '李浩', 'business_status': '吊销，未注销', 'gszch': '440301108762042', 'tyxydm': '91440300MA5K89686D', 'dateOfEstablishment': '2014年01月26日', 'oldCompanyNameList': []}
2026-06-24 10:54:12.350 | INFO     | 4072:20560 | __main__:getdata:1048 - {'name': '安徽阿里巴巴文化娱乐有限公司', 'link': 'https://shiming.gsxt.gov.cn/%7B15B78156245FA720E334FE8546552C5E897D905328DCCFC2F48FFD2ADEF52CFB31C5D6DBED967BFCFB890E09E42EC3B84DCF91F7F4365C15D789C881439F7F13E3F1E3F1E38F7F6DEDFFEDFFEDFFEDFFBF3FB2F2028B0691156C47B9AC6F7C055A90E221840484E8FA45A82F28C531488B2EAEBCAEBCAEBC-1782269652840%7D', 'legalName': '贝文彪', 'business_status': '存续（在营、开业、在册）', 'gszch': '', 'tyxydm': '91340100743079354H', 'dateOfEstablishment': '2002年10月08日', 'oldCompanyNameList': []}
2026-06-24 10:54:12.350 | INFO     | 4072:20560 | __main__:getdata:1048 - {'name': '济南鸿兮技术有限公司', 'link': 'https://shiming.gsxt.gov.cn/%7B923106D0A3D920A664B27903C1D3ABD80EFB17D5AF5A484473097AAC5973AB7DB643515D6A10FC7A7C0F898F63A8443ECA49167173B0DB93500F4F07C419F8951D0E1D0E1D70F8EB6A796A796A796AE66A79F8B9AADF53820A19E81923B53048629D894B59217FB4C705A120A1701DA34FC9CF23D6AE6CC8495A495A495A-1782269652841%7D', 'legalName': '许亚芬', 'business_status': '在营（开业）企业', 'gszch': '', 'tyxydm': '91370100MA3NCK6B1Y', 'dateOfEstablishment': '2018年10月15日', 'oldCompanyNameList': ['阿里巴巴（山东）技术有限公司']}
2026-06-24 10:54:12.350 | INFO     | 4072:20560 | __main__:getdata:1048 - {'name': '马斯克（大连）无人飞行器有限公司', 'link': 'https://shiming.gsxt.gov.cn/%7B41E2D503700AF375B761AAD01200780BDD28C4067C899B97A0DAA97F8AA078AE6590828EB9C32FA9AFDC5A5CB07B97ED199AC5A2A063084083DC9CD417CA2BA72635263526AA2B38B4A7B4A7B4A7B435B9AA2B6A79F1E233C2AFC24E0F991C644EB1A567750D5398EB298D0C8DE0F34DA12721CD38408226A7B4A7B4A7B4-1782269652841%7D', 'legalName': '潘茂胜', 'business_status': '存续（在营、开业、在册）', 'gszch': '', 'tyxydm': '91210200MA0Y0GC321', 'dateOfEstablishment': '2018年08月17日', 'oldCompanyNameList': ['阿里巴巴（大连）饮品有限公司']}
2026-06-24 10:54:12.350 | INFO     | 4072:20560 | __main__:getdata:1048 - {'name': '马斯克（大连）电影传媒有限责任公司', 'link': 'https://shiming.gsxt.gov.cn/%7BF15265B3C0BA43C507D11A60A2B0C8BB6D9874B6CC392B27106A19CF3A10C81ED520323E09739F191F6CEAEC00CB275DA92A751210D3B8F0336C2C64A77A9B1796859685961A9B880417041704170485091A9BDAC91899A3D65A1B5A2FB93C446E918547552D73B8CB09AD2CADC0D36D810701ED1860A206879487948794-1782269652841%7D', 'legalName': '潘茂胜', 'business_status': '存续（在营、开业、在册）', 'gszch': '', 'tyxydm': '91210200MA0XWT2Y1F', 'dateOfEstablishment': '2018年07月02日', 'oldCompanyNameList': ['阿里巴巴（大连）传媒有限公司']}
2026-06-24 10:54:12.352 | INFO     | 4072:20560 | __main__:getdata:1048 - {'name': '成都康森特文化传媒有限公司', 'link': 'https://shiming.gsxt.gov.cn/%7B13B087512258A127E533F88240522A598F7A96542EDBC9C5F288FB2DD8F22AFC37C2D0DCEB917DFBFD8E080EE229C5BF4BC897F0F2315A12D18ECE86459879A8293A293A29F8796AEBF8B9AAB9AAB938B4A72653D2C14D382B382B46CA5CD9A18B7460A2B0C8965D2EEC48C94899F44AA62026CA3F478521A0B3A0B3A0B3-1782269652841%7D', 'legalName': '尤佳', 'business_status': '存续（在营、开业、在册）', 'gszch': '', 'tyxydm': '91510108MA69NFYC7L', 'dateOfEstablishment': '2019年10月29日', 'oldCompanyNameList': ['成都阿里巴巴文化有限公司']}
2026-06-24 10:54:12.352 | INFO     | 4072:20560 | __main__:getdata:1048 - {'name': '马斯克（大连）太阳能新能源有限责任公司', 'link': 'https://shiming.gsxt.gov.cn/%7B10B084512158A227E633FB82435229598C7A95542DDBCAC5F188F82DDBF229FC34C2D3DCE8917EFBFE8E0B0EE129C6BF48C894F0F1315912D28ECD8646987AF57767776777F87A6AE5F5E5F5E5F5E567E8F87A3828A3B36193FDC43658CD4B3019E5F233225904CCBC7DDA58DAB4A419F67376996F14D572F0E0F0E0F0E0-1782269652842%7D', 'legalName': '潘茂胜', 'business_status': '存续（在营、开业、在册）', 'gszch': '', 'tyxydm': '91210200MA0Y0GBYXT', 'dateOfEstablishment': '2018年08月17日', 'oldCompanyNameList': ['阿里巴巴（大连）设备制造有限公司']}
2026-06-24 10:54:12.352 | INFO     | 4072:20560 | __main__:getdata:1048 - {'name': '马斯克（大连）数字科技有限公司', 'link': 'https://shiming.gsxt.gov.cn/%7BF55561B4C4BD47C203D61E67A6B7CCBC699F70B1C83E2F20146D1DC83E17CC19D12736390D749B1E1B6BEEEB04CC235AAD2D711514D4BCF7376B2863A37D9F1092829282921D9F8F00100010001000820D1D9FDDCD1F9DA4D250DB99861395EEC73B2CEDFC87DA1262A30486046A7AC728ADA847B1CA0BAC2E3E2E3E2E3E-1782269652842%7D', 'legalName': '潘茂胜', 'business_status': '存续（在营、开业、在册）', 'gszch': '', 'tyxydm': '91210200MA0XW92H8W', 'dateOfEstablishment': '2018年06月25日', 'oldCompanyNameList': ['阿里巴巴（大连）装饰装修工程有限公司']}
2026-06-24 10:54:14.589 | INFO     | 4072:20560 | __main__:getdata:1048 - {'name': '阿里巴巴华南技术有限公司', 'link': 'https://shiming.gsxt.gov.cn/%7B43B7D756725FF120B534A88510557A5EDF7DC6537EDC99C2A28FAB2A88F57AFB67C580DBBB962DFCAD895809B22E95B81BCFC7F7A2360A1581899E81159F298F296D296D298F296DBB60E630EB6D29FF2460B669BF69B264206420FF925381AED37B38ADE8C7CE5276E310C610964DA41FCE9F2486A93CCF195D195D195D-1782269653539%7D', 'legalName': '李然', 'business_status': '存续（在营、开业、在册）', 'gszch': '', 'tyxydm': '91440101MA5ALRRJ0E', 'dateOfEstablishment': '2017年11月21日', 'oldCompanyNameList': []}
2026-06-24 10:54:14.590 | INFO     | 4072:20560 | __main__:getdata:1048 - {'name': '阿里巴巴华北技术有限公司', 'link': 'https://shiming.gsxt.gov.cn/%7B7A89EE684B61C81E8C0A91BB296B4360E643FF6D47E2A0FC9BB19214B1CB43C55EFBB9E582A814C294B761378B10AC8622F1FEC99B08332BB8B7A7BF2CA110C11D5E1D5E1D0C5AD27325D65EDF5E63F16372FA5BA8EBA8FE7F3C1998CE8D55C7AD5ECC445593466E14BBFF6D2F070992B123D706D70B36D864B2E458FDD547B3622162216221-1782269653540%7D', 'legalName': '李然', 'business_status': '存续（在营、开业、在册）', 'gszch': '', 'tyxydm': '91120222MA05Y0CR4B', 'dateOfEstablishment': '2017年11月20日', 'oldCompanyNameList': []}
2026-06-24 10:54:14.590 | INFO     | 4072:20560 | __main__:getdata:1048 - {'name': '阿里巴巴迅犀（杭州）数字科技有限公司', 'link': 'https://shiming.gsxt.gov.cn/%7BF40760E6C5EF469002841F35A7E5CDEE68CD71E3C96C2E72153F1C9A3F45CD4BD075376B0C269A4C1A39EFB9059E2208AC7F70471586BDA536392931A22F9EA39EDD9EDD9EA39EDD0C1DBCD695D695A8C21AC6FBEA2CF9D1AB0440D290B8B62D0E9C6802D35211FF4395C37FDAF26094450645064506-1782269653540%7D', 'legalName': '陈亮', 'business_status': '存续', 'gszch': '', 'tyxydm': '91330110MA2B19R88C', 'dateOfEstablishment': '2018年03月19日', 'oldCompanyNameList': []}
2026-06-24 10:54:14.591 | INFO     | 4072:20560 | __main__:getdata:1048 - {'name': '阿里巴巴众筹（北京）投资管理有限公司', 'link': 'https://shiming.gsxt.gov.cn/%7BD12245C3E0CA63B527A13A1082C0E8CB4DE854C6EC490B57301A39BF1A60E86EF550124E2903BF693F1CCA9C20BB072D895A556230A39880131C0C14870ABB6ABBF8BBF8BBE7BBAAE9F8BBAA7BFA2B77A6774AD8793AEB6ABBE73BE7F6CBDAB06CB435B44781547C06A9ED7F3D151B80A331C514C5449876CA1C4AF6537BE91DCC8FCC8FCC8F-1782269653540%7D', 'legalName': '于盛', 'business_status': '存续（在营、开业、在册）', 'gszch': '', 'tyxydm': '91110105MA002U421D', 'dateOfEstablishment': '2015年12月29日', 'oldCompanyNameList': []}
2026-06-24 10:54:14.591 | INFO     | 4072:20560 | __main__:getdata:1048 - {'name': '北京阿里巴巴证券咨询有限公司', 'link': 'https://shiming.gsxt.gov.cn/%7B3CCEA82F0D268E59CA4DD7FC6F2C0527A004B92A01A5E6BBDDF6D453F78C058218BCFFA2C4EF5285D2F02770CD57EAC164B6B88EDD4F756CFEF0E1F86AE6568656145614560B5646041456469616964F1873F32E793BEB6BEB78F002A27FF62B3B9B42CB965185ACD7793CAFECC5CA5072E114C41430729D20F7A01DB99003F6266426642664-1782269653541%7D', 'legalName': '陈芳', 'business_status': '注销', 'gszch': '', 'tyxydm': '91110114MA006Y8T0F', 'dateOfEstablishment': '2016年07月13日', 'oldCompanyNameList': []}
2026-06-24 10:54:14.591 | INFO     | 4072:20560 | __main__:getdata:1048 - {'name': '江西阿里巴巴实业投资有限公司', 'link': 'https://shiming.gsxt.gov.cn/%7B42B0D6517358F027B433A98211527B59DE7AC7547FDB98C5A388AA2D89F27BFC66C281DCBA912CFBAC8E590EB32994BF1AC8C6F0A3310B12808E9F86149828147F3D7F3D7F4328F8286A28F5B767E7A525F8E8AAE838286A014301C6123B40EEAB387B525DC7E576835383A7E50AB760378A2E079461B1F3B1F3B1F3-1782269653541%7D', 'legalName': '赖淙晖', 'business_status': '吊销，未注销', 'gszch': '', 'tyxydm': '91361100343314677A', 'dateOfEstablishment': '2015年06月05日', 'oldCompanyNameList': []}
2026-06-24 10:54:14.593 | INFO     | 4072:20560 | __main__:getdata:1048 - {'name': '杭州阿里巴巴创业投资管理有限公司', 'link': 'https://shiming.gsxt.gov.cn/%7B83721793B29A31E575F16840D090BA9B1FB80696BE195907624A6BEF4830BA3EA700401E7B53ED396D4C98CC72EB557DDB0A073262F3CAD0414C5E44D55AE9D6E9A8E9A8E9D6E9A87B68CB8ACB8ACBF42E1150F32DE93E146CC18717577D71E8C959AF7CAF2C13FF4195C17FD8F26294470647064706-1782269653542%7D', 'legalName': '沈沉', 'business_status': '存续', 'gszch': '', 'tyxydm': '91330110MA2B2CJ809', 'dateOfEstablishment': '2018年04月27日', 'oldCompanyNameList': []}
2026-06-24 10:54:14.593 | INFO     | 4072:20560 | __main__:getdata:1048 - {'name': '杭州阿里巴巴云朵科技有限公司', 'link': 'https://shiming.gsxt.gov.cn/%7BF60762E6C7EF449000841D35A5E5CFEE6ACD73E3CB6C2C72173F1E9A3D45CF4BD275356B0E26984C1839EDB9079E2008AE7F72471786BFA534392B31A02F9CA39CDD9CDD9CA39CDD0EDDE2A3E2A3E2A3E28A548A599D4A6018B5F3632309059CBD2DDB08DB58678B35E1B50BAC8616E0337233723372-1782269653542%7D', 'legalName': '占利军', 'business_status': '存续', 'gszch': '', 'tyxydm': '91330113MA7C8TLB7X', 'dateOfEstablishment': '2021年11月05日', 'oldCompanyNameList': []}
2026-06-24 10:54:14.594 | INFO     | 4072:20560 | __main__:getdata:1048 - {'name': '上海昊超电子商务有限公司', 'link': 'https://shiming.gsxt.gov.cn/%7B09F89D193810BB6FFF7BE2CA5A1A301195328C1C3493D38DE8C0E165C2BA30B42D8ACA94F1D967B3E7C61246F861DFF751808DB8E879405ACBC6D4CE5FD0635C8FCE8FCE8FB06322F12281C081C081528CCD1EBDFCEF31E2A3E2A39CBB7FA882FA571181C1EBE77E5FCF39EA39BA8569D70357E94E64F402D190D190D190-1782269653542%7D', 'legalName': '赵传之', 'business_status': '存续（在营、开业、在册）', 'gszch': '', 'tyxydm': '91310114312356647G', 'dateOfEstablishment': '2014年08月21日', 'oldCompanyNameList': ['阿里巴巴俪人购（上海）电子商务有限公司', '上海昊超电子商务有限公司']}
2026-06-24 10:54:14.594 | INFO     | 4072:20560 | __main__:getdata:1048 - {'name': '阿里巴巴传媒（北京）有限公司', 'link': 'https://shiming.gsxt.gov.cn/%7B59A8CD496840EB3FAF2BB29A0A4A6041C562DC4C64C383DDB890B13592EA60E47DDA9AC4A18937E3B7964216A8318FA701D0DDE8B829100A9B96849E0F8033E03372337233EDAC3C03104457A605F405D627D6E9BDFC2F8C7D8C0FD1F67C28F22CF67C8D1DD90E245CF1B727674D41D8F9699F4C9F1CCF239D491DA3042EBE489BDA9BDA9BDA-1782269653542%7D', 'legalName': '叶振兴', 'business_status': '注销', 'gszch': '', 'tyxydm': '91110000339750652L', 'dateOfEstablishment': '2015年04月16日', 'oldCompanyNameList': []}
2026-06-24 10:54:14.850 | INFO     | 4072:20560 | __main__:getdata:1048 - {'name': '嘉兴阿里巴巴羊绒服饰有限公司', 'link': 'https://shiming.gsxt.gov.cn/%7B4FD6DB377E3EFD41B955A4E41C34763FD31CCA3272BD95A3AEEEA74B8494769A6BA48CBAB7F7219DA1E85468BE4F99D917AECB96AE5706748DE892E019FE2572250C250C2572250CC7EEC7EEC7EEC7EE5858B3FCB31FA0E2F23719E1C98BEF1E57AF318A31664FCB1DA19D4B84C63EA01B321B321B32-1782269655365%7D', 'legalName': '徐金培', 'business_status': '存续', 'gszch': '', 'tyxydm': '91330483768670474D', 'dateOfEstablishment': '2004年11月17日', 'oldCompanyNameList': []}
2026-06-24 10:54:14.851 | INFO     | 4072:20560 | __main__:getdata:1048 - {'name': '杭州阿里巴巴不动产科技有限公司', 'link': 'https://shiming.gsxt.gov.cn/%7BB8222CC389CA0AB54EA15310EBC081CB24E83DC685496257591A50BF7360816E9C507B4E4003D669561CA39C49BB6E2DE05A3C6259A3F1807A1C6514EE0AD286D2F8D2F8D286D2F84038F0DAF0DAF0F38BA1EDB9BA15A9E8FB3D10EBC081E6145EA53880388DD95E8B340BDE1253A8358DA78DA78DA7-1782269655366%7D', 'legalName': '张建忠', 'business_status': '存续', 'gszch': '', 'tyxydm': '91330110MA2KGYND1B', 'dateOfEstablishment': '2021年06月04日', 'oldCompanyNameList': []}
2026-06-24 10:54:14.852 | INFO     | 4072:20560 | __main__:getdata:1048 - {'name': '上海大麦娱乐有限公司', 'link': 'https://shiming.gsxt.gov.cn/%7B4CD6D8377D3EFE41BA55A7E41F34753FD01CC93271BD96A3ADEEA44B8794759A68A48FBAB4F7229DA2E85768BD4F9AD914AEC896AD5705748EE891E01AFE2672CAE0CAE0CA9E260CB49E2F052F052F9A2F05BDBE94C0942C062C06B3E748F4B5A6604DB69DDCBB4903F865DD658D38BF6AD5EA3FF3B249D46C466C466C46-1782269655366%7D', 'legalName': '李捷', 'business_status': '存续（在营、开业、在册）', 'gszch': '', 'tyxydm': '91310107MA1G04AB8J', 'dateOfEstablishment': '2016年03月31日', 'oldCompanyNameList': ['上海阿里巴巴影业有限公司']}
2026-06-24 10:54:14.852 | INFO     | 4072:20560 | __main__:getdata:1048 - {'name': '马斯克（大连）物业管理有限公司', 'link': 'https://shiming.gsxt.gov.cn/%7B62F8F6195310D06F947B89CA311A5B11FE32E71C5F93B88D83C08A65A9BA5BB4468AA1949AD90CB38CC679469361B4F73A80E6B883792B5AA0C6BFCE34D008BD052F052F05B0082297BD97BD97BD972F9AB008705A922796957DC5BD55FA460714D2FF042F6E09FBB14AD76FD783A92EFB447BAE6223D845FDD7FDD7FDD7-1782269655366%7D', 'legalName': '潘茂胜', 'business_status': '存续（在营、开业、在册）', 'gszch': '', 'tyxydm': '91210200MA0XQD7N79', 'dateOfEstablishment': '2018年05月02日', 'oldCompanyNameList': ['阿里巴巴（大连）物业管理有限公司']}
2026-06-24 10:54:14.852 | INFO     | 4072:20560 | __main__:getdata:1048 - {'name': '乌鲁木齐阿里巴巴新能源科技有限公司', 'link': 'https://shiming.gsxt.gov.cn/%7BAA313ED09BD918A65CB24103F9D393D836FB2FD5975A70444B0942AC6173937D8E43695D5210C47A440FB18F5BA87C3EF2492E714BB0E393680F7707FC19C0C22B002B002B29C0EB52792C072C07BEC7773A8E47FE50EDADBF7854AE84C4A2511AE07CC57C29028450EED004C98973EF567D567D567D-1782269655367%7D', 'legalName': '潘建良', 'business_status': '存续（在营、开业、在册）', 'gszch': '', 'tyxydm': '91650103MA78830N74', 'dateOfEstablishment': '2019年01月21日', 'oldCompanyNameList': []}
2026-06-24 10:54:14.853 | INFO     | 4072:20560 | __main__:getdata:1048 - {'name': '江苏阿里巴巴服饰有限公司', 'link': 'https://shiming.gsxt.gov.cn/%7B801B14FAB1F3328C76986B29D3F9B9F21CD105FFBD705A6E612368864B59B957A4694377783AEE506E259BA571825614D863045B619AC9B942255D2DD633EABF0B200B200B5EEAC12803280328032803280328919323CA7ACAB31DA0E0F23519E3C989EF1C57AD318831D861E7338DB367AAEA108C351E351E351E-1782269655367%7D', 'legalName': '李珊珊', 'business_status': '存续（在营、开业、在册）', 'gszch': '', 'tyxydm': '91320581761041202X', 'dateOfEstablishment': '2004年04月29日', 'oldCompanyNameList': []}
2026-06-24 10:54:14.853 | INFO     | 4072:20560 | __main__:getdata:1048 - {'name': '阿里巴巴（福建）卫浴有限公司', 'link': 'https://shiming.gsxt.gov.cn/%7B2CB7B8561D5F9E20DA34C7857F55155EB07DA95311DCF6C2CD8FC42AE7F515FB08C5EFDBD49642FCC2893709DD2EFAB874CFA8F7CD366515EE89F1817A9F4613FAD1FAD1FAAF466D84FDA883A883A81CA883A8E55CE8C396BD96BD54ED43FEBEAC6B47BD97D7B14209F36FD66F3A119743FDC317DA9A60FC456E456E456E-1782269655367%7D', 'legalName': '吴素文', 'business_status': '存续（在营、开业、在册）', 'gszch': '', 'tyxydm': '91350583696644292F', 'dateOfEstablishment': '2009年12月03日', 'oldCompanyNameList': []}
2026-06-24 10:54:14.853 | INFO     | 4072:20560 | __main__:getdata:1048 - {'name': '阿里巴巴河北网络科技有限公司', 'link': 'https://shiming.gsxt.gov.cn/%7BB9222DC388CA0BB54FA15210EAC080CB25E83CC684496357581A51BF7260806E9D507A4E4103D769571CA29C48BB6F2DE15A3D6258A3F0807B1C6414EF0AD36A3F143F143F86D3F8416A416A416A41F5416AD3D1FA43F71E351E35FCB11FA2E2F0371BE1CB8BED1E55AF338A33664DCB1FA19F4B86C63CA0193219321932-1782269655367%7D', 'legalName': '李秋旺', 'business_status': '注销', 'gszch': '', 'tyxydm': '91130100MA07MUJP0L', 'dateOfEstablishment': '2016年01月25日', 'oldCompanyNameList': []}
2026-06-24 10:54:14.854 | INFO     | 4072:20560 | __main__:getdata:1048 - {'name': '深圳阿里巴巴文体有限公司', 'link': 'https://shiming.gsxt.gov.cn/%7BA53131D094D917A653B24E03F6D39CD839FB20D5985A7F4444094DAC6E739C7D8143665D5D10CB7A4B0FBE8F54A8733EFD49217144B0EC93670F7807F319CF09CFEBCFEBCF09CFEBB19523072395B107BC982EE8CC77CCBA0C7A387AC160D29D80486B9EBBF49D6125D043F543A51E974CFDCC17D59A6FFC4A6E4A6E4A6E-1782269655368%7D', 'legalName': '李浩', 'business_status': '吊销，未注销', 'gszch': '', 'tyxydm': '914403000938141847', 'dateOfEstablishment': '2014年02月28日', 'oldCompanyNameList': []}
2026-06-24 10:54:14.854 | INFO     | 4072:20560 | __main__:getdata:1048 - {'name': '深圳阿里巴巴金融服务有限公司', 'link': 'https://shiming.gsxt.gov.cn/%7BBB2F2FCE8AC709B84DAC501DE8CD82C627E53ECB8644615A5A1753B2706D82639F5D7843430ED5645511A0914AB66D20E3573F6F5AAEF28D79116619ED07D117D1F5D1F5D117D1F5AF8B3D193D8BAF19A28630F6D269DFA91FA916F0FD5CEEA1BC7457A287C8A15D19EC7FC97F9922AB70C1F02BE9A653C0765276527652-1782269655368%7D', 'legalName': '李浩', 'business_status': '吊销，未注销', 'gszch': '', 'tyxydm': '91440300MA5K89432G', 'dateOfEstablishment': '2014年02月18日', 'oldCompanyNameList': []}
2026-06-24 11:02:58.998 | INFO     | 4072:20560 | __main__:detilinfo:1645 - [搜索] 找到 70 家企业
2026-06-24 11:03:04.917 | INFO     | 4072:20560 | __main__:close_mongo_connection:1699 - MongoDB连接已关闭
2026-06-24 11:03:25.054 | INFO     | 15980:5848 | __main__:next_login:1695 - 使用账号: 18050400868
2026-06-24 11:03:25.120 | INFO     | 15980:5848 | __main__:main_qe:439 - 加速乐第一次请求的状态码:<Response [521]>
2026-06-24 11:03:25.235 | INFO     | 15980:5848 | __main__:jsl:312 - 加速乐第二次请求的状态码:<Response [521]>
2026-06-24 11:03:25.285 | INFO     | 15980:5848 | __main__:resp_jsl:346 - 加速乐第三次请求得到瑞数返回的状态码:<Response [412]>
2026-06-24 11:03:25.662 | INFO     | 15980:5848 | __main__:fetch:244 - Env Check PASS!!!
2026-06-24 11:03:28.280 | INFO     | 15980:5848 | __main__:main_qe:453 - _publicKey: MIIBIjANBgkqhkiG9w0BAQEFAAOCAQ8AMIIBCgKCAQEArqeSZx...
2026-06-24 11:03:28.281 | INFO     | 15980:5848 | __main__:main_qe:456 - fiKxeghI: aJ7dsMOCu0cyrJLtV5nxdkBBQFRE2z...
2026-06-24 11:03:30.195 | SUCCESS  | 15980:5848 | __main__:send:583 - 验证码识别成功！！
2026-06-24 11:03:30.534 | INFO     | 15980:5848 | __main__:loginuser:669 - loginuser: status=200
2026-06-24 11:03:30.534 | SUCCESS  | 15980:5848 | __main__:loginuser:675 - 登录成功
2026-06-24 11:03:30.597 | SUCCESS  | 15980:5848 | __main__:next_login:1704 - 账号 18050400868 登录完成
2026-06-24 11:03:30.597 | INFO     | 15980:5848 | __main__:main:1726 - >>> 正在处理公司: 【阿里巴巴】 <<<
2026-06-24 11:03:30.599 | INFO     | 15980:5848 | __main__:detilinfo:1618 - ********************************************************************************
2026-06-24 11:03:30.599 | INFO     | 15980:5848 | __main__:detilinfo:1619 - 开始采集: 阿里巴巴
2026-06-24 11:03:30.599 | INFO     | 15980:5848 | __main__:detilinfo:1620 - ********************************************************************************
2026-06-24 11:03:30.599 | INFO     | 15980:5848 | __main__:detilinfo:1624 - [搜索] 正在搜索公司...
2026-06-24 11:03:39.101 | INFO     | 15980:5848 | __main__:jy_shibie:552 - 语序点选坐标:[[1089, 7405], [6534, 5119], [2310, 3826]]
2026-06-24 11:03:39.405 | SUCCESS  | 15980:5848 | __main__:send:583 - 验证码识别成功！！
2026-06-24 11:03:43.702 | INFO     | 15980:5848 | __main__:searchcompany:750 - searchcompany状态码:<Response [200]>
2026-06-24 11:03:50.298 | INFO     | 15980:5848 | __main__:searchcompany:762 - ---------------------首次搜索-----------------------
2026-06-24 11:13:28.013 | INFO     | 15980:5848 | __main__:getdata:1034 - {'name': '阿里巴巴（中国）网络技术有限公司', 'link': 'https://shiming.gsxt.gov.cn/%7BC12F55CEF0C773B837AC2A1D92CDF8C65DE544CBFC441B5A201729B20A6DF863E55D0243390EAF642F11DA9130B617209957456F20AE888D03111C199707AB8BABF5ABF5AB8BABF53901C4055B05257B257BBA82479C546106B4ED623D081B9DA32CC5B27E722CDF7EB5FE5FE7D25DB4782678267826-1782270220747%7D', 'legalName': '蒋芳', 'business_status': '存续', 'gszch': '', 'tyxydm': '91330100716105852F', 'dateOfEstablishment': '1999年09月09日', 'oldCompanyNameList': []}
2026-06-24 11:13:55.668 | INFO     | 15980:5848 | __main__:getdata:1034 - {'name': '阿里巴巴信息港(广东)有限公司', 'link': 'https://shiming.gsxt.gov.cn/%7BB05E24BF81B602C946DD5B6CE3BC89B72C9435BA8D356A2B516658C37B1C8912942C7332487FDE155E60ABE041C76651E826341E51DFF9FC72606D68E676DA66DA84DA84DAADF3B8CF73E7DF1A2D73BFC8093EF2ACF2AC9B144A142C1B50CC430856C39D91CF03CF73A860553280D956093C2FA99718F13DF16D4DBE1FD49F3E86B33CD5194719471947-1782270220747%7D', 'legalName': '王朝阳', 'business_status': '存续（在营、开业、在册）', 'gszch': '', 'tyxydm': '91441600MA51G7H87U', 'dateOfEstablishment': '2018年03月29日', 'oldCompanyNameList': []}
2026-06-24 11:14:07.515 | INFO     | 15980:5848 | __main__:getdata:1034 - {'name': '阿里巴巴信息港（乌兰察布）有限公司', 'link': 'https://shiming.gsxt.gov.cn/%7B937A079BA29221ED65F97848C098AA930FB0169EAE11490F72427BE75838AA36B70850166B5BFD317D4488C462E34575CB02173A72FBDAD851444E4CC552F932A9F0A9F0A98E4CDF447B705770E358B123985A1C8FB038ABDB49F2B4276B1B80F0CF545FCC10DFED8D3866EEB684901128A04E854ED5F206A06C2086390B836DA6FFA6FFA6FF-1782270220748%7D', 'legalName': '王朝阳', 'business_status': '存续（在营、开业、在册）', 'gszch': '', 'tyxydm': '91150900MA0PWETR80', 'dateOfEstablishment': '2018年05月29日', 'oldCompanyNameList': []}
2026-06-24 11:14:42.060 | INFO     | 15980:5848 | __main__:getdata:1034 - {'name': '杭州阿里巴巴泽泰信息技术有限公司', 'link': 'https://shiming.gsxt.gov.cn/%7B7099E4784171C20E861A9BAB237B4970EC53F57D4DF2AAEC91A19804BBDB49D554EBB3F588B81ED29EA76B278100A69628E1F4D99118393BB2A7ADAF26B11A3D1A431A431A3D1A43888338613861381F461F844636EA251777C29C144C7E6AEBD25AB47FB472B94DEB276BCD7240C826EDB4EDB4EDB4-1782270220748%7D', 'legalName': '沈沉', 'business_status': '存续', 'gszch': '', 'tyxydm': '91330110MA28054B7Q', 'dateOfEstablishment': '2016年11月15日', 'oldCompanyNameList': []}
2026-06-24 11:14:42.062 | INFO     | 15980:5848 | __main__:getdata:1034 - {'name': '阿里巴巴江苏信息科技有限公司', 'link': 'https://shiming.gsxt.gov.cn/%7B54BDC05C6555E62AA23EBF8F075F6D54C877D15969D68EC8B585BC209FFF6DF170CF97D1AC9C3AF6BA834F03A52482B20CC5D0FDB53C1D1F9683898B02953E19DF86DF86DFF83E67174E174E174E174E17D1EE28717A235398C11DD2E080356BE3BB899D1C25AD438843D8FF0BAD612D8B34068E60ABF2ABF2ABF2-1782270220748%7D', 'legalName': '王朝阳', 'business_status': '存续（在营、开业、在册）', 'gszch': '', 'tyxydm': '91320691MA221RTH5E', 'dateOfEstablishment': '2020年07月22日', 'oldCompanyNameList': []}
2026-06-24 11:14:42.063 | INFO     | 15980:5848 | __main__:getdata:1034 - {'name': '阿里巴巴信息港（江苏）有限公司', 'link': 'https://shiming.gsxt.gov.cn/%7BE30B77EAD2E3519C15880839B0E9DAE27FC166EFDE60397E02330B962849DA47C77920671B2A8D400D35F8B512923504BB73674B028AAAA921353E3DB52389AF68306830684E89D1A0F8A0F8A0F8A0F8A06AAD9309787203C4B568A695F4401F96CFFCE96951D837468C164EBB1CD19C3B85B63FD01A421A421A42-1782270220749%7D', 'legalName': '王朝阳', 'business_status': '存续（在营、开业、在册）', 'gszch': '', 'tyxydm': '91320691MA1W3E4N6N', 'dateOfEstablishment': '2018年02月06日', 'oldCompanyNameList': []}
2026-06-24 11:14:42.063 | INFO     | 15980:5848 | __main__:getdata:1034 - {'name': '杭州阿里巴巴海外数字商业有限公司', 'link': 'https://shiming.gsxt.gov.cn/%7B26CEB22F17269459D04DCDFC752C1F27BA04A32A1BA5FCBBC7F6CE53ED8C1F8202BCE5A2DEEF4885C8F03D70D757F0C17EB6A28EC74F6F6CE4F0FBF870E64C6A4C144C144C6A4C14DE868CD48CD48C464C72B572B16CA291F0441B92CBF8ED6D55DC334288124ABF18D5983F81B23BD41E461E461E46-1782270220749%7D', 'legalName': '蔡啸天', 'business_status': '存续', 'gszch': '', 'tyxydm': '91330108MA2HYCQMXY', 'dateOfEstablishment': '2020年06月18日', 'oldCompanyNameList': []}
2026-06-24 11:14:42.064 | INFO     | 15980:5848 | __main__:getdata:1034 - {'name': '北京阿里巴巴信息技术有限公司', 'link': 'https://shiming.gsxt.gov.cn/%7B22CAB62B1322905DD449C9F871281B23BE00A72E1FA1F8BFC3F2CA57E9881B8606B8E1A6DAEB4C81CCF43974D353F4C57AB2A68AC34B6B68E0F4FFFC74E24882481048104843320CC677498AFB310F04A01A3A30101A241ABE042221E2E9B1E958E2DC1630ED231071C59A134A796CECD45DB278B275B247E02D60C7794AC32CE6BEE6BEE6BE-1782270220749%7D', 'legalName': '马云', 'business_status': '注销', 'gszch': '', 'tyxydm': '911101057001486120', 'dateOfEstablishment': '1998年10月14日', 'oldCompanyNameList': []}
2026-06-24 11:14:42.069 | INFO     | 15980:5848 | __main__:getdata:1034 - {'name': '阿里巴巴（张家口）信息科技有限公司', 'link': 'https://shiming.gsxt.gov.cn/%7BC32B57CAF2C371BC35A8281990C9FAC25FE146CFFE40195E22132BB60869FA67E75900473B0AAD602D15D89532B215249B53476B22AA8A8901151E1D9503A963451D451D458FA9F1326AF0A8F0A8F03AFDA5623A62683041194119DEAF72BC8FEE5A058CD5E6F3734BC22DE72DEACC399E531EB90734BD5298C098C098C0-1782270220749%7D', 'legalName': '王朝阳', 'business_status': '存续（在营、开业、在册）', 'gszch': '', 'tyxydm': '91130705MA0FAQEG6A', 'dateOfEstablishment': '2020年08月06日', 'oldCompanyNameList': ['阿里巴巴京西信息科技有限公司']}
2026-06-24 11:14:42.070 | INFO     | 15980:5848 | __main__:getdata:1034 - {'name': '海南阿里巴巴影业文化产业基金合伙企业（有限合伙）', 'link': 'https://shiming.gsxt.gov.cn/%7B7299E6784371C00E841A99AB217B4B70EE53F77D4FF2A8EC93A19A04B9DB4BD556EBB1F58AB81CD29CA769278300A4962AE1F6D993183B3BB0A7AFAF24B118A1D388D388D31AA36A316A316AA3F8A31A4188D313D3171EC00D3D5FE8B43E645442C1FA709C25BC99BC4AEE206ECA7747CD21E8B3E8B3E8B3-1782270220750%7D', 'legalName': '海南阿里巴巴影业管理有限公司', 'business_status': '存续（在营、开业、在册）', 'gszch': '', 'tyxydm': '91460100MA5RD3XY8M', 'dateOfEstablishment': '2016年08月01日', 'oldCompanyNameList': []}
2026-06-24 11:14:42.246 | INFO     | 15980:5848 | __main__:unified_request:633 - 412出错: rs_response 里没有匹配到 r='m' 的 js
2026-06-24 11:14:42.324 | INFO     | 15980:5848 | __main__:unified_request:633 - 412出错: rs_response 里没有匹配到 r='m' 的 js
2026-06-24 11:14:43.417 | INFO     | 15980:5848 | __main__:unified_request:633 - 412出错: rs_response 里没有匹配到 r='m' 的 js
2026-06-24 11:14:46.709 | INFO     | 15980:5848 | __main__:unified_request:633 - 412出错: rs_response 里没有匹配到 r='m' 的 js
2026-06-24 11:16:14.480 | INFO     | 15980:5848 | __main__:close_mongo_connection:1685 - MongoDB连接已关闭
2026-06-24 11:16:30.383 | INFO     | 21676:21424 | __main__:next_login:1703 - 使用账号: 18050400868
2026-06-24 11:16:30.531 | INFO     | 21676:21424 | __main__:main_qe:439 - 加速乐第一次请求的状态码:<Response [521]>
2026-06-24 11:16:30.687 | INFO     | 21676:21424 | __main__:jsl:312 - 加速乐第二次请求的状态码:<Response [521]>
2026-06-24 11:16:30.758 | INFO     | 21676:21424 | __main__:resp_jsl:346 - 加速乐第三次请求得到瑞数返回的状态码:<Response [412]>
2026-06-24 11:16:31.430 | INFO     | 21676:21424 | __main__:fetch:244 - Env Check PASS!!!
2026-06-24 11:22:15.269 | INFO     | 21676:21424 | __main__:main_qe:439 - 加速乐第一次请求的状态码:<Response [521]>
2026-06-24 11:22:15.422 | INFO     | 21676:21424 | __main__:jsl:312 - 加速乐第二次请求的状态码:<Response [521]>
2026-06-24 11:22:15.477 | INFO     | 21676:21424 | __main__:resp_jsl:346 - 加速乐第三次请求得到瑞数返回的状态码:<Response [412]>
2026-06-24 11:22:15.871 | INFO     | 21676:21424 | __main__:fetch:244 - Env Check PASS!!!
2026-06-24 11:22:22.300 | INFO     | 21676:21424 | __main__:main_qe:453 - _publicKey: MIIBIjANBgkqhkiG9w0BAQEFAAOCAQ8AMIIBCgKCAQEArqeSZx...
2026-06-24 11:22:22.300 | INFO     | 21676:21424 | __main__:main_qe:456 - fiKxeghI: aJbt66-CLawsSA640gTESU97kCVx8o...
2026-06-24 11:22:25.375 | SUCCESS  | 21676:21424 | __main__:send:583 - 验证码识别成功！！
2026-06-24 11:22:25.703 | INFO     | 21676:21424 | __main__:loginuser:669 - loginuser: status=200
2026-06-24 11:22:25.703 | SUCCESS  | 21676:21424 | __main__:loginuser:675 - 登录成功
2026-06-24 11:22:25.757 | SUCCESS  | 21676:21424 | __main__:next_login:1712 - 账号 18050400868 登录完成
2026-06-24 11:22:25.757 | INFO     | 21676:21424 | __main__:main:1734 - >>> 正在处理公司: 【阿里巴巴】 <<<
2026-06-24 11:22:25.758 | INFO     | 21676:21424 | __main__:detilinfo:1626 - ********************************************************************************
2026-06-24 11:22:25.759 | INFO     | 21676:21424 | __main__:detilinfo:1627 - 开始采集: 阿里巴巴
2026-06-24 11:22:25.759 | INFO     | 21676:21424 | __main__:detilinfo:1628 - ********************************************************************************
2026-06-24 11:22:25.759 | INFO     | 21676:21424 | __main__:detilinfo:1632 - [搜索] 正在搜索公司...
2026-06-24 11:24:19.212 | SUCCESS  | 21676:21424 | __main__:send:583 - 验证码识别成功！！
2026-06-24 11:24:26.929 | INFO     | 21676:21424 | __main__:unified_request:633 - 412出错: rs_response 里没有匹配到 r='m' 的 js
2026-06-24 11:24:28.513 | SUCCESS  | 21676:21424 | __main__:send:583 - 验证码识别成功！！
2026-06-24 11:24:28.886 | INFO     | 21676:21424 | __main__:unified_request:633 - 412出错: rs_response 里没有匹配到 r='m' 的 js
2026-06-24 11:24:29.957 | INFO     | 21676:21424 | __main__:unified_request:633 - 412出错: rs_response 里没有匹配到 r='m' 的 js
2026-06-24 11:24:31.037 | INFO     | 21676:21424 | __main__:unified_request:633 - 412出错: rs_response 里没有匹配到 r='m' 的 js
2026-06-24 11:24:34.832 | SUCCESS  | 21676:21424 | __main__:send:583 - 验证码识别成功！！
2026-06-24 11:25:22.444 | INFO     | 23356:3132 | __main__:next_login:1701 - 使用账号: 18050400868
2026-06-24 11:25:22.543 | INFO     | 23356:3132 | __main__:main_qe:439 - 加速乐第一次请求的状态码:<Response [521]>
2026-06-24 11:25:22.687 | INFO     | 23356:3132 | __main__:jsl:312 - 加速乐第二次请求的状态码:<Response [521]>
2026-06-24 11:25:22.744 | INFO     | 23356:3132 | __main__:resp_jsl:346 - 加速乐第三次请求得到瑞数返回的状态码:<Response [412]>
2026-06-24 11:25:23.161 | SUCCESS  | 23356:3132 | __main__:fetch:244 - Env Check PASS!!!
2026-06-24 11:26:29.127 | INFO     | 23356:3132 | __main__:main_qe:453 - 获取密钥 publicKey 成功!!
2026-06-24 11:26:36.304 | SUCCESS  | 23356:3132 | __main__:send:581 - 验证码识别成功！！
2026-06-24 11:29:29.451 | INFO     | 23356:3132 | __main__:unified_request:631 - 412出错: rs_response 里没有匹配到 r='m' 的 js
2026-06-24 11:30:03.446 | INFO     | 23356:3132 | __main__:close_mongo_connection:1691 - MongoDB连接已关闭
2026-06-24 11:30:17.327 | INFO     | 24464:12148 | __main__:next_login:1702 - 使用账号: 18050400868
2026-06-24 11:30:17.387 | INFO     | 24464:12148 | __main__:main_qe:439 - 加速乐第一次请求的状态码:<Response [521]>
2026-06-24 11:30:17.504 | INFO     | 24464:12148 | __main__:jsl:312 - 加速乐第二次请求的状态码:<Response [521]>
2026-06-24 11:30:17.560 | INFO     | 24464:12148 | __main__:resp_jsl:346 - 加速乐第三次请求得到瑞数返回的状态码:<Response [412]>
2026-06-24 11:30:17.978 | SUCCESS  | 24464:12148 | __main__:fetch:244 - Env Check PASS!!!
2026-06-24 11:30:18.402 | INFO     | 24464:12148 | __main__:main_qe:453 - 获取密钥 publicKey 成功!!
2026-06-24 11:30:19.989 | SUCCESS  | 24464:12148 | __main__:send:581 - 验证码识别成功！！
2026-06-24 11:30:20.400 | INFO     | 24464:12148 | __main__:loginuser:668 - loginuser: status=200
2026-06-24 11:30:20.400 | SUCCESS  | 24464:12148 | __main__:loginuser:674 - 登录成功
2026-06-24 11:30:20.457 | SUCCESS  | 24464:12148 | __main__:next_login:1710 - 账号 18050400868 登录完成
2026-06-24 11:30:20.457 | INFO     | 24464:12148 | __main__:main:1732 - >>> 正在处理公司: 【阿里巴巴】 <<<
2026-06-24 11:30:20.457 | INFO     | 24464:12148 | __main__:detilinfo:1625 - ********************************************************************************
2026-06-24 11:30:20.457 | INFO     | 24464:12148 | __main__:detilinfo:1626 - 开始采集: 阿里巴巴
2026-06-24 11:30:20.457 | INFO     | 24464:12148 | __main__:detilinfo:1627 - ********************************************************************************
2026-06-24 11:30:20.457 | INFO     | 24464:12148 | __main__:detilinfo:1631 - [搜索] 正在搜索公司...
2026-06-24 11:30:21.531 | SUCCESS  | 24464:12148 | __main__:send:581 - 验证码识别成功！！
2026-06-24 11:30:22.046 | INFO     | 24464:12148 | __main__:searchcompany:749 - searchcompany状态码:<Response [200]>
2026-06-24 11:30:22.233 | INFO     | 24464:12148 | __main__:searchcompany:761 - ---------------------首次搜索-----------------------
2026-06-24 11:30:22.236 | INFO     | 24464:12148 | __main__:getdata:1041 - {'name': '阿里巴巴（中国）网络技术有限公司', 'link': 'https://shiming.gsxt.gov.cn/%7BEC2F78CEDDC75EB81AAC071DBFCDD5C670E569CBD144365A0D1704B2276DD563C85D2F43140E82640211F7911DB63A20B457686F0DAEA58D2E113119BA07868B86F586F5868B86F51401E9057605087B087B97826A9C79612BB4C0621008369D8E2CE8B2537201DF53B5D35FCAD270B4552655265526-1782271822923%7D', 'legalName': '蒋芳', 'business_status': '存续', 'gszch': '', 'tyxydm': '91330100716105852F', 'dateOfEstablishment': '1999年09月09日', 'oldCompanyNameList': []}
2026-06-24 11:30:22.236 | INFO     | 24464:12148 | __main__:getdata:1041 - {'name': '阿里巴巴信息港(广东)有限公司', 'link': 'https://shiming.gsxt.gov.cn/%7B9D5E09BFACB62FC96BDD766CCEBCA4B7019418BAA035472B7C6675C3561CA412B92C5E32657FF315736086E06CC74B51C526191E7CDFD4FC5F604068CB76F766F784F784F7ADDEB8E273CADF372D5EBFE50913F281F2819B394A392C3650E1432556EE9DBCCF2ECF5EA84D551F80F456243C02A9BA18DC3DDC6D60BE32D4B23EABB311D5344734473447-1782271822923%7D', 'legalName': '王朝阳', 'business_status': '存续（在营、开业、在册）', 'gszch': '', 'tyxydm': '91441600MA51G7H87U', 'dateOfEstablishment': '2018年03月29日', 'oldCompanyNameList': []}
2026-06-24 11:30:22.236 | INFO     | 24464:12148 | __main__:getdata:1041 - {'name': '阿里巴巴信息港（乌兰察布）有限公司', 'link': 'https://shiming.gsxt.gov.cn/%7BB97A2D9B88920BED4FF95248EA98809325B03C9E8411630F584251E7723880369D087A16415BD7315744A2C448E36F75E1023D3A58FBF0D87B44644CEF52D33283F083F0838E66DF6E7B5A575AE372B10998701CA5B012ABF149D8B40D6B3180DACF7E5FE610F5EDA7384CEE9C84BA1102A0648564D5D8068A6C0A86130BA96D8CFF8CFF8CFF-1782271822923%7D', 'legalName': '王朝阳', 'business_status': '存续（在营、开业、在册）', 'gszch': '', 'tyxydm': '91150900MA0PWETR80', 'dateOfEstablishment': '2018年05月29日', 'oldCompanyNameList': []}
2026-06-24 11:30:22.237 | INFO     | 24464:12148 | __main__:getdata:1041 - {'name': '杭州阿里巴巴泽泰信息技术有限公司', 'link': 'https://shiming.gsxt.gov.cn/%7B5D99C9786C71EF0EAB1AB6AB0E7B6470C153D87D60F287ECBCA1B50496DB64D579EB9EF5A5B833D2B3A74627AC008B9605E1D9D9BC18143B9FA780AF0BB1373D37433743373D3743A58315611561151F6B1FA9461BEA08175AC2B114617E47EBFF5A997F9972944DC62746CD5F40E526C0B4C0B4C0B4-1782271822924%7D', 'legalName': '沈沉', 'business_status': '存续', 'gszch': '', 'tyxydm': '91330110MA28054B7Q', 'dateOfEstablishment': '2016年11月15日', 'oldCompanyNameList': []}
2026-06-24 11:30:22.237 | INFO     | 24464:12148 | __main__:getdata:1041 - {'name': '阿里巴巴江苏信息科技有限公司', 'link': 'https://shiming.gsxt.gov.cn/%7B79BDED5C4855CB2A8F3E928F2A5F4054E577FC5944D6A3C898859120B2FF40F15DCFBAD1819C17F6978362038824AFB221C5FDFD983C301FBB83A48B2F951319F286F286F2F813673A4E3A4E3A4E3A4E3AD1C3285C7A0E53B5C130D2CD80186BCEBBA49D31258043A543F5FF26AD4C2DA6342B8E4DABDFABDFABDF-1782271822924%7D', 'legalName': '王朝阳', 'business_status': '存续（在营、开业、在册）', 'gszch': '', 'tyxydm': '91320691MA221RTH5E', 'dateOfEstablishment': '2020年07月22日', 'oldCompanyNameList': []}
2026-06-24 11:30:22.237 | INFO     | 24464:12148 | __main__:getdata:1041 - {'name': '阿里巴巴信息港（江苏）有限公司', 'link': 'https://shiming.gsxt.gov.cn/%7BCF0B5BEAFEE37D9C398824399CE9F6E253C14AEFF260157E2E3327960449F647EB790C67372AA1402135D4B53E92190497734B4B2E8A86A90D35123D9923A5AF44304430444EA5D18CF88CF88CF88CF88C6A819325785E03E8B544A6B9F46C1FBACFD0E94551F4376A8C3A4E971CFD9C17859A3FFC1A6E1A6E1A6E-1782271822924%7D', 'legalName': '王朝阳', 'business_status': '存续（在营、开业、在册）', 'gszch': '', 'tyxydm': '91320691MA1W3E4N6N', 'dateOfEstablishment': '2018年02月06日', 'oldCompanyNameList': []}
2026-06-24 11:30:22.237 | INFO     | 24464:12148 | __main__:getdata:1041 - {'name': '杭州阿里巴巴海外数字商业有限公司', 'link': 'https://shiming.gsxt.gov.cn/%7B0BCE9F2F3A26B959FD4DE0FC582C322797048E2A36A5D1BBEAF6E353C08C32822FBCC8A2F3EF6585E5F01070FA57DDC153B68F8EEA4F426CC9F0D6F85DE6616A61146114616A6114F386A1D4A1D4A146617298729C6C8F91DD443692E6F8C06D78DC1E42A51267BF35D5B53FACB216D4334633463346-1782271822925%7D', 'legalName': '蔡啸天', 'business_status': '存续', 'gszch': '', 'tyxydm': '91330108MA2HYCQMXY', 'dateOfEstablishment': '2020年06月18日', 'oldCompanyNameList': []}
2026-06-24 11:30:22.237 | INFO     | 24464:12148 | __main__:getdata:1041 - {'name': '北京阿里巴巴信息技术有限公司', 'link': 'https://shiming.gsxt.gov.cn/%7B0FCA9B2B3E22BD5DF949E4F85C28362393008A2E32A1D5BFEEF2E757C48836862BB8CCA6F7EB6181E1F41474FE53D9C557B28B8AEE4B4668CDF4D2FC59E265826510651065431F0CEB77648AD63122048D1A17303D1A091A93040F21CFE99CE975E2F1161DED0E105CC5B713677941ECF95D9F789F759F47CD2D4DC7544AEE2CCBBECBBECBBE-1782271822925%7D', 'legalName': '马云', 'business_status': '注销', 'gszch': '', 'tyxydm': '911101057001486120', 'dateOfEstablishment': '1998年10月14日', 'oldCompanyNameList': []}
2026-06-24 11:30:22.240 | INFO     | 24464:12148 | __main__:getdata:1041 - {'name': '阿里巴巴（张家口）信息科技有限公司', 'link': 'https://shiming.gsxt.gov.cn/%7BEE2B7ACADFC35CBC18A80519BDC9D7C272E16BCFD340345E0F1306B62569D767CA592D47160A80600015F5951FB23824B6536A6B0FAAA7892C15331DB8038463681D681D688F84F11F6ADDA8DDA8DD3AD0A54F3A4F681D41344134DE8272918FC35A288CF8E6DE7366C200E700EAE139B35333B92A349052B5C0B5C0B5C0-1782271822925%7D', 'legalName': '王朝阳', 'business_status': '存续（在营、开业、在册）', 'gszch': '', 'tyxydm': '91130705MA0FAQEG6A', 'dateOfEstablishment': '2020年08月06日', 'oldCompanyNameList': ['阿里巴巴京西信息科技有限公司']}
2026-06-24 11:30:22.240 | INFO     | 24464:12148 | __main__:getdata:1041 - {'name': '海南阿里巴巴影业文化产业基金合伙企业（有限合伙）', 'link': 'https://shiming.gsxt.gov.cn/%7B5F99CB786E71ED0EA91AB4AB0C7B6670C353DA7D62F285ECBEA1B70494DB66D57BEB9CF5A7B831D2B1A74427AE00899607E1DBD9BE18163B9DA782AF09B135A1FE88FE88FE1A8E6A1C6A1C6A8EF88E1A6C88FE13FE1733C0203D72E8993E49546FC1D770B1259199914AC32043CA5A47E021C5B3C5B3C5B3-1782271822926%7D', 'legalName': '海南阿里巴巴影业管理有限公司', 'business_status': '存续（在营、开业、在册）', 'gszch': '', 'tyxydm': '91460100MA5RD3XY8M', 'dateOfEstablishment': '2016年08月01日', 'oldCompanyNameList': []}
2026-06-24 11:30:22.240 | INFO     | 24464:12148 | __main__:detilinfo:1638 - [搜索] 找到 10 家企业
2026-06-24 11:30:22.241 | INFO     | 24464:12148 | __main__:detilinfo:1646 - 
[1/10] 处理: 阿里巴巴（中国）网络技术有限公司
2026-06-24 11:30:22.241 | INFO     | 24464:12148 | __main__:_process_single_company:1559 - 
============================================================
采集公司: 阿里巴巴（中国）网络技术有限公司
============================================================
2026-06-24 11:30:22.241 | INFO     | 24464:12148 | __main__:vhpage:843 - ------------------提取工商数据----------------
2026-06-24 11:30:22.678 | INFO     | 24464:12148 | __main__:vhpage:855 - vhpage状态码:<Response [200]>
2026-06-24 11:30:22.762 | INFO     | 24464:12148 | __main__:_process_single_company:1566 - [详情页] URL提取完成, 板块数=12
2026-06-24 11:30:23.071 | INFO     | 24464:12148 | __main__:get_anCheId:1061 - get_anCheId状态码:<Response [200]>
2026-06-24 11:30:23.072 | INFO     | 24464:12148 | __main__:_get_annual_report_info:1370 - [年报] anCheId结果: {'addr': '', 'alterStockInfoUrl': '', 'alterTotalPageUrl': '', 'alterUrl': '', 'anCheDate': 1781781941000, 'anCheId': 'PROVINCENODENUM330000D5E754F6518647628A4400BF65A4F8F9', 'anCheYear': '2025', 'anType': '', 'annBaseJsUrl': '', 'annBaseUrl': '', 'annPbBaseJsUrl': '', 'annPbBaseUrl': '', 'annRepFrom': '0', 'annSfcBaseJsUrl': '', 'annSfcBaseUrl': '', 'annSfccSocsecinfoUrl': '', 'annSocsecinfoUrl': '', 'annulLicenceUrl': '', 'assGro': None, 'assGroDis': '', 'baseInfoUrl': '', 'branchProductionUrl': '', 'busSt': '', 'busSt_CN': '', 'colEmplNum': None, 'colGraNum': None, 'dependentEntName': '', 'dependentName': '', 'dependentUniscId': '', 'dis': None, 'disEmplNum': None, 'disPerNum': None, 'email': '', 'empNum': None, 'empNumDis': '', 'entName': '', 'entType': 'e', 'forGuaranteeinfoUrl': '', 'forInvestmentUrl': '', 'holdingSmsg': '', 'holdingSmsgDis': '', 'holdingSmsg_cn': '', 'isDis': None, 'lastModifiedPerson': '', 'lastModifiedTime': None, 'liaGro': None, 'liaGroDis': '', 'maiBusInc': None, 'maiBusIncDis': '', 'mainBusiAct': '', 'netInc': None, 'netIncDis': '', 'numParM': None, 'parIns': '', 'parIns_CN': '', 'postalCode': '', 'pripId': '3301972003000297', 'proGro': None, 'proGroDis': '', 'ratGro': None, 'ratGroDis': '', 'regNo': '', 'resParMSign': '', 'resParSecSign': '', 'retEmplNum': None, 'retSolNum': None, 'sExtSequence': '', 'sponsorUrl': '', 'tel': '', 'totEqu': None, 'totEquDis': '', 'uneEmplNum': None, 'uneNum': None, 'uniscId': '', 'vAnnPbAssetUrl': '', 'vAnnualReportAlters': None, 'vAnnualReportSfcBranchUrl': '', 'vannualSfcAssertUrl': '', 'vendInc': None, 'vendIncDis': '', 'webSiteInfoUrl': '', 'womemPNum': None, 'womemPNumDis': ''}
2026-06-24 11:30:23.073 | INFO     | 24464:12148 | __main__:anreport:1070 - -----------------年报获取采集------------------
2026-06-24 11:30:23.795 | INFO     | 24464:12148 | __main__:anreport:1086 - anreport状态码:<Response [200]>
2026-06-24 11:30:23.796 | ERROR    | 24464:12148 | __main__:anreport:1099 - anreport:'Govspider' object has no attribute 'main_rs_info'
2026-06-24 11:30:28.803 | INFO     | 24464:12148 | __main__:anreport:1070 - -----------------年报获取采集------------------
2026-06-24 11:30:29.225 | INFO     | 24464:12148 | __main__:anreport:1086 - anreport状态码:<Response [200]>
2026-06-24 11:30:29.225 | ERROR    | 24464:12148 | __main__:anreport:1099 - anreport:'Govspider' object has no attribute 'main_rs_info'
2026-06-24 11:30:30.040 | INFO     | 24464:12148 | __main__:close_mongo_connection:1692 - MongoDB连接已关闭
2026-06-24 11:33:12.822 | INFO     | 20916:11628 | __main__:next_login:1708 - 使用账号: 18965736502
2026-06-24 11:33:12.907 | INFO     | 20916:11628 | __main__:main_qe:439 - 加速乐第一次请求的状态码:<Response [521]>
2026-06-24 11:33:13.031 | INFO     | 20916:11628 | __main__:jsl:312 - 加速乐第二次请求的状态码:<Response [521]>
2026-06-24 11:33:13.109 | INFO     | 20916:11628 | __main__:resp_jsl:346 - 加速乐第三次请求得到瑞数返回的状态码:<Response [412]>
2026-06-24 11:33:13.515 | SUCCESS  | 20916:11628 | __main__:fetch:244 - Env Check PASS!!!
2026-06-24 11:33:21.990 | INFO     | 20916:11628 | __main__:main_qe:453 - 获取密钥 publicKey 成功!!
2026-06-24 11:33:22.425 | INFO     | 20916:11628 | __main__:jy_shibie:550 - 语序点选坐标:[[6798, 2137], [2607, 5268], [7623, 6262]]
2026-06-24 11:33:22.664 | SUCCESS  | 20916:11628 | __main__:send:581 - 验证码识别成功！！
2026-06-24 11:33:22.976 | INFO     | 20916:11628 | __main__:loginuser:668 - loginuser: status=200
2026-06-24 11:33:22.977 | SUCCESS  | 20916:11628 | __main__:loginuser:674 - 登录成功
2026-06-24 11:33:23.064 | SUCCESS  | 20916:11628 | __main__:next_login:1716 - 账号 18965736502 登录完成
2026-06-24 11:33:23.064 | INFO     | 20916:11628 | __main__:main:1739 - >>> 正在处理公司: 【阿里巴巴】 <<<
2026-06-24 11:33:23.066 | INFO     | 20916:11628 | __main__:detilinfo:1631 - ********************************************************************************
2026-06-24 11:33:23.066 | INFO     | 20916:11628 | __main__:detilinfo:1632 - 开始采集: 阿里巴巴
2026-06-24 11:33:23.066 | INFO     | 20916:11628 | __main__:detilinfo:1633 - ********************************************************************************
2026-06-24 11:33:23.066 | INFO     | 20916:11628 | __main__:detilinfo:1637 - [搜索] 正在搜索公司...
2026-06-24 11:33:31.805 | SUCCESS  | 20916:11628 | __main__:send:581 - 验证码识别成功！！
2026-06-24 11:33:40.358 | INFO     | 20916:11628 | __main__:searchcompany:749 - searchcompany状态码:<Response [200]>
2026-06-24 11:33:40.579 | INFO     | 20916:11628 | __main__:searchcompany:761 - ---------------------首次搜索-----------------------
2026-06-24 11:34:51.507 | INFO     | 20916:11628 | __main__:getdata:1048 - {'name': '阿里巴巴（中国）网络技术有限公司', 'link': 'https://shiming.gsxt.gov.cn/%7B0F2F9BCE3EC7BDB8F9ACE41D5CCD36C693E58ACB3244D55AEE17E7B2C46D36632B5DCC43F70E6164E1111491FEB6D92057578B6FEEAE468DCD11D2195907658B65F565F5658B65F5F7010A059505EB7BEB7B7482899C9A61C8B42362F308D59D6D2C0BB2B072E2DFB0B5305F29D293B4B626B626B626-1782272012744%7D', 'legalName': '蒋芳', 'business_status': '存续', 'gszch': '', 'tyxydm': '91330100716105852F', 'dateOfEstablishment': '1999年09月09日', 'oldCompanyNameList': []}
2026-06-24 11:34:53.091 | INFO     | 20916:11628 | __main__:getdata:1048 - {'name': '阿里巴巴信息港(广东)有限公司', 'link': 'https://shiming.gsxt.gov.cn/%7B7F5EEBBF4EB6CDC989DD946C2CBC46B7E394FABA4235A52B9E6697C3B41C46125B2CBC32877F1115916064E08EC7A9512726FB1E9EDF36FCBD60A268297615661584158415AD3CB8007328DFD52DBCBF0709F1F263F2639BDB4ADB2CD4500343C7560C9D5ECFCCCFBCA8AF55FD801656C63CE0A958183E3D3E6D82BED0D4503E49B3F3D5D647D647D647-1782272012745%7D', 'legalName': '王朝阳', 'business_status': '存续（在营、开业、在册）', 'gszch': '', 'tyxydm': '91441600MA51G7H87U', 'dateOfEstablishment': '2018年03月29日', 'oldCompanyNameList': []}
2026-06-24 11:34:54.012 | INFO     | 20916:11628 | __main__:getdata:1048 - {'name': '阿里巴巴信息港（乌兰察布）有限公司', 'link': 'https://shiming.gsxt.gov.cn/%7B5B7ACF9B6A92E9EDADF9B04808986293C7B0DE9E6611810FBA42B3E7903862367F089816A35B3531B54440C4AAE38D750302DF3ABAFB12D89944864C0D52313261F061F0618E84DF8C7BB857B8E390B1EB98921C47B0F0AB13493AB4EF6BD38038CF9C5F041017ED4538AEEE7E845811E0A0868586D53A06686CE886F10B4B6D6EFF6EFF6EFF-1782272012745%7D', 'legalName': '王朝阳', 'business_status': '存续（在营、开业、在册）', 'gszch': '', 'tyxydm': '91150900MA0PWETR80', 'dateOfEstablishment': '2018年05月29日', 'oldCompanyNameList': []}
2026-06-24 11:34:54.574 | INFO     | 20916:11628 | __main__:getdata:1048 - {'name': '杭州阿里巴巴泽泰信息技术有限公司', 'link': 'https://shiming.gsxt.gov.cn/%7BB8992C7889710A0E4E1A53ABEB7B817024533D7D85F262EC59A1500473DB81D59CEB7BF540B8D6D256A7A32749006E96E0E13CD95918F13B7AA765AFEEB1D23DD243D243D23DD2434083F061F061F01F8E1F4C46FEEAED17BFC25414847EA2EB1A5A7C7F7C72714D2327A3CDBA40002625B425B425B4-1782272012745%7D', 'legalName': '沈沉', 'business_status': '存续', 'gszch': '', 'tyxydm': '91330110MA28054B7Q', 'dateOfEstablishment': '2016年11月15日', 'oldCompanyNameList': []}
2026-06-24 11:34:54.887 | INFO     | 20916:11628 | __main__:getdata:1048 - {'name': '阿里巴巴江苏信息科技有限公司', 'link': 'https://shiming.gsxt.gov.cn/%7B9FBD0B5CAE552D2A693E748FCC5FA65403771A59A2D645C87E85772054FFA6F1BBCF5CD1679CF1F6718384036E2449B2C7C51BFD7E3CD61F5D83428BC995F5191486148614F8F567DC4EDC4EDC4EDC4EDCD12528BA7AE85353C1D6D22B80FE6B28BB429DD7256643434313FFC0ADAA2D4034CD8EABAB39AB39AB39-1782272012746%7D', 'legalName': '王朝阳', 'business_status': '存续（在营、开业、在册）', 'gszch': '', 'tyxydm': '91320691MA221RTH5E', 'dateOfEstablishment': '2020年07月22日', 'oldCompanyNameList': []}
2026-06-24 11:34:55.416 | INFO     | 20916:11628 | __main__:getdata:1048 - {'name': '阿里巴巴信息港（江苏）有限公司', 'link': 'https://shiming.gsxt.gov.cn/%7B290BBDEA18E39B9CDF88C2397AE910E2B5C1ACEF1460F37EC833C196E24910470D79EA67D12A4740C73532B5D892FF047173AD4BC88A60A9EB35F43D7F2343AFA230A230A24E43D16AF86AF86AF86AF86A6A6793C378B8030EB5A2A65FF48A1F5CCF36E9A35112378C8CDC4E711C1B9CF1857C3F1A1A881A881A88-1782272012746%7D', 'legalName': '王朝阳', 'business_status': '存续（在营、开业、在册）', 'gszch': '', 'tyxydm': '91320691MA1W3E4N6N', 'dateOfEstablishment': '2018年02月06日', 'oldCompanyNameList': []}
2026-06-24 11:34:55.634 | INFO     | 20916:11628 | __main__:getdata:1048 - {'name': '杭州阿里巴巴海外数字商业有限公司', 'link': 'https://shiming.gsxt.gov.cn/%7BECCE782FDD265E591A4D07FCBF2CD5277004692AD1A536BB0DF60453278CD582C8BC2FA214EF828502F0F7701D573AC1B4B6688E0D4FA56C2EF031F8BAE6866A86148614866A8614148646D446D4464686727F727B6C68913A44D19201F8276D9FDCF942421280BFD2D5523F4BB2F1D4D446D446D446-1782272012746%7D', 'legalName': '蔡啸天', 'business_status': '存续', 'gszch': '', 'tyxydm': '91330108MA2HYCQMXY', 'dateOfEstablishment': '2020年06月18日', 'oldCompanyNameList': []}
2026-06-24 11:34:55.836 | INFO     | 20916:11628 | __main__:getdata:1048 - {'name': '北京阿里巴巴信息技术有限公司', 'link': 'https://shiming.gsxt.gov.cn/%7BE9CA7D2BD8225B5D1F4902F8BA28D02375006C2ED4A133BF08F201572288D086CDB82AA611EB878107F4F27418533FC5B1B26D8A084BA0682BF434FCBFE28382831083108343F90C0D77828A3031C4046B1AF130DB1AEF1A7504E92129E97AE993E21716FBEDE810BAC551138179A7EC1F5D7978797579472B2DABC7B24A082C2DBE2DBE2DBE-1782272012747%7D', 'legalName': '马云', 'business_status': '注销', 'gszch': '', 'tyxydm': '911101057001486120', 'dateOfEstablishment': '1998年10月14日', 'oldCompanyNameList': []}
2026-06-24 11:34:56.027 | INFO     | 20916:11628 | __main__:getdata:1048 - {'name': '阿里巴巴（张家口）信息科技有限公司', 'link': 'https://shiming.gsxt.gov.cn/%7B082B9CCA39C3BABCFEA8E3195BC931C294E18DCF3540D25EE913E0B6C36931672C59CB47F00A6660E6151395F9B2DE2450538C6BE9AA4189CA15D51D5E0362638E1D8E1D8E8F62F1F96A3BA83BA83B3A36A5A93AA968FB41D241D2DE6472778F255ACE8C1EE6387380C2E6E7E6EA07395553D5B9CC34765253C053C053C0-1782272012747%7D', 'legalName': '王朝阳', 'business_status': '存续（在营、开业、在册）', 'gszch': '', 'tyxydm': '91130705MA0FAQEG6A', 'dateOfEstablishment': '2020年08月06日', 'oldCompanyNameList': ['阿里巴巴京西信息科技有限公司']}
2026-06-24 11:34:56.208 | INFO     | 20916:11628 | __main__:getdata:1048 - {'name': '海南阿里巴巴影业文化产业基金合伙企业（有限合伙）', 'link': 'https://shiming.gsxt.gov.cn/%7BBA992E788B71080E4C1A51ABE97B837026533F7D87F260EC5BA1520471DB83D59EEB79F542B8D4D254A7A1274B006C96E2E13ED95B18F33B78A767AFECB1D0A11B881B881B1A6B6AF96AF96A6BF86B1A89881B131B17D6C0C53D97E87C3EAC548AC1327054257499744A2620A6CABF47052120B320B320B3-1782272012747%7D', 'legalName': '海南阿里巴巴影业管理有限公司', 'business_status': '存续（在营、开业、在册）', 'gszch': '', 'tyxydm': '91460100MA5RD3XY8M', 'dateOfEstablishment': '2016年08月01日', 'oldCompanyNameList': []}
2026-06-24 11:34:56.411 | INFO     | 20916:11628 | __main__:detilinfo:1644 - [搜索] 找到 10 家企业
2026-06-24 11:34:56.412 | INFO     | 20916:11628 | __main__:detilinfo:1652 - 
[1/10] 处理: 阿里巴巴（中国）网络技术有限公司
2026-06-24 11:34:56.582 | INFO     | 20916:11628 | __main__:_process_single_company:1565 - 
============================================================
采集公司: 阿里巴巴（中国）网络技术有限公司
============================================================
2026-06-24 11:34:56.585 | INFO     | 20916:11628 | __main__:vhpage:843 - ------------------提取工商数据----------------
2026-06-24 11:34:56.868 | INFO     | 20916:11628 | __main__:unified_request:632 - 412出错: rs_response 里没有匹配到 r='m' 的 js
2026-06-24 11:34:57.409 | INFO     | 20916:11628 | __main__:unified_request:632 - 412出错: rs_response 里没有匹配到 r='m' 的 js
2026-06-24 11:34:58.415 | INFO     | 20916:11628 | __main__:vhpage:843 - ------------------提取工商数据----------------
2026-06-24 11:34:58.994 | INFO     | 20916:11628 | __main__:unified_request:632 - 412出错: rs_response 里没有匹配到 r='m' 的 js
2026-06-24 11:34:59.999 | INFO     | 20916:11628 | __main__:vhpage:843 - ------------------提取工商数据----------------
2026-06-24 11:35:01.530 | INFO     | 20916:11628 | __main__:vhpage:843 - ------------------提取工商数据----------------
2026-06-24 11:35:01.801 | INFO     | 20916:11628 | __main__:unified_request:632 - 412出错: rs_response 里没有匹配到 r='m' 的 js
2026-06-24 11:35:02.104 | INFO     | 20916:11628 | __main__:unified_request:632 - 412出错: rs_response 里没有匹配到 r='m' 的 js
2026-06-24 11:35:03.387 | INFO     | 20916:11628 | __main__:vhpage:843 - ------------------提取工商数据----------------
2026-06-24 11:35:04.989 | INFO     | 20916:11628 | __main__:vhpage:843 - ------------------提取工商数据----------------
2026-06-24 11:35:06.553 | INFO     | 20916:11628 | __main__:vhpage:843 - ------------------提取工商数据----------------
2026-06-24 11:35:06.860 | INFO     | 20916:11628 | __main__:unified_request:632 - 412出错: rs_response 里没有匹配到 r='m' 的 js
2026-06-24 11:35:07.150 | INFO     | 20916:11628 | __main__:unified_request:632 - 412出错: rs_response 里没有匹配到 r='m' 的 js
2026-06-24 11:35:07.429 | INFO     | 20916:11628 | __main__:unified_request:632 - 412出错: rs_response 里没有匹配到 r='m' 的 js
2026-06-24 11:35:08.440 | INFO     | 20916:11628 | __main__:vhpage:843 - ------------------提取工商数据----------------
2026-06-24 11:35:08.734 | INFO     | 20916:11628 | __main__:unified_request:632 - 412出错: rs_response 里没有匹配到 r='m' 的 js
2026-06-24 11:35:10.280 | INFO     | 20916:11628 | __main__:vhpage:843 - ------------------提取工商数据----------------
2026-06-24 11:35:11.812 | INFO     | 20916:11628 | __main__:vhpage:843 - ------------------提取工商数据----------------
2026-06-24 11:35:12.375 | INFO     | 20916:11628 | __main__:unified_request:632 - 412出错: rs_response 里没有匹配到 r='m' 的 js
2026-06-24 11:35:13.376 | INFO     | 20916:11628 | __main__:vhpage:843 - ------------------提取工商数据----------------
2026-06-24 11:35:13.695 | INFO     | 20916:11628 | __main__:unified_request:632 - 412出错: rs_response 里没有匹配到 r='m' 的 js
2026-06-24 11:35:13.990 | INFO     | 20916:11628 | __main__:unified_request:632 - 412出错: rs_response 里没有匹配到 r='m' 的 js
2026-06-24 11:35:14.274 | INFO     | 20916:11628 | __main__:unified_request:632 - 412出错: rs_response 里没有匹配到 r='m' 的 js
2026-06-24 11:35:15.281 | INFO     | 20916:11628 | __main__:vhpage:843 - ------------------提取工商数据----------------
2026-06-24 11:35:16.827 | INFO     | 20916:11628 | __main__:vhpage:843 - ------------------提取工商数据----------------
2026-06-24 11:35:18.421 | INFO     | 20916:11628 | __main__:vhpage:843 - ------------------提取工商数据----------------
2026-06-24 11:35:18.706 | INFO     | 20916:11628 | __main__:unified_request:632 - 412出错: rs_response 里没有匹配到 r='m' 的 js
2026-06-24 11:35:19.445 | INFO     | 20916:11628 | __main__:unified_request:632 - 412出错: rs_response 里没有匹配到 r='m' 的 js
2026-06-24 11:35:20.446 | INFO     | 20916:11628 | __main__:vhpage:843 - ------------------提取工商数据----------------
2026-06-24 11:35:20.723 | INFO     | 20916:11628 | __main__:unified_request:632 - 412出错: rs_response 里没有匹配到 r='m' 的 js
2026-06-24 11:35:22.288 | INFO     | 20916:11628 | __main__:vhpage:843 - ------------------提取工商数据----------------
2026-06-24 11:35:23.888 | INFO     | 20916:11628 | __main__:vhpage:843 - ------------------提取工商数据----------------
2026-06-24 11:38:45.960 | INFO     | 20916:11628 | __main__:close_mongo_connection:1698 - MongoDB连接已关闭
2026-06-24 11:44:49.029 | INFO     | 17884:23496 | __main__:next_login:1720 - 使用账号: 18965736502
2026-06-24 11:44:49.141 | INFO     | 17884:23496 | __main__:main_qe:455 - 加速乐第一次请求的状态码:<Response [521]>
2026-06-24 11:44:49.271 | INFO     | 17884:23496 | __main__:jsl:312 - 加速乐第二次请求的状态码:<Response [521]>
2026-06-24 11:44:49.453 | INFO     | 17884:23496 | __main__:resp_jsl:346 - 加速乐第三次请求得到瑞数返回的状态码:<Response [412]>
2026-06-24 11:44:49.895 | SUCCESS  | 17884:23496 | __main__:fetch:244 - Env Check PASS!!!
2026-06-24 11:44:50.289 | INFO     | 17884:23496 | __main__:get_publicKey:438 - 获取密钥 publicKey 成功!!
2026-06-24 11:44:50.812 | INFO     | 17884:23496 | __main__:jy_shibie:559 - 语序点选坐标:[[6039, 3180], [1518, 5367], [4257, 5467]]
2026-06-24 11:44:51.078 | SUCCESS  | 17884:23496 | __main__:send:590 - 验证码识别成功！！
2026-06-24 11:44:51.402 | INFO     | 17884:23496 | __main__:loginuser:680 - loginuser: status=200
2026-06-24 11:44:51.402 | SUCCESS  | 17884:23496 | __main__:loginuser:686 - 登录成功
2026-06-24 11:44:51.468 | SUCCESS  | 17884:23496 | __main__:next_login:1728 - 账号 18965736502 登录完成
2026-06-24 11:44:51.468 | INFO     | 17884:23496 | __main__:main:1751 - >>> 正在处理公司: 【阿里巴巴】 <<<
2026-06-24 11:44:51.470 | INFO     | 17884:23496 | __main__:detilinfo:1643 - ********************************************************************************
2026-06-24 11:44:51.470 | INFO     | 17884:23496 | __main__:detilinfo:1644 - 开始采集: 阿里巴巴
2026-06-24 11:44:51.470 | INFO     | 17884:23496 | __main__:detilinfo:1645 - ********************************************************************************
2026-06-24 11:44:55.343 | INFO     | 17884:23496 | __main__:detilinfo:1649 - [搜索] 正在搜索公司...
2026-06-24 11:44:56.782 | INFO     | 17884:23496 | __main__:jy_shibie:559 - 语序点选坐标:[[1518, 4274], [8349, 2783], [5511, 5019]]
2026-06-24 11:44:56.991 | SUCCESS  | 17884:23496 | __main__:send:590 - 验证码识别成功！！
2026-06-24 11:44:56.999 | ERROR    | 17884:23496 | __main__:get_fresh_cookie:667 - get_fresh_cookie: expected string or bytes-like object
2026-06-24 11:52:52.705 | INFO     | 17884:23496 | __main__:close_mongo_connection:1710 - MongoDB连接已关闭
2026-06-24 11:53:07.872 | INFO     | 6164:6608 | __main__:next_login:1726 - 使用账号: 18965736502
2026-06-24 11:53:07.974 | INFO     | 6164:6608 | __main__:main_qe:454 - 加速乐第一次请求的状态码:<Response [521]>
2026-06-24 11:53:08.112 | INFO     | 6164:6608 | __main__:jsl:312 - 加速乐第二次请求的状态码:<Response [521]>
2026-06-24 11:53:08.184 | INFO     | 6164:6608 | __main__:resp_jsl:346 - 加速乐第三次请求得到瑞数返回的状态码:<Response [412]>
2026-06-24 11:53:08.603 | SUCCESS  | 6164:6608 | __main__:fetch:244 - Env Check PASS!!!
2026-06-24 11:53:09.000 | INFO     | 6164:6608 | __main__:get_publicKey:438 - 获取密钥 publicKey 成功!!
2026-06-24 11:53:09.538 | INFO     | 6164:6608 | __main__:jy_shibie:558 - 语序点选坐标:[[957, 4622], [6600, 3727], [3828, 4473]]
2026-06-24 11:53:09.814 | SUCCESS  | 6164:6608 | __main__:send:589 - 验证码识别成功！！
2026-06-24 11:53:26.562 | ERROR    | 6164:6608 | __main__:loginuser:698 - loginuser登陆失败: name 'r' is not defined
2026-06-24 11:54:01.568 | INFO     | 6164:6608 | __main__:close_mongo_connection:1716 - MongoDB连接已关闭
2026-06-24 11:54:16.725 | INFO     | 25456:15548 | __main__:next_login:1726 - 使用账号: 18965736502
2026-06-24 11:54:16.799 | INFO     | 25456:15548 | __main__:main_qe:454 - 加速乐第一次请求的状态码:<Response [521]>
2026-06-24 11:54:16.950 | INFO     | 25456:15548 | __main__:jsl:312 - 加速乐第二次请求的状态码:<Response [521]>
2026-06-24 11:54:17.044 | INFO     | 25456:15548 | __main__:resp_jsl:346 - 加速乐第三次请求得到瑞数返回的状态码:<Response [412]>
2026-06-24 11:54:17.421 | SUCCESS  | 25456:15548 | __main__:fetch:244 - Env Check PASS!!!
2026-06-24 11:54:17.832 | INFO     | 25456:15548 | __main__:get_publicKey:438 - 获取密钥 publicKey 成功!!
2026-06-24 11:54:18.383 | INFO     | 25456:15548 | __main__:jy_shibie:558 - 语序点选坐标:[[1254, 5417], [3366, 5367], [4125, 2137]]
2026-06-24 11:54:18.587 | SUCCESS  | 25456:15548 | __main__:send:589 - 验证码识别成功！！
2026-06-24 11:54:19.192 | INFO     | 25456:15548 | __main__:loginuser:681 - loginuser: status=200
2026-06-24 11:54:19.193 | SUCCESS  | 25456:15548 | __main__:loginuser:690 - 登录成功
2026-06-24 11:54:19.193 | SUCCESS  | 25456:15548 | __main__:next_login:1734 - 账号 18965736502 登录完成
2026-06-24 11:54:19.193 | INFO     | 25456:15548 | __main__:main:1757 - >>> 正在处理公司: 【阿里巴巴】 <<<
2026-06-24 11:54:19.195 | INFO     | 25456:15548 | __main__:detilinfo:1649 - ********************************************************************************
2026-06-24 11:54:19.195 | INFO     | 25456:15548 | __main__:detilinfo:1650 - 开始采集: 阿里巴巴
2026-06-24 11:54:19.195 | INFO     | 25456:15548 | __main__:detilinfo:1651 - ********************************************************************************
2026-06-24 11:54:19.195 | INFO     | 25456:15548 | __main__:detilinfo:1655 - [搜索] 正在搜索公司...
2026-06-24 11:56:03.850 | SUCCESS  | 25456:15548 | __main__:send:589 - 验证码识别成功！！
2026-06-24 12:42:13.249 | ERROR    | 25456:15548 | __main__:get_fresh_cookie:666 - get_fresh_cookie: expected string or bytes-like object
2026-06-24 12:45:37.067 | INFO     | 25456:15548 | __main__:close_mongo_connection:1716 - MongoDB连接已关闭
2026-06-24 12:46:07.506 | INFO     | 23740:21720 | __main__:next_login:1730 - 使用账号: 18965736502
2026-06-24 12:46:07.650 | INFO     | 23740:21720 | __main__:main_qe:453 - 加速乐第一次请求的状态码:<Response [521]>
2026-06-24 12:46:07.816 | INFO     | 23740:21720 | __main__:jsl:312 - 加速乐第二次请求的状态码:<Response [521]>
2026-06-24 12:46:07.879 | INFO     | 23740:21720 | __main__:resp_jsl:346 - 加速乐第三次请求得到瑞数返回的状态码:<Response [412]>
2026-06-24 12:46:08.860 | SUCCESS  | 23740:21720 | __main__:fetch:244 - Env Check PASS!!!
2026-06-24 12:46:09.872 | INFO     | 23740:21720 | __main__:get_publicKey:437 - 获取密钥 publicKey 成功!!
2026-06-24 12:46:11.285 | SUCCESS  | 23740:21720 | __main__:send:588 - 验证码识别成功！！
2026-06-24 12:46:34.333 | INFO     | 23740:21720 | __main__:loginuser:685 - loginuser: status=200
2026-06-24 12:46:38.819 | SUCCESS  | 23740:21720 | __main__:loginuser:694 - 登录成功
2026-06-24 12:46:43.090 | SUCCESS  | 23740:21720 | __main__:next_login:1738 - 账号 18965736502 登录完成
2026-06-24 12:47:01.495 | INFO     | 23740:21720 | __main__:main:1761 - >>> 正在处理公司: 【阿里巴巴】 <<<
2026-06-24 12:47:04.315 | INFO     | 23740:21720 | __main__:detilinfo:1653 - ********************************************************************************
2026-06-24 12:47:04.315 | INFO     | 23740:21720 | __main__:detilinfo:1654 - 开始采集: 阿里巴巴
2026-06-24 12:47:04.315 | INFO     | 23740:21720 | __main__:detilinfo:1655 - ********************************************************************************
2026-06-24 12:47:04.315 | INFO     | 23740:21720 | __main__:detilinfo:1659 - [搜索] 正在搜索公司...
2026-06-24 12:47:07.346 | SUCCESS  | 23740:21720 | __main__:send:588 - 验证码识别成功！！
2026-06-24 12:47:48.148 | ERROR    | 23740:21720 | __main__:get_fresh_cookie:670 - get_fresh_cookie: expected string or bytes-like object
2026-06-24 12:48:07.539 | SUCCESS  | 23740:21720 | __main__:send:588 - 验证码识别成功！！
2026-06-24 12:48:16.310 | ERROR    | 23740:21720 | __main__:get_fresh_cookie:670 - get_fresh_cookie: expected string or bytes-like object
2026-06-24 12:48:20.400 | INFO     | 23740:21720 | __main__:jy_shibie:557 - 语序点选坐标:[[3861, 3280], [3993, 6162], [5676, 3230]]
2026-06-24 12:48:20.624 | SUCCESS  | 23740:21720 | __main__:send:588 - 验证码识别成功！！
2026-06-24 12:48:25.403 | ERROR    | 23740:21720 | __main__:get_fresh_cookie:670 - get_fresh_cookie: expected string or bytes-like object
2026-06-24 12:48:32.519 | SUCCESS  | 23740:21720 | __main__:send:588 - 验证码识别成功！！
2026-06-24 12:48:33.377 | INFO     | 23740:21720 | __main__:close_mongo_connection:1720 - MongoDB连接已关闭
2026-06-24 12:49:01.551 | INFO     | 14872:23648 | __main__:next_login:1731 - 使用账号: 18965736502
2026-06-24 12:49:01.645 | INFO     | 14872:23648 | __main__:main_qe:453 - 加速乐第一次请求的状态码:<Response [521]>
2026-06-24 12:49:01.777 | INFO     | 14872:23648 | __main__:jsl:312 - 加速乐第二次请求的状态码:<Response [521]>
2026-06-24 12:49:01.846 | INFO     | 14872:23648 | __main__:resp_jsl:346 - 加速乐第三次请求得到瑞数返回的状态码:<Response [412]>
2026-06-24 12:49:02.245 | SUCCESS  | 14872:23648 | __main__:fetch:244 - Env Check PASS!!!
2026-06-24 12:49:02.735 | INFO     | 14872:23648 | __main__:get_publicKey:437 - 获取密钥 publicKey 成功!!
2026-06-24 12:49:19.499 | INFO     | 14872:23648 | __main__:jy_shibie:557 - 语序点选坐标:[[5511, 2335], [1551, 5516], [4884, 5516]]
2026-06-24 12:49:19.713 | SUCCESS  | 14872:23648 | __main__:send:588 - 验证码识别成功！！
2026-06-24 12:49:20.087 | INFO     | 14872:23648 | __main__:loginuser:686 - loginuser: status=200
2026-06-24 12:49:20.087 | SUCCESS  | 14872:23648 | __main__:loginuser:695 - 登录成功
2026-06-24 12:49:20.087 | SUCCESS  | 14872:23648 | __main__:next_login:1739 - 账号 18965736502 登录完成
2026-06-24 12:49:20.087 | INFO     | 14872:23648 | __main__:main:1762 - >>> 正在处理公司: 【阿里巴巴】 <<<
2026-06-24 12:49:20.088 | INFO     | 14872:23648 | __main__:detilinfo:1654 - ********************************************************************************
2026-06-24 12:49:20.088 | INFO     | 14872:23648 | __main__:detilinfo:1655 - 开始采集: 阿里巴巴
2026-06-24 12:49:20.088 | INFO     | 14872:23648 | __main__:detilinfo:1656 - ********************************************************************************
2026-06-24 12:49:20.088 | INFO     | 14872:23648 | __main__:detilinfo:1660 - [搜索] 正在搜索公司...
2026-06-24 12:49:21.150 | SUCCESS  | 14872:23648 | __main__:send:588 - 验证码识别成功！！
2026-06-24 12:49:22.760 | WARNING  | 14872:23648 | __main__:send:592 - 验证码识别失败 (1/10): 'data'
2026-06-24 12:49:23.846 | SUCCESS  | 14872:23648 | __main__:send:588 - 验证码识别成功！！
2026-06-24 12:49:24.141 | INFO     | 14872:23648 | __main__:jy_shibie:557 - 语序点选坐标:[[3696, 5168], [6732, 5367], [1749, 1590]]
2026-06-24 12:49:24.293 | SUCCESS  | 14872:23648 | __main__:send:588 - 验证码识别成功！！
2026-06-24 12:49:24.548 | INFO     | 14872:23648 | __main__:jy_shibie:557 - 语序点选坐标:[[6798, 5317], [1089, 7405], [3234, 5864]]
2026-06-24 12:49:24.765 | SUCCESS  | 14872:23648 | __main__:send:588 - 验证码识别成功！！
2026-06-24 12:49:25.050 | INFO     | 14872:23648 | __main__:jy_shibie:557 - 语序点选坐标:[[2574, 2832], [2310, 6162], [4455, 2186]]
2026-06-24 12:49:25.228 | SUCCESS  | 14872:23648 | __main__:send:588 - 验证码识别成功！！
2026-06-24 12:49:27.260 | SUCCESS  | 14872:23648 | __main__:send:588 - 验证码识别成功！！
2026-06-24 12:49:28.173 | INFO     | 14872:23648 | __main__:close_mongo_connection:1721 - MongoDB连接已关闭
2026-06-24 12:54:20.933 | INFO     | 16504:18868 | __main__:next_login:1727 - 使用账号: 18965736502
2026-06-24 12:54:21.018 | INFO     | 16504:18868 | __main__:main_qe:453 - 加速乐第一次请求的状态码:<Response [521]>
2026-06-24 12:54:21.141 | INFO     | 16504:18868 | __main__:jsl:312 - 加速乐第二次请求的状态码:<Response [521]>
2026-06-24 12:54:21.191 | INFO     | 16504:18868 | __main__:resp_jsl:346 - 加速乐第三次请求得到瑞数返回的状态码:<Response [412]>
2026-06-24 12:54:21.618 | SUCCESS  | 16504:18868 | __main__:fetch:244 - Env Check PASS!!!
2026-06-24 12:54:21.983 | INFO     | 16504:18868 | __main__:get_publicKey:437 - 获取密钥 publicKey 成功!!
2026-06-24 12:54:23.331 | SUCCESS  | 16504:18868 | __main__:send:588 - 验证码识别成功！！
2026-06-24 12:54:23.434 | ERROR    | 16504:18868 | __main__:loginuser:701 - loginuser登陆失败: name 'rt' is not defined
2026-06-24 12:54:23.530 | ERROR    | 16504:18868 | __main__:loginuser:701 - loginuser登陆失败: name 'rt' is not defined
2026-06-24 12:54:23.626 | ERROR    | 16504:18868 | __main__:loginuser:701 - loginuser登陆失败: name 'rt' is not defined
2026-06-24 12:54:23.722 | ERROR    | 16504:18868 | __main__:loginuser:701 - loginuser登陆失败: name 'rt' is not defined
2026-06-24 12:54:23.824 | ERROR    | 16504:18868 | __main__:loginuser:701 - loginuser登陆失败: name 'rt' is not defined
2026-06-24 12:54:23.824 | INFO     | 16504:18868 | __main__:next_login:1739 - loginuser登陆异常:local variable 'response' referenced before assignment
2026-06-24 12:54:23.824 | INFO     | 16504:18868 | __main__:main:1758 - >>> 正在处理公司: 【阿里巴巴】 <<<
2026-06-24 12:54:23.825 | INFO     | 16504:18868 | __main__:detilinfo:1649 - ********************************************************************************
2026-06-24 12:54:23.825 | INFO     | 16504:18868 | __main__:detilinfo:1650 - 开始采集: 阿里巴巴
2026-06-24 12:54:23.825 | INFO     | 16504:18868 | __main__:detilinfo:1651 - ********************************************************************************
2026-06-24 12:54:23.825 | INFO     | 16504:18868 | __main__:detilinfo:1655 - [搜索] 正在搜索公司...
2026-06-24 13:36:30.145 | SUCCESS  | 16504:18868 | __main__:send:588 - 验证码识别成功！！
2026-06-24 13:36:30.153 | ERROR    | 16504:18868 | __main__:get_fresh_cookie:671 - get_fresh_cookie: expected string or bytes-like object
2026-06-24 13:36:30.608 | SUCCESS  | 16504:18868 | __main__:fetch:244 - Env Check PASS!!!
2026-06-24 13:36:30.871 | ERROR    | 16504:18868 | __main__:get_fresh_cookie:671 - get_fresh_cookie: expected string or bytes-like object
2026-06-24 13:36:36.263 | INFO     | 16504:18868 | __main__:jy_shibie:557 - 语序点选坐标:[[2079, 3280], [5445, 2236], [3861, 4125]]
2026-06-24 13:36:36.462 | SUCCESS  | 16504:18868 | __main__:send:588 - 验证码识别成功！！
2026-06-24 13:36:36.469 | ERROR    | 16504:18868 | __main__:get_fresh_cookie:671 - get_fresh_cookie: expected string or bytes-like object
2026-06-24 13:36:36.591 | ERROR    | 16504:18868 | __main__:get_fresh_cookie:671 - get_fresh_cookie: expected string or bytes-like object
2026-06-24 13:36:39.787 | SUCCESS  | 16504:18868 | __main__:send:588 - 验证码识别成功！！
2026-06-24 13:36:39.796 | ERROR    | 16504:18868 | __main__:get_fresh_cookie:671 - get_fresh_cookie: expected string or bytes-like object
2026-06-24 13:36:39.929 | ERROR    | 16504:18868 | __main__:get_fresh_cookie:671 - get_fresh_cookie: expected string or bytes-like object
2026-06-24 13:36:41.627 | SUCCESS  | 16504:18868 | __main__:send:588 - 验证码识别成功！！
2026-06-24 13:36:41.636 | ERROR    | 16504:18868 | __main__:get_fresh_cookie:671 - get_fresh_cookie: expected string or bytes-like object
2026-06-24 13:36:41.760 | ERROR    | 16504:18868 | __main__:get_fresh_cookie:671 - get_fresh_cookie: expected string or bytes-like object
2026-06-24 13:37:07.375 | INFO     | 22052:25432 | __main__:next_login:1779 - 使用账号: 18050400868
2026-06-24 13:37:07.452 | INFO     | 22052:25432 | __main__:main_qe:480 - 加速乐第一次请求的状态码:<Response [521]>
2026-06-24 13:37:07.580 | INFO     | 22052:25432 | __main__:jsl:331 - 加速乐第二次请求的状态码:<Response [521]>
2026-06-24 13:37:07.642 | INFO     | 22052:25432 | __main__:resp_jsl:366 - 加速乐第三次请求得到瑞数返回的状态码:<Response [412]>
2026-06-24 13:37:08.077 | SUCCESS  | 22052:25432 | __main__:first_req:310 - <!DOCTYPE html PUBLIC "-//W3C//DTD XHTML 1.0 Transitional//EN" "http://www.w3.org/TR/xhtml1/DTD/xhtml1-transitional.dtd">
<html>
<head>
<meta http-equiv="Content-Type" content="text/html; charset=utf-8">
<meta id="9pRNs2oivtAo" content="g-HpCQXwYHNojtGmZ4p2_jcDdPzTbyTYWfMYeWIv7gJcoYEysjJbr5JHi7AksEjP8gMVf_FFsjhS5d4mQE3-VQFDG7BTyichgV3wiqEV9vWq3Xj0cB937LyvzdM9d2mjtMAGDIJiZ7-PytPWK2MvJFmD75VGaLKK2le5KaRJoSsG95abHs1adG" r='m'><!--[if lt IE 9]><script r='m'>document.createElement("section")</script><![endif]--><script src="/1eeb27c_268ab095d.js"></script>
<script src="/ctct_bundle_c4152658.js"></script>
<script type="text/javascript" r='m'>$_ts=window['$_ts'];if(!$_ts)$_ts={};$_ts.nsd=105708;$_ts.cd="qWpSr1qltpLqlaQmDG3sraWFrclEHaqFqfLclnZdqrLrDG3shuZqDGAFrrWBqqVXmqA-HaqKtrVFrSEorkZqDGVFqfWBHaqFqrLqlnZdqrLoDGAshuZqDGEKt1lThfVlEkZqDGVFqfWBDGqsraEdqrLoDGAshuZqDGEMqSWBDGqXmGAvHaqFqpLDlPZFrclEHaqFqfLklnZdqr7rDG3shuZqmPGUDGqFqsGBmaA3DGWsraAdqrLrDG3shOZqDGAFrpWBDGEXJRGTJaQ0WOpfPcgUqkZof-ztlw5aLoqFMSFbHDV-41hTfyG9U72RfRTmZzAL8dSo17AWNTQwJbVojaWctGtoWD6UA9aTMOx5HISj1oTv3KSHLKrtwTmuQ9uuilyPVOmPVIJFikauY6w8ZbmlHbRswu4iR9eb30yOMtmG3smUQTYn00A432QeJDoi3Urjsbe1w72AilLSFC2Z6KQSsbrGwcPjiOxvRkV6tHraioS0VDNP-0Sr32NsFPPjiOxvRkV6tHraiDqu1TSNe22zUYl0V1PjiOxvRkV6tHraimT1pmYBdKluFbJmMnOaQkGCVCx6Fw9aMVfbWKLe_9RVFupzQ94WMYmaiYxf38xFAVpkM2JcdkG_MbRK3kssJCwXYKgjJjWn3KWSJ1N7_sfiQ2QCsYusV9y7QKWjJjWn3KWSJ1N7_sfuADwfpb6T3KSpQKZjJjWn3KWSJ1N7_sG_wYrEwusTFvYSAC9dQH2J3Ym2JDQ5CkWurAWCrscxF6wSQvV5WFg6iuACJkauLkQ6JGACHsIgRsqDWuqCkt7uJklTHuAnjsVtWk3uJOcNJsEulLqjpGJjhPmFMbLYKDeUDXgK4LtxIhtP1j7cvx9qrGQlqP1g2_BjXTdgN0AHBAOoeQrwRxmv4sUiSyl-k7-d3UQCEA5-WOATWOgZH_0cWGZuWsa0jkA_Wsq5hCKXJs70sKTwFIzHw6YKV6xHubwhHVSTJTU4KKYGFm9NF_ezplfC1kTknOAkrk3oJq8zGsWn8cN2Rd9B3bfatbYCZ1ePwbZjRUkuhCm9F1NbR5gB3KS7tbR-_PefIuqjRn-y3blN3K2NtB2uQn2fwUQj5UrTtKRvQc-5MCZNRb2vtBy73o0X3bznzbwX3PyOFKjCRbSShbJZ34R2MCAX3Df2zbYBQnyGFCPCRKS-wPNPF8gBRDmGtbJXe1e9MDAj36nCFCeThby0w-R-wC3XMCwNzbNz3nyBFb5CFbTChbe0R4RjQDLXMDY0zb2PQCWjMvMdRceBQblLMi9BFURzFcfjZClBFKTftDXX3PeL363LFdJvhCf-Fnf-ZUVBFDTPtDBTw1eLQOVLF5L6hCfnRnf-_bR9tKeC3n-6Q6WNM6YztBYfF12zRUajeKp9tKTjRP-TMC3NMUxPtBYT3P2nR6Qj_brPw1yC3DcCQCpLhvRzRMRuMCaXwbfB_UQBwKSftoMjMPeTQvVLwXN6h6YnQvaj_vrvtUxdtoMO3ce0FCqLw5y4h6pfFUW0zvmPtUrvF1-L3vlNQDJOtXfbQc2aFnf0e6YftUrn3P-LwCyThvYbF-RaRU0XwK7j_UY9tUmSR1-NwDVNQUe6tXyPQ12CR6gj4bpytURB3P-XFbYOhvx-wifbMUlXQvrGzvw4Q1yawCtCwUrChvr6QMRT8ClXQKYazvpbR6EjQCB4h6pLwcNuFIS2h6xz3DE0zvpuwPyS3Ks6h6zvMnNZFX9B8C2SIPf5eCZBIUx-to4NMnee8cN5tXrjQaVDK1rvCawQEKl5qmb53OqrU1xLsNGSJAQ0WAV6buEkrAEDqscjWuWTrkQ0W_0uiaVqJkEojGWtWkqCJk87JuWuqGQ0r_7";if($_ts.lcd)$_ts.lcd();</script><script type="text/javascript" charset="utf-8" src="/cb4UuQtIG8gU/O3mmzGd2Kbfp.091bf33.js" r='m'></script></head>
<body>
</body>
</html>
<script type="text/javascript" r='m'>_$mC();</script>
<a href="/cb4UuQtIG8gU/eb8174c5/3U4JSk8mmPlx/tFc_08fL6tYD/xz3MpXq2OsVJ" style="display:none">kRUQfdRFYhj1</a>

2026-06-24 13:37:08.077 | SUCCESS  | 22052:25432 | __main__:iv8_env:393 - ----------------瑞数----------------
2026-06-24 13:37:08.642 | INFO     | 22052:25432 | __main__:iv8_env:455 - _publicKey: MIIBIjANBgkqhkiG9w0BAQEFAAOCAQ8AMIIBCgKCAQEArqeSZx...
2026-06-24 13:37:08.642 | INFO     | 22052:25432 | __main__:iv8_env:458 - fiKxeghI: azMJhVmzJiMLr6Ed85kYOprsVghoYJ...
2026-06-24 13:37:09.759 | SUCCESS  | 22052:25432 | __main__:send:633 - 验证码识别成功！！
2026-06-24 13:37:10.104 | INFO     | 22052:25432 | __main__:loginuser:732 - loginuser: status=200
2026-06-24 13:37:10.104 | SUCCESS  | 22052:25432 | __main__:loginuser:740 - 登录成功
2026-06-24 13:37:10.170 | SUCCESS  | 22052:25432 | __main__:next_login:1788 - 账号 18050400868 登录完成
2026-06-24 13:37:10.171 | INFO     | 22052:25432 | __main__:main:1810 - >>> 正在处理公司: 【914108006659708962】 <<<
2026-06-24 13:37:10.171 | INFO     | 22052:25432 | __main__:detilinfo:1701 - ********************************************************************************
2026-06-24 13:37:10.171 | INFO     | 22052:25432 | __main__:detilinfo:1702 - 开始采集: 914108006659708962
2026-06-24 13:37:10.171 | INFO     | 22052:25432 | __main__:detilinfo:1703 - ********************************************************************************
2026-06-24 13:37:10.171 | INFO     | 22052:25432 | __main__:detilinfo:1707 - [搜索] 正在搜索公司...
2026-06-24 13:37:11.247 | SUCCESS  | 22052:25432 | __main__:send:633 - 验证码识别成功！！
2026-06-24 13:37:11.247 | SUCCESS  | 22052:25432 | __main__:iv8_env:393 - ----------------瑞数----------------
2026-06-24 13:37:11.710 | INFO     | 22052:25432 | __main__:iv8_env:455 - _publicKey: MIIBIjANBgkqhkiG9w0BAQEFAAOCAQ8AMIIBCgKCAQEArqeSZx...
2026-06-24 13:37:11.711 | INFO     | 22052:25432 | __main__:iv8_env:458 - fiKxeghI: aCpW-VwzAYDPs5nWPhzkDuHJJCTy5g...
2026-06-24 13:37:12.006 | INFO     | 22052:25432 | __main__:searchcompany:821 - searchcompany状态码:<Response [200]>
2026-06-24 13:37:12.006 | SUCCESS  | 22052:25432 | __main__:iv8_env:393 - ----------------瑞数----------------
2026-06-24 13:37:12.465 | INFO     | 22052:25432 | __main__:iv8_env:455 - _publicKey: MIIBIjANBgkqhkiG9w0BAQEFAAOCAQ8AMIIBCgKCAQEArqeSZx...
2026-06-24 13:37:12.465 | INFO     | 22052:25432 | __main__:iv8_env:458 - fiKxeghI: aCpW-VwzAYDPs5nWPhzkDuHJJCTy5g...
2026-06-24 13:37:12.468 | INFO     | 22052:25432 | __main__:searchcompany:833 - ---------------------首次搜索-----------------------
2026-06-24 13:37:12.470 | INFO     | 22052:25432 | __main__:getdata:1113 - {'name': '中国农业银行股份有限公司焦作山阳商城支行', 'link': 'https://shiming.gsxt.gov.cn/%7BA1E23503900A137557614AD0F200980B3D2824069C897B9740DA497F6AA098AE8590628E59C3CFA94FDCBA5C507B77EDF99A25A24063E84063DC7CD4F7CACBDABB48BB48BBD7C6A754F506F506F506F594018C568C7F1761049C5649BD9F6DF54B60F3D195F995F9742A2640A6AABF27054120D320D320D3-1782279432557%7D', 'legalName': '张红旗', 'business_status': '注销', 'gszch': '', 'tyxydm': '', 'dateOfEstablishment': '1998年04月17日', 'oldCompanyNameList': []}
2026-06-24 13:37:12.470 | INFO     | 22052:25432 | __main__:detilinfo:1714 - [搜索] 找到 1 家企业
2026-06-24 13:37:12.470 | INFO     | 22052:25432 | __main__:detilinfo:1722 - 
[1/1] 处理: 中国农业银行股份有限公司焦作山阳商城支行
2026-06-24 13:37:12.470 | INFO     | 22052:25432 | __main__:_process_single_company:1635 - 
============================================================
采集公司: 中国农业银行股份有限公司焦作山阳商城支行
============================================================
2026-06-24 13:37:12.470 | INFO     | 22052:25432 | __main__:vhpage:914 - ------------------提取工商数据----------------
2026-06-24 13:37:12.470 | SUCCESS  | 22052:25432 | __main__:iv8_env:393 - ----------------瑞数----------------
2026-06-24 13:37:12.760 | INFO     | 22052:25432 | __main__:iv8_env:455 - _publicKey: MIIBIjANBgkqhkiG9w0BAQEFAAOCAQ8AMIIBCgKCAQEArqeSZx...
2026-06-24 13:37:12.760 | INFO     | 22052:25432 | __main__:iv8_env:458 - fiKxeghI: aCpW-VwzAYDPs5nWPhzkDuHJJCTy5g...
2026-06-24 13:37:13.200 | INFO     | 22052:25432 | __main__:vhpage:926 - vhpage状态码:<Response [200]>
2026-06-24 13:37:13.282 | INFO     | 22052:25432 | __main__:_process_single_company:1642 - [详情页] URL提取完成, 板块数=12
2026-06-24 13:37:13.282 | SUCCESS  | 22052:25432 | __main__:iv8_env:393 - ----------------瑞数----------------
2026-06-24 13:37:13.654 | INFO     | 22052:25432 | __main__:iv8_env:455 - _publicKey: MIIBIjANBgkqhkiG9w0BAQEFAAOCAQ8AMIIBCgKCAQEArqeSZx...
2026-06-24 13:37:13.654 | INFO     | 22052:25432 | __main__:iv8_env:458 - fiKxeghI: aCpW-VwzAYDPs5nWPhzkDuHJJCTy5g...
2026-06-24 13:37:13.916 | INFO     | 22052:25432 | __main__:get_anCheId:1133 - get_anCheId状态码:<Response [200]>
2026-06-24 13:37:13.917 | INFO     | 22052:25432 | __main__:_get_annual_report_info:1443 - [年报] anCheId结果: {'addr': '', 'alterStockInfoUrl': '', 'alterTotalPageUrl': '', 'alterUrl': '', 'anCheDate': 1551063326000, 'anCheId': 'PROVINCENODENUM4100008a8095e668e18e9a01692291a1e71100', 'anCheYear': '2018', 'anType': '', 'annBaseJsUrl': '', 'annBaseUrl': '', 'annPbBaseJsUrl': '', 'annPbBaseUrl': '', 'annRepFrom': '0', 'annSfcBaseJsUrl': '', 'annSfcBaseUrl': '', 'annSfccSocsecinfoUrl': '', 'annSocsecinfoUrl': '', 'annulLicenceUrl': '', 'assGro': None, 'assGroDis': '', 'baseInfoUrl': '', 'branchProductionUrl': '', 'busSt': '', 'busSt_CN': '', 'colEmplNum': None, 'colGraNum': None, 'dependentEntName': '', 'dependentName': '', 'dependentUniscId': '', 'dis': None, 'disEmplNum': None, 'disPerNum': None, 'email': '', 'empNum': None, 'empNumDis': '', 'entName': '', 'entType': 'e', 'forGuaranteeinfoUrl': '', 'forInvestmentUrl': '', 'holdingSmsg': '', 'holdingSmsgDis': '', 'holdingSmsg_cn': '', 'isDis': None, 'lastModifiedPerson': '', 'lastModifiedTime': None, 'liaGro': None, 'liaGroDis': '', 'maiBusInc': None, 'maiBusIncDis': '', 'mainBusiAct': '', 'netInc': None, 'netIncDis': '', 'numParM': None, 'parIns': '', 'parIns_CN': '', 'postalCode': '', 'pripId': '241080000001936607', 'proGro': None, 'proGroDis': '', 'ratGro': None, 'ratGroDis': '', 'regNo': '', 'resParMSign': '', 'resParSecSign': '', 'retEmplNum': None, 'retSolNum': None, 'sExtSequence': '', 'sponsorUrl': '', 'tel': '', 'totEqu': None, 'totEquDis': '', 'uneEmplNum': None, 'uneNum': None, 'uniscId': '', 'vAnnPbAssetUrl': '', 'vAnnualReportAlters': None, 'vAnnualReportSfcBranchUrl': '', 'vannualSfcAssertUrl': '', 'vendInc': None, 'vendIncDis': '', 'webSiteInfoUrl': '', 'womemPNum': None, 'womemPNumDis': ''}
2026-06-24 13:37:13.917 | INFO     | 22052:25432 | __main__:anreport:1142 - -----------------年报获取采集------------------
2026-06-24 13:37:13.917 | SUCCESS  | 22052:25432 | __main__:iv8_env:393 - ----------------瑞数----------------
2026-06-24 13:37:14.272 | INFO     | 22052:25432 | __main__:iv8_env:455 - _publicKey: MIIBIjANBgkqhkiG9w0BAQEFAAOCAQ8AMIIBCgKCAQEArqeSZx...
2026-06-24 13:37:14.272 | INFO     | 22052:25432 | __main__:iv8_env:458 - fiKxeghI: aCpW-VwzAYDPs5nWPhzkDuHJJCTy5g...
2026-06-24 13:37:14.550 | INFO     | 22052:25432 | __main__:anreport:1158 - anreport状态码:<Response [200]>
2026-06-24 13:37:14.550 | ERROR    | 22052:25432 | __main__:anreport:1171 - anreport:'Govspider' object has no attribute 'main_rs_info'
2026-06-24 13:37:19.565 | INFO     | 22052:25432 | __main__:anreport:1142 - -----------------年报获取采集------------------
2026-06-24 13:37:19.565 | SUCCESS  | 22052:25432 | __main__:iv8_env:393 - ----------------瑞数----------------
2026-06-24 13:37:20.012 | INFO     | 22052:25432 | __main__:iv8_env:455 - _publicKey: MIIBIjANBgkqhkiG9w0BAQEFAAOCAQ8AMIIBCgKCAQEArqeSZx...
2026-06-24 13:37:20.012 | INFO     | 22052:25432 | __main__:iv8_env:458 - fiKxeghI: aCpW-VwzAYDPs5nWPhzkDuHJJCTy5g...
2026-06-24 13:37:20.236 | INFO     | 22052:25432 | __main__:anreport:1158 - anreport状态码:<Response [200]>
2026-06-24 13:37:20.237 | ERROR    | 22052:25432 | __main__:anreport:1171 - anreport:'Govspider' object has no attribute 'main_rs_info'
2026-06-24 13:37:21.574 | INFO     | 22052:25432 | __main__:close_mongo_connection:1769 - MongoDB连接已关闭
2026-06-24 13:46:16.298 | INFO     | 24792:24584 | __main__:next_login:1724 - 使用账号: 18965736502
2026-06-24 13:46:16.358 | WARNING  | 24792:24584 | __main__:resp_jsl:349 - 请求失败（尝试 1/10）: expected string or bytes-like object
2026-06-24 13:46:16.358 | WARNING  | 24792:24584 | __main__:resp_jsl:349 - 请求失败（尝试 2/10）: expected string or bytes-like object
2026-06-24 13:46:16.358 | WARNING  | 24792:24584 | __main__:resp_jsl:349 - 请求失败（尝试 3/10）: expected string or bytes-like object
2026-06-24 13:46:16.358 | WARNING  | 24792:24584 | __main__:resp_jsl:349 - 请求失败（尝试 4/10）: expected string or bytes-like object
2026-06-24 13:46:16.358 | WARNING  | 24792:24584 | __main__:resp_jsl:349 - 请求失败（尝试 5/10）: expected string or bytes-like object
2026-06-24 13:46:16.358 | WARNING  | 24792:24584 | __main__:resp_jsl:349 - 请求失败（尝试 6/10）: expected string or bytes-like object
2026-06-24 13:46:16.358 | WARNING  | 24792:24584 | __main__:resp_jsl:349 - 请求失败（尝试 7/10）: expected string or bytes-like object
2026-06-24 13:46:16.358 | WARNING  | 24792:24584 | __main__:resp_jsl:349 - 请求失败（尝试 8/10）: expected string or bytes-like object
2026-06-24 13:46:16.358 | WARNING  | 24792:24584 | __main__:resp_jsl:349 - 请求失败（尝试 9/10）: expected string or bytes-like object
2026-06-24 13:46:16.358 | WARNING  | 24792:24584 | __main__:resp_jsl:349 - 请求失败（尝试 10/10）: expected string or bytes-like object
2026-06-24 13:46:16.358 | WARNING  | 24792:24584 | __main__:main_qe:464 - 请求失败（尝试 1/10）: expected string or bytes-like object
2026-06-24 13:46:16.375 | WARNING  | 24792:24584 | __main__:resp_jsl:349 - 请求失败（尝试 1/10）: expected string or bytes-like object
2026-06-24 13:46:16.375 | WARNING  | 24792:24584 | __main__:resp_jsl:349 - 请求失败（尝试 2/10）: expected string or bytes-like object
2026-06-24 13:46:16.375 | WARNING  | 24792:24584 | __main__:resp_jsl:349 - 请求失败（尝试 3/10）: expected string or bytes-like object
2026-06-24 13:46:16.375 | WARNING  | 24792:24584 | __main__:resp_jsl:349 - 请求失败（尝试 4/10）: expected string or bytes-like object
2026-06-24 13:46:16.375 | WARNING  | 24792:24584 | __main__:resp_jsl:349 - 请求失败（尝试 5/10）: expected string or bytes-like object
2026-06-24 13:46:16.375 | WARNING  | 24792:24584 | __main__:resp_jsl:349 - 请求失败（尝试 6/10）: expected string or bytes-like object
2026-06-24 13:46:16.375 | WARNING  | 24792:24584 | __main__:resp_jsl:349 - 请求失败（尝试 7/10）: expected string or bytes-like object
2026-06-24 13:46:16.376 | WARNING  | 24792:24584 | __main__:resp_jsl:349 - 请求失败（尝试 8/10）: expected string or bytes-like object
2026-06-24 13:46:16.376 | WARNING  | 24792:24584 | __main__:resp_jsl:349 - 请求失败（尝试 9/10）: expected string or bytes-like object
2026-06-24 13:46:16.376 | WARNING  | 24792:24584 | __main__:resp_jsl:349 - 请求失败（尝试 10/10）: expected string or bytes-like object
2026-06-24 13:46:16.376 | WARNING  | 24792:24584 | __main__:main_qe:464 - 请求失败（尝试 2/10）: expected string or bytes-like object
2026-06-24 13:46:16.393 | WARNING  | 24792:24584 | __main__:resp_jsl:349 - 请求失败（尝试 1/10）: expected string or bytes-like object
2026-06-24 13:46:16.393 | WARNING  | 24792:24584 | __main__:resp_jsl:349 - 请求失败（尝试 2/10）: expected string or bytes-like object
2026-06-24 13:46:16.393 | WARNING  | 24792:24584 | __main__:resp_jsl:349 - 请求失败（尝试 3/10）: expected string or bytes-like object
2026-06-24 13:46:16.393 | WARNING  | 24792:24584 | __main__:resp_jsl:349 - 请求失败（尝试 4/10）: expected string or bytes-like object
2026-06-24 13:46:16.393 | WARNING  | 24792:24584 | __main__:resp_jsl:349 - 请求失败（尝试 5/10）: expected string or bytes-like object
2026-06-24 13:46:16.394 | WARNING  | 24792:24584 | __main__:resp_jsl:349 - 请求失败（尝试 6/10）: expected string or bytes-like object
2026-06-24 13:46:16.394 | WARNING  | 24792:24584 | __main__:resp_jsl:349 - 请求失败（尝试 7/10）: expected string or bytes-like object
2026-06-24 13:46:16.394 | WARNING  | 24792:24584 | __main__:resp_jsl:349 - 请求失败（尝试 8/10）: expected string or bytes-like object
2026-06-24 13:46:16.394 | WARNING  | 24792:24584 | __main__:resp_jsl:349 - 请求失败（尝试 9/10）: expected string or bytes-like object
2026-06-24 13:46:16.394 | WARNING  | 24792:24584 | __main__:resp_jsl:349 - 请求失败（尝试 10/10）: expected string or bytes-like object
2026-06-24 13:46:16.394 | WARNING  | 24792:24584 | __main__:main_qe:464 - 请求失败（尝试 3/10）: expected string or bytes-like object
2026-06-24 13:46:16.410 | WARNING  | 24792:24584 | __main__:resp_jsl:349 - 请求失败（尝试 1/10）: expected string or bytes-like object
2026-06-24 13:46:16.411 | WARNING  | 24792:24584 | __main__:resp_jsl:349 - 请求失败（尝试 2/10）: expected string or bytes-like object
2026-06-24 13:46:16.411 | WARNING  | 24792:24584 | __main__:resp_jsl:349 - 请求失败（尝试 3/10）: expected string or bytes-like object
2026-06-24 13:46:16.411 | WARNING  | 24792:24584 | __main__:resp_jsl:349 - 请求失败（尝试 4/10）: expected string or bytes-like object
2026-06-24 13:46:16.411 | WARNING  | 24792:24584 | __main__:resp_jsl:349 - 请求失败（尝试 5/10）: expected string or bytes-like object
2026-06-24 13:46:16.411 | WARNING  | 24792:24584 | __main__:resp_jsl:349 - 请求失败（尝试 6/10）: expected string or bytes-like object
2026-06-24 13:46:16.411 | WARNING  | 24792:24584 | __main__:resp_jsl:349 - 请求失败（尝试 7/10）: expected string or bytes-like object
2026-06-24 13:46:16.411 | WARNING  | 24792:24584 | __main__:resp_jsl:349 - 请求失败（尝试 8/10）: expected string or bytes-like object
2026-06-24 13:46:16.411 | WARNING  | 24792:24584 | __main__:resp_jsl:349 - 请求失败（尝试 9/10）: expected string or bytes-like object
2026-06-24 13:46:16.411 | WARNING  | 24792:24584 | __main__:resp_jsl:349 - 请求失败（尝试 10/10）: expected string or bytes-like object
2026-06-24 13:46:16.411 | WARNING  | 24792:24584 | __main__:main_qe:464 - 请求失败（尝试 4/10）: expected string or bytes-like object
2026-06-24 13:46:16.428 | WARNING  | 24792:24584 | __main__:resp_jsl:349 - 请求失败（尝试 1/10）: expected string or bytes-like object
2026-06-24 13:46:16.428 | WARNING  | 24792:24584 | __main__:resp_jsl:349 - 请求失败（尝试 2/10）: expected string or bytes-like object
2026-06-24 13:46:16.428 | WARNING  | 24792:24584 | __main__:resp_jsl:349 - 请求失败（尝试 3/10）: expected string or bytes-like object
2026-06-24 13:46:16.428 | WARNING  | 24792:24584 | __main__:resp_jsl:349 - 请求失败（尝试 4/10）: expected string or bytes-like object
2026-06-24 13:46:16.428 | WARNING  | 24792:24584 | __main__:resp_jsl:349 - 请求失败（尝试 5/10）: expected string or bytes-like object
2026-06-24 13:46:16.428 | WARNING  | 24792:24584 | __main__:resp_jsl:349 - 请求失败（尝试 6/10）: expected string or bytes-like object
2026-06-24 13:46:16.428 | WARNING  | 24792:24584 | __main__:resp_jsl:349 - 请求失败（尝试 7/10）: expected string or bytes-like object
2026-06-24 13:46:16.428 | WARNING  | 24792:24584 | __main__:resp_jsl:349 - 请求失败（尝试 8/10）: expected string or bytes-like object
2026-06-24 13:46:16.429 | WARNING  | 24792:24584 | __main__:resp_jsl:349 - 请求失败（尝试 9/10）: expected string or bytes-like object
2026-06-24 13:46:16.429 | WARNING  | 24792:24584 | __main__:resp_jsl:349 - 请求失败（尝试 10/10）: expected string or bytes-like object
2026-06-24 13:46:16.429 | WARNING  | 24792:24584 | __main__:main_qe:464 - 请求失败（尝试 5/10）: expected string or bytes-like object
2026-06-24 13:46:16.446 | WARNING  | 24792:24584 | __main__:resp_jsl:349 - 请求失败（尝试 1/10）: expected string or bytes-like object
2026-06-24 13:46:16.446 | WARNING  | 24792:24584 | __main__:resp_jsl:349 - 请求失败（尝试 2/10）: expected string or bytes-like object
2026-06-24 13:46:16.446 | WARNING  | 24792:24584 | __main__:resp_jsl:349 - 请求失败（尝试 3/10）: expected string or bytes-like object
2026-06-24 13:46:16.446 | WARNING  | 24792:24584 | __main__:resp_jsl:349 - 请求失败（尝试 4/10）: expected string or bytes-like object
2026-06-24 13:46:16.446 | WARNING  | 24792:24584 | __main__:resp_jsl:349 - 请求失败（尝试 5/10）: expected string or bytes-like object
2026-06-24 13:46:16.446 | WARNING  | 24792:24584 | __main__:resp_jsl:349 - 请求失败（尝试 6/10）: expected string or bytes-like object
2026-06-24 13:46:16.447 | WARNING  | 24792:24584 | __main__:resp_jsl:349 - 请求失败（尝试 7/10）: expected string or bytes-like object
2026-06-24 13:46:16.447 | WARNING  | 24792:24584 | __main__:resp_jsl:349 - 请求失败（尝试 8/10）: expected string or bytes-like object
2026-06-24 13:46:16.447 | WARNING  | 24792:24584 | __main__:resp_jsl:349 - 请求失败（尝试 9/10）: expected string or bytes-like object
2026-06-24 13:46:16.447 | WARNING  | 24792:24584 | __main__:resp_jsl:349 - 请求失败（尝试 10/10）: expected string or bytes-like object
2026-06-24 13:46:16.447 | WARNING  | 24792:24584 | __main__:main_qe:464 - 请求失败（尝试 6/10）: expected string or bytes-like object
2026-06-24 13:46:16.465 | WARNING  | 24792:24584 | __main__:resp_jsl:349 - 请求失败（尝试 1/10）: expected string or bytes-like object
2026-06-24 13:46:16.465 | WARNING  | 24792:24584 | __main__:resp_jsl:349 - 请求失败（尝试 2/10）: expected string or bytes-like object
2026-06-24 13:46:16.466 | WARNING  | 24792:24584 | __main__:resp_jsl:349 - 请求失败（尝试 3/10）: expected string or bytes-like object
2026-06-24 13:46:16.466 | WARNING  | 24792:24584 | __main__:resp_jsl:349 - 请求失败（尝试 4/10）: expected string or bytes-like object
2026-06-24 13:46:16.466 | WARNING  | 24792:24584 | __main__:resp_jsl:349 - 请求失败（尝试 5/10）: expected string or bytes-like object
2026-06-24 13:46:16.466 | WARNING  | 24792:24584 | __main__:resp_jsl:349 - 请求失败（尝试 6/10）: expected string or bytes-like object
2026-06-24 13:46:16.466 | WARNING  | 24792:24584 | __main__:resp_jsl:349 - 请求失败（尝试 7/10）: expected string or bytes-like object
2026-06-24 13:46:16.466 | WARNING  | 24792:24584 | __main__:resp_jsl:349 - 请求失败（尝试 8/10）: expected string or bytes-like object
2026-06-24 13:46:16.466 | WARNING  | 24792:24584 | __main__:resp_jsl:349 - 请求失败（尝试 9/10）: expected string or bytes-like object
2026-06-24 13:46:16.466 | WARNING  | 24792:24584 | __main__:resp_jsl:349 - 请求失败（尝试 10/10）: expected string or bytes-like object
2026-06-24 13:46:16.466 | WARNING  | 24792:24584 | __main__:main_qe:464 - 请求失败（尝试 7/10）: expected string or bytes-like object
2026-06-24 13:46:16.484 | WARNING  | 24792:24584 | __main__:resp_jsl:349 - 请求失败（尝试 1/10）: expected string or bytes-like object
2026-06-24 13:46:16.484 | WARNING  | 24792:24584 | __main__:resp_jsl:349 - 请求失败（尝试 2/10）: expected string or bytes-like object
2026-06-24 13:46:16.484 | WARNING  | 24792:24584 | __main__:resp_jsl:349 - 请求失败（尝试 3/10）: expected string or bytes-like object
2026-06-24 13:46:16.484 | WARNING  | 24792:24584 | __main__:resp_jsl:349 - 请求失败（尝试 4/10）: expected string or bytes-like object
2026-06-24 13:46:16.484 | WARNING  | 24792:24584 | __main__:resp_jsl:349 - 请求失败（尝试 5/10）: expected string or bytes-like object
2026-06-24 13:46:16.484 | WARNING  | 24792:24584 | __main__:resp_jsl:349 - 请求失败（尝试 6/10）: expected string or bytes-like object
2026-06-24 13:46:16.484 | WARNING  | 24792:24584 | __main__:resp_jsl:349 - 请求失败（尝试 7/10）: expected string or bytes-like object
2026-06-24 13:46:16.484 | WARNING  | 24792:24584 | __main__:resp_jsl:349 - 请求失败（尝试 8/10）: expected string or bytes-like object
2026-06-24 13:46:16.484 | WARNING  | 24792:24584 | __main__:resp_jsl:349 - 请求失败（尝试 9/10）: expected string or bytes-like object
2026-06-24 13:46:16.484 | WARNING  | 24792:24584 | __main__:resp_jsl:349 - 请求失败（尝试 10/10）: expected string or bytes-like object
2026-06-24 13:46:16.484 | WARNING  | 24792:24584 | __main__:main_qe:464 - 请求失败（尝试 8/10）: expected string or bytes-like object
2026-06-24 13:46:16.504 | WARNING  | 24792:24584 | __main__:resp_jsl:349 - 请求失败（尝试 1/10）: expected string or bytes-like object
2026-06-24 13:46:16.504 | WARNING  | 24792:24584 | __main__:resp_jsl:349 - 请求失败（尝试 2/10）: expected string or bytes-like object
2026-06-24 13:46:16.504 | WARNING  | 24792:24584 | __main__:resp_jsl:349 - 请求失败（尝试 3/10）: expected string or bytes-like object
2026-06-24 13:46:16.504 | WARNING  | 24792:24584 | __main__:resp_jsl:349 - 请求失败（尝试 4/10）: expected string or bytes-like object
2026-06-24 13:46:16.504 | WARNING  | 24792:24584 | __main__:resp_jsl:349 - 请求失败（尝试 5/10）: expected string or bytes-like object
2026-06-24 13:46:16.504 | WARNING  | 24792:24584 | __main__:resp_jsl:349 - 请求失败（尝试 6/10）: expected string or bytes-like object
2026-06-24 13:46:16.504 | WARNING  | 24792:24584 | __main__:resp_jsl:349 - 请求失败（尝试 7/10）: expected string or bytes-like object
2026-06-24 13:46:16.504 | WARNING  | 24792:24584 | __main__:resp_jsl:349 - 请求失败（尝试 8/10）: expected string or bytes-like object
2026-06-24 13:46:16.504 | WARNING  | 24792:24584 | __main__:resp_jsl:349 - 请求失败（尝试 9/10）: expected string or bytes-like object
2026-06-24 13:46:16.504 | WARNING  | 24792:24584 | __main__:resp_jsl:349 - 请求失败（尝试 10/10）: expected string or bytes-like object
2026-06-24 13:46:16.504 | WARNING  | 24792:24584 | __main__:main_qe:464 - 请求失败（尝试 9/10）: expected string or bytes-like object
2026-06-24 13:46:16.521 | WARNING  | 24792:24584 | __main__:resp_jsl:349 - 请求失败（尝试 1/10）: expected string or bytes-like object
2026-06-24 13:46:16.521 | WARNING  | 24792:24584 | __main__:resp_jsl:349 - 请求失败（尝试 2/10）: expected string or bytes-like object
2026-06-24 13:46:16.521 | WARNING  | 24792:24584 | __main__:resp_jsl:349 - 请求失败（尝试 3/10）: expected string or bytes-like object
2026-06-24 13:46:16.521 | WARNING  | 24792:24584 | __main__:resp_jsl:349 - 请求失败（尝试 4/10）: expected string or bytes-like object
2026-06-24 13:46:16.521 | WARNING  | 24792:24584 | __main__:resp_jsl:349 - 请求失败（尝试 5/10）: expected string or bytes-like object
2026-06-24 13:46:16.521 | WARNING  | 24792:24584 | __main__:resp_jsl:349 - 请求失败（尝试 6/10）: expected string or bytes-like object
2026-06-24 13:46:16.521 | WARNING  | 24792:24584 | __main__:resp_jsl:349 - 请求失败（尝试 7/10）: expected string or bytes-like object
2026-06-24 13:46:16.521 | WARNING  | 24792:24584 | __main__:resp_jsl:349 - 请求失败（尝试 8/10）: expected string or bytes-like object
2026-06-24 13:46:16.521 | WARNING  | 24792:24584 | __main__:resp_jsl:349 - 请求失败（尝试 9/10）: expected string or bytes-like object
2026-06-24 13:46:16.521 | WARNING  | 24792:24584 | __main__:resp_jsl:349 - 请求失败（尝试 10/10）: expected string or bytes-like object
2026-06-24 13:46:16.521 | WARNING  | 24792:24584 | __main__:main_qe:464 - 请求失败（尝试 10/10）: expected string or bytes-like object
2026-06-24 13:46:16.521 | INFO     | 24792:24584 | __main__:next_login:1741 - main_qe pass盾异常:expected string or bytes-like object
2026-06-24 13:46:16.521 | INFO     | 24792:24584 | __main__:main:1765 - 主流程异常: 访问首页异常！！
2026-06-24 13:46:16.522 | INFO     | 24792:24584 | __main__:close_mongo_connection:1714 - MongoDB连接已关闭
2026-06-24 13:46:46.655 | INFO     | 9388:10360 | __main__:next_login:1724 - 使用账号: 18965736502
2026-06-24 13:46:46.753 | INFO     | 9388:10360 | __main__:main_qe:453 - 加速乐第一次请求的状态码:<Response [521]>
2026-06-24 13:46:46.888 | INFO     | 9388:10360 | __main__:jsl:312 - 加速乐第二次请求的状态码:<Response [521]>
2026-06-24 13:46:46.946 | INFO     | 9388:10360 | __main__:resp_jsl:346 - 加速乐第三次请求得到瑞数返回的状态码:<Response [412]>
2026-06-24 13:46:47.427 | SUCCESS  | 9388:10360 | __main__:fetch:244 - Env Check PASS!!!
2026-06-24 13:46:47.895 | INFO     | 9388:10360 | __main__:get_publicKey:437 - 获取密钥 publicKey 成功!!
2026-06-24 13:46:49.684 | SUCCESS  | 9388:10360 | __main__:send:588 - 验证码识别成功！！
2026-06-24 13:46:59.370 | INFO     | 9388:10360 | __main__:loginuser:681 - loginuser: status=200
2026-06-24 13:47:03.666 | SUCCESS  | 9388:10360 | __main__:loginuser:690 - 登录成功
2026-06-24 13:47:07.944 | SUCCESS  | 9388:10360 | __main__:next_login:1732 - 账号 18965736502 登录完成
2026-06-24 13:47:12.721 | INFO     | 9388:10360 | __main__:main:1755 - >>> 正在处理公司: 【阿里巴巴】 <<<
2026-06-24 13:47:13.969 | INFO     | 9388:10360 | __main__:detilinfo:1646 - ********************************************************************************
2026-06-24 13:47:13.970 | INFO     | 9388:10360 | __main__:detilinfo:1647 - 开始采集: 阿里巴巴
2026-06-24 13:47:13.970 | INFO     | 9388:10360 | __main__:detilinfo:1648 - ********************************************************************************
2026-06-24 13:47:13.970 | INFO     | 9388:10360 | __main__:detilinfo:1652 - [搜索] 正在搜索公司...
2026-06-24 13:47:16.750 | SUCCESS  | 9388:10360 | __main__:send:588 - 验证码识别成功！！
2026-06-24 13:47:16.760 | ERROR    | 9388:10360 | __main__:get_fresh_cookie:668 - get_fresh_cookie: expected string or bytes-like object
2026-06-24 13:47:17.301 | INFO     | 9388:10360 | __main__:searchcompany:765 - searchcompany状态码:None
2026-06-24 13:47:20.508 | SUCCESS  | 9388:10360 | __main__:send:588 - 验证码识别成功！！
2026-06-24 13:47:20.516 | ERROR    | 9388:10360 | __main__:get_fresh_cookie:668 - get_fresh_cookie: expected string or bytes-like object
2026-06-24 13:47:20.669 | ERROR    | 9388:10360 | __main__:get_fresh_cookie:668 - get_fresh_cookie: expected string or bytes-like object
2026-06-24 13:47:20.851 | INFO     | 9388:10360 | __main__:searchcompany:765 - searchcompany状态码:None
2026-06-24 13:47:22.013 | SUCCESS  | 9388:10360 | __main__:send:588 - 验证码识别成功！！
2026-06-24 13:47:22.021 | ERROR    | 9388:10360 | __main__:get_fresh_cookie:668 - get_fresh_cookie: expected string or bytes-like object
2026-06-24 13:47:22.064 | ERROR    | 9388:10360 | __main__:get_fresh_cookie:668 - get_fresh_cookie: expected string or bytes-like object
2026-06-24 13:47:22.252 | INFO     | 9388:10360 | __main__:searchcompany:765 - searchcompany状态码:None
2026-06-24 13:47:25.361 | SUCCESS  | 9388:10360 | __main__:send:588 - 验证码识别成功！！
2026-06-24 13:47:25.370 | ERROR    | 9388:10360 | __main__:get_fresh_cookie:668 - get_fresh_cookie: expected string or bytes-like object
2026-06-24 13:47:25.413 | ERROR    | 9388:10360 | __main__:get_fresh_cookie:668 - get_fresh_cookie: expected string or bytes-like object
2026-06-24 13:47:25.600 | INFO     | 9388:10360 | __main__:searchcompany:765 - searchcompany状态码:None
2026-06-24 13:47:26.688 | SUCCESS  | 9388:10360 | __main__:send:588 - 验证码识别成功！！
2026-06-24 13:47:26.693 | ERROR    | 9388:10360 | __main__:get_fresh_cookie:668 - get_fresh_cookie: expected string or bytes-like object
2026-06-24 13:47:26.732 | ERROR    | 9388:10360 | __main__:get_fresh_cookie:668 - get_fresh_cookie: expected string or bytes-like object
2026-06-24 13:47:26.907 | INFO     | 9388:10360 | __main__:searchcompany:765 - searchcompany状态码:None
2026-06-24 13:47:28.790 | SUCCESS  | 9388:10360 | __main__:send:588 - 验证码识别成功！！
2026-06-24 13:47:28.796 | ERROR    | 9388:10360 | __main__:get_fresh_cookie:668 - get_fresh_cookie: expected string or bytes-like object
2026-06-24 13:47:28.835 | ERROR    | 9388:10360 | __main__:get_fresh_cookie:668 - get_fresh_cookie: expected string or bytes-like object
2026-06-24 13:47:29.012 | INFO     | 9388:10360 | __main__:searchcompany:765 - searchcompany状态码:None
2026-06-24 13:47:29.418 | INFO     | 9388:10360 | __main__:jy_shibie:557 - 语序点选坐标:[[1683, 6013], [3234, 1938], [5346, 5168]]
2026-06-24 13:47:29.637 | SUCCESS  | 9388:10360 | __main__:send:588 - 验证码识别成功！！
2026-06-24 13:47:29.646 | ERROR    | 9388:10360 | __main__:get_fresh_cookie:668 - get_fresh_cookie: expected string or bytes-like object
2026-06-24 13:47:29.692 | ERROR    | 9388:10360 | __main__:get_fresh_cookie:668 - get_fresh_cookie: expected string or bytes-like object
2026-06-24 13:47:29.853 | INFO     | 9388:10360 | __main__:searchcompany:765 - searchcompany状态码:None
2026-06-24 13:48:50.061 | INFO     | 13936:17820 | __main__:next_login:1730 - 使用账号: 18965736502
2026-06-24 13:48:50.145 | WARNING  | 13936:17820 | __main__:resp_jsl:349 - 请求失败（尝试 1/10）: expected string or bytes-like object
2026-06-24 13:48:50.146 | WARNING  | 13936:17820 | __main__:resp_jsl:349 - 请求失败（尝试 2/10）: expected string or bytes-like object
2026-06-24 13:48:50.146 | WARNING  | 13936:17820 | __main__:resp_jsl:349 - 请求失败（尝试 3/10）: expected string or bytes-like object
2026-06-24 13:48:50.146 | WARNING  | 13936:17820 | __main__:resp_jsl:349 - 请求失败（尝试 4/10）: expected string or bytes-like object
2026-06-24 13:48:50.146 | WARNING  | 13936:17820 | __main__:resp_jsl:349 - 请求失败（尝试 5/10）: expected string or bytes-like object
2026-06-24 13:48:50.146 | WARNING  | 13936:17820 | __main__:resp_jsl:349 - 请求失败（尝试 6/10）: expected string or bytes-like object
2026-06-24 13:48:50.146 | WARNING  | 13936:17820 | __main__:resp_jsl:349 - 请求失败（尝试 7/10）: expected string or bytes-like object
2026-06-24 13:48:50.146 | WARNING  | 13936:17820 | __main__:resp_jsl:349 - 请求失败（尝试 8/10）: expected string or bytes-like object
2026-06-24 13:48:50.146 | WARNING  | 13936:17820 | __main__:resp_jsl:349 - 请求失败（尝试 9/10）: expected string or bytes-like object
2026-06-24 13:48:50.146 | WARNING  | 13936:17820 | __main__:resp_jsl:349 - 请求失败（尝试 10/10）: expected string or bytes-like object
2026-06-24 13:48:50.146 | WARNING  | 13936:17820 | __main__:main_qe:464 - 请求失败（尝试 1/10）: expected string or bytes-like object
2026-06-24 13:48:50.178 | WARNING  | 13936:17820 | __main__:resp_jsl:349 - 请求失败（尝试 1/10）: expected string or bytes-like object
2026-06-24 13:48:50.178 | WARNING  | 13936:17820 | __main__:resp_jsl:349 - 请求失败（尝试 2/10）: expected string or bytes-like object
2026-06-24 13:48:50.178 | WARNING  | 13936:17820 | __main__:resp_jsl:349 - 请求失败（尝试 3/10）: expected string or bytes-like object
2026-06-24 13:48:50.179 | WARNING  | 13936:17820 | __main__:resp_jsl:349 - 请求失败（尝试 4/10）: expected string or bytes-like object
2026-06-24 13:48:50.179 | WARNING  | 13936:17820 | __main__:resp_jsl:349 - 请求失败（尝试 5/10）: expected string or bytes-like object
2026-06-24 13:48:50.179 | WARNING  | 13936:17820 | __main__:resp_jsl:349 - 请求失败（尝试 6/10）: expected string or bytes-like object
2026-06-24 13:48:50.179 | WARNING  | 13936:17820 | __main__:resp_jsl:349 - 请求失败（尝试 7/10）: expected string or bytes-like object
2026-06-24 13:48:50.180 | WARNING  | 13936:17820 | __main__:resp_jsl:349 - 请求失败（尝试 8/10）: expected string or bytes-like object
2026-06-24 13:48:50.180 | WARNING  | 13936:17820 | __main__:resp_jsl:349 - 请求失败（尝试 9/10）: expected string or bytes-like object
2026-06-24 13:48:50.180 | WARNING  | 13936:17820 | __main__:resp_jsl:349 - 请求失败（尝试 10/10）: expected string or bytes-like object
2026-06-24 13:48:50.181 | WARNING  | 13936:17820 | __main__:main_qe:464 - 请求失败（尝试 2/10）: expected string or bytes-like object
2026-06-24 13:48:50.214 | WARNING  | 13936:17820 | __main__:resp_jsl:349 - 请求失败（尝试 1/10）: expected string or bytes-like object
2026-06-24 13:48:50.214 | WARNING  | 13936:17820 | __main__:resp_jsl:349 - 请求失败（尝试 2/10）: expected string or bytes-like object
2026-06-24 13:48:50.215 | WARNING  | 13936:17820 | __main__:resp_jsl:349 - 请求失败（尝试 3/10）: expected string or bytes-like object
2026-06-24 13:48:50.215 | WARNING  | 13936:17820 | __main__:resp_jsl:349 - 请求失败（尝试 4/10）: expected string or bytes-like object
2026-06-24 13:48:50.215 | WARNING  | 13936:17820 | __main__:resp_jsl:349 - 请求失败（尝试 5/10）: expected string or bytes-like object
2026-06-24 13:48:50.215 | WARNING  | 13936:17820 | __main__:resp_jsl:349 - 请求失败（尝试 6/10）: expected string or bytes-like object
2026-06-24 13:48:50.215 | WARNING  | 13936:17820 | __main__:resp_jsl:349 - 请求失败（尝试 7/10）: expected string or bytes-like object
2026-06-24 13:48:50.215 | WARNING  | 13936:17820 | __main__:resp_jsl:349 - 请求失败（尝试 8/10）: expected string or bytes-like object
2026-06-24 13:48:50.215 | WARNING  | 13936:17820 | __main__:resp_jsl:349 - 请求失败（尝试 9/10）: expected string or bytes-like object
2026-06-24 13:48:50.215 | WARNING  | 13936:17820 | __main__:resp_jsl:349 - 请求失败（尝试 10/10）: expected string or bytes-like object
2026-06-24 13:48:50.215 | WARNING  | 13936:17820 | __main__:main_qe:464 - 请求失败（尝试 3/10）: expected string or bytes-like object
2026-06-24 13:48:50.245 | WARNING  | 13936:17820 | __main__:resp_jsl:349 - 请求失败（尝试 1/10）: expected string or bytes-like object
2026-06-24 13:48:50.245 | WARNING  | 13936:17820 | __main__:resp_jsl:349 - 请求失败（尝试 2/10）: expected string or bytes-like object
2026-06-24 13:48:50.245 | WARNING  | 13936:17820 | __main__:resp_jsl:349 - 请求失败（尝试 3/10）: expected string or bytes-like object
2026-06-24 13:48:50.246 | WARNING  | 13936:17820 | __main__:resp_jsl:349 - 请求失败（尝试 4/10）: expected string or bytes-like object
2026-06-24 13:48:50.246 | WARNING  | 13936:17820 | __main__:resp_jsl:349 - 请求失败（尝试 5/10）: expected string or bytes-like object
2026-06-24 13:48:50.246 | WARNING  | 13936:17820 | __main__:resp_jsl:349 - 请求失败（尝试 6/10）: expected string or bytes-like object
2026-06-24 13:48:50.246 | WARNING  | 13936:17820 | __main__:resp_jsl:349 - 请求失败（尝试 7/10）: expected string or bytes-like object
2026-06-24 13:48:50.246 | WARNING  | 13936:17820 | __main__:resp_jsl:349 - 请求失败（尝试 8/10）: expected string or bytes-like object
2026-06-24 13:48:50.246 | WARNING  | 13936:17820 | __main__:resp_jsl:349 - 请求失败（尝试 9/10）: expected string or bytes-like object
2026-06-24 13:48:50.246 | WARNING  | 13936:17820 | __main__:resp_jsl:349 - 请求失败（尝试 10/10）: expected string or bytes-like object
2026-06-24 13:48:50.246 | WARNING  | 13936:17820 | __main__:main_qe:464 - 请求失败（尝试 4/10）: expected string or bytes-like object
2026-06-24 13:48:50.276 | WARNING  | 13936:17820 | __main__:resp_jsl:349 - 请求失败（尝试 1/10）: expected string or bytes-like object
2026-06-24 13:48:50.277 | WARNING  | 13936:17820 | __main__:resp_jsl:349 - 请求失败（尝试 2/10）: expected string or bytes-like object
2026-06-24 13:48:50.277 | WARNING  | 13936:17820 | __main__:resp_jsl:349 - 请求失败（尝试 3/10）: expected string or bytes-like object
2026-06-24 13:48:50.277 | WARNING  | 13936:17820 | __main__:resp_jsl:349 - 请求失败（尝试 4/10）: expected string or bytes-like object
2026-06-24 13:48:50.277 | WARNING  | 13936:17820 | __main__:resp_jsl:349 - 请求失败（尝试 5/10）: expected string or bytes-like object
2026-06-24 13:48:50.277 | WARNING  | 13936:17820 | __main__:resp_jsl:349 - 请求失败（尝试 6/10）: expected string or bytes-like object
2026-06-24 13:48:50.277 | WARNING  | 13936:17820 | __main__:resp_jsl:349 - 请求失败（尝试 7/10）: expected string or bytes-like object
2026-06-24 13:48:50.277 | WARNING  | 13936:17820 | __main__:resp_jsl:349 - 请求失败（尝试 8/10）: expected string or bytes-like object
2026-06-24 13:48:50.277 | WARNING  | 13936:17820 | __main__:resp_jsl:349 - 请求失败（尝试 9/10）: expected string or bytes-like object
2026-06-24 13:48:50.277 | WARNING  | 13936:17820 | __main__:resp_jsl:349 - 请求失败（尝试 10/10）: expected string or bytes-like object
2026-06-24 13:48:50.277 | WARNING  | 13936:17820 | __main__:main_qe:464 - 请求失败（尝试 5/10）: expected string or bytes-like object
2026-06-24 13:48:50.316 | WARNING  | 13936:17820 | __main__:resp_jsl:349 - 请求失败（尝试 1/10）: expected string or bytes-like object
2026-06-24 13:48:50.316 | WARNING  | 13936:17820 | __main__:resp_jsl:349 - 请求失败（尝试 2/10）: expected string or bytes-like object
2026-06-24 13:48:50.316 | WARNING  | 13936:17820 | __main__:resp_jsl:349 - 请求失败（尝试 3/10）: expected string or bytes-like object
2026-06-24 13:48:50.316 | WARNING  | 13936:17820 | __main__:resp_jsl:349 - 请求失败（尝试 4/10）: expected string or bytes-like object
2026-06-24 13:48:50.316 | WARNING  | 13936:17820 | __main__:resp_jsl:349 - 请求失败（尝试 5/10）: expected string or bytes-like object
2026-06-24 13:48:50.316 | WARNING  | 13936:17820 | __main__:resp_jsl:349 - 请求失败（尝试 6/10）: expected string or bytes-like object
2026-06-24 13:48:50.316 | WARNING  | 13936:17820 | __main__:resp_jsl:349 - 请求失败（尝试 7/10）: expected string or bytes-like object
2026-06-24 13:48:50.316 | WARNING  | 13936:17820 | __main__:resp_jsl:349 - 请求失败（尝试 8/10）: expected string or bytes-like object
2026-06-24 13:48:50.316 | WARNING  | 13936:17820 | __main__:resp_jsl:349 - 请求失败（尝试 9/10）: expected string or bytes-like object
2026-06-24 13:48:50.316 | WARNING  | 13936:17820 | __main__:resp_jsl:349 - 请求失败（尝试 10/10）: expected string or bytes-like object
2026-06-24 13:48:50.316 | WARNING  | 13936:17820 | __main__:main_qe:464 - 请求失败（尝试 6/10）: expected string or bytes-like object
2026-06-24 13:48:50.346 | WARNING  | 13936:17820 | __main__:resp_jsl:349 - 请求失败（尝试 1/10）: expected string or bytes-like object
2026-06-24 13:48:50.346 | WARNING  | 13936:17820 | __main__:resp_jsl:349 - 请求失败（尝试 2/10）: expected string or bytes-like object
2026-06-24 13:48:50.346 | WARNING  | 13936:17820 | __main__:resp_jsl:349 - 请求失败（尝试 3/10）: expected string or bytes-like object
2026-06-24 13:48:50.346 | WARNING  | 13936:17820 | __main__:resp_jsl:349 - 请求失败（尝试 4/10）: expected string or bytes-like object
2026-06-24 13:48:50.346 | WARNING  | 13936:17820 | __main__:resp_jsl:349 - 请求失败（尝试 5/10）: expected string or bytes-like object
2026-06-24 13:48:50.347 | WARNING  | 13936:17820 | __main__:resp_jsl:349 - 请求失败（尝试 6/10）: expected string or bytes-like object
2026-06-24 13:48:50.347 | WARNING  | 13936:17820 | __main__:resp_jsl:349 - 请求失败（尝试 7/10）: expected string or bytes-like object
2026-06-24 13:48:50.347 | WARNING  | 13936:17820 | __main__:resp_jsl:349 - 请求失败（尝试 8/10）: expected string or bytes-like object
2026-06-24 13:48:50.347 | WARNING  | 13936:17820 | __main__:resp_jsl:349 - 请求失败（尝试 9/10）: expected string or bytes-like object
2026-06-24 13:48:50.347 | WARNING  | 13936:17820 | __main__:resp_jsl:349 - 请求失败（尝试 10/10）: expected string or bytes-like object
2026-06-24 13:48:50.347 | WARNING  | 13936:17820 | __main__:main_qe:464 - 请求失败（尝试 7/10）: expected string or bytes-like object
2026-06-24 13:48:50.380 | WARNING  | 13936:17820 | __main__:resp_jsl:349 - 请求失败（尝试 1/10）: expected string or bytes-like object
2026-06-24 13:48:50.380 | WARNING  | 13936:17820 | __main__:resp_jsl:349 - 请求失败（尝试 2/10）: expected string or bytes-like object
2026-06-24 13:48:50.380 | WARNING  | 13936:17820 | __main__:resp_jsl:349 - 请求失败（尝试 3/10）: expected string or bytes-like object
2026-06-24 13:48:50.380 | WARNING  | 13936:17820 | __main__:resp_jsl:349 - 请求失败（尝试 4/10）: expected string or bytes-like object
2026-06-24 13:48:50.380 | WARNING  | 13936:17820 | __main__:resp_jsl:349 - 请求失败（尝试 5/10）: expected string or bytes-like object
2026-06-24 13:48:50.380 | WARNING  | 13936:17820 | __main__:resp_jsl:349 - 请求失败（尝试 6/10）: expected string or bytes-like object
2026-06-24 13:48:50.380 | WARNING  | 13936:17820 | __main__:resp_jsl:349 - 请求失败（尝试 7/10）: expected string or bytes-like object
2026-06-24 13:48:50.381 | WARNING  | 13936:17820 | __main__:resp_jsl:349 - 请求失败（尝试 8/10）: expected string or bytes-like object
2026-06-24 13:48:50.381 | WARNING  | 13936:17820 | __main__:resp_jsl:349 - 请求失败（尝试 9/10）: expected string or bytes-like object
2026-06-24 13:48:50.381 | WARNING  | 13936:17820 | __main__:resp_jsl:349 - 请求失败（尝试 10/10）: expected string or bytes-like object
2026-06-24 13:48:50.381 | WARNING  | 13936:17820 | __main__:main_qe:464 - 请求失败（尝试 8/10）: expected string or bytes-like object
2026-06-24 13:48:50.413 | WARNING  | 13936:17820 | __main__:resp_jsl:349 - 请求失败（尝试 1/10）: expected string or bytes-like object
2026-06-24 13:48:50.413 | WARNING  | 13936:17820 | __main__:resp_jsl:349 - 请求失败（尝试 2/10）: expected string or bytes-like object
2026-06-24 13:48:50.413 | WARNING  | 13936:17820 | __main__:resp_jsl:349 - 请求失败（尝试 3/10）: expected string or bytes-like object
2026-06-24 13:48:50.413 | WARNING  | 13936:17820 | __main__:resp_jsl:349 - 请求失败（尝试 4/10）: expected string or bytes-like object
2026-06-24 13:48:50.413 | WARNING  | 13936:17820 | __main__:resp_jsl:349 - 请求失败（尝试 5/10）: expected string or bytes-like object
2026-06-24 13:48:50.413 | WARNING  | 13936:17820 | __main__:resp_jsl:349 - 请求失败（尝试 6/10）: expected string or bytes-like object
2026-06-24 13:48:50.413 | WARNING  | 13936:17820 | __main__:resp_jsl:349 - 请求失败（尝试 7/10）: expected string or bytes-like object
2026-06-24 13:48:50.413 | WARNING  | 13936:17820 | __main__:resp_jsl:349 - 请求失败（尝试 8/10）: expected string or bytes-like object
2026-06-24 13:48:50.413 | WARNING  | 13936:17820 | __main__:resp_jsl:349 - 请求失败（尝试 9/10）: expected string or bytes-like object
2026-06-24 13:48:50.413 | WARNING  | 13936:17820 | __main__:resp_jsl:349 - 请求失败（尝试 10/10）: expected string or bytes-like object
2026-06-24 13:48:50.414 | WARNING  | 13936:17820 | __main__:main_qe:464 - 请求失败（尝试 9/10）: expected string or bytes-like object
2026-06-24 13:48:50.443 | WARNING  | 13936:17820 | __main__:resp_jsl:349 - 请求失败（尝试 1/10）: expected string or bytes-like object
2026-06-24 13:48:50.444 | WARNING  | 13936:17820 | __main__:resp_jsl:349 - 请求失败（尝试 2/10）: expected string or bytes-like object
2026-06-24 13:48:50.444 | WARNING  | 13936:17820 | __main__:resp_jsl:349 - 请求失败（尝试 3/10）: expected string or bytes-like object
2026-06-24 13:48:50.444 | WARNING  | 13936:17820 | __main__:resp_jsl:349 - 请求失败（尝试 4/10）: expected string or bytes-like object
2026-06-24 13:48:50.444 | WARNING  | 13936:17820 | __main__:resp_jsl:349 - 请求失败（尝试 5/10）: expected string or bytes-like object
2026-06-24 13:48:50.444 | WARNING  | 13936:17820 | __main__:resp_jsl:349 - 请求失败（尝试 6/10）: expected string or bytes-like object
2026-06-24 13:48:50.444 | WARNING  | 13936:17820 | __main__:resp_jsl:349 - 请求失败（尝试 7/10）: expected string or bytes-like object
2026-06-24 13:48:50.445 | WARNING  | 13936:17820 | __main__:resp_jsl:349 - 请求失败（尝试 8/10）: expected string or bytes-like object
2026-06-24 13:48:50.445 | WARNING  | 13936:17820 | __main__:resp_jsl:349 - 请求失败（尝试 9/10）: expected string or bytes-like object
2026-06-24 13:48:50.445 | WARNING  | 13936:17820 | __main__:resp_jsl:349 - 请求失败（尝试 10/10）: expected string or bytes-like object
2026-06-24 13:48:50.445 | WARNING  | 13936:17820 | __main__:main_qe:464 - 请求失败（尝试 10/10）: expected string or bytes-like object
2026-06-24 13:48:50.445 | INFO     | 13936:17820 | __main__:next_login:1747 - main_qe pass盾异常:expected string or bytes-like object
2026-06-24 13:48:50.445 | INFO     | 13936:17820 | __main__:main:1771 - 主流程异常: 访问首页异常！！
2026-06-24 13:48:50.445 | INFO     | 13936:17820 | __main__:close_mongo_connection:1720 - MongoDB连接已关闭
2026-06-24 13:49:06.756 | INFO     | 10476:13904 | __main__:next_login:1731 - 使用账号: 18965736502
2026-06-24 13:49:06.864 | WARNING  | 10476:13904 | __main__:resp_jsl:349 - 请求失败（尝试 1/10）: expected string or bytes-like object
2026-06-24 13:49:06.864 | WARNING  | 10476:13904 | __main__:resp_jsl:349 - 请求失败（尝试 2/10）: expected string or bytes-like object
2026-06-24 13:49:06.864 | WARNING  | 10476:13904 | __main__:resp_jsl:349 - 请求失败（尝试 3/10）: expected string or bytes-like object
2026-06-24 13:49:06.864 | WARNING  | 10476:13904 | __main__:resp_jsl:349 - 请求失败（尝试 4/10）: expected string or bytes-like object
2026-06-24 13:49:06.864 | WARNING  | 10476:13904 | __main__:resp_jsl:349 - 请求失败（尝试 5/10）: expected string or bytes-like object
2026-06-24 13:49:06.864 | WARNING  | 10476:13904 | __main__:resp_jsl:349 - 请求失败（尝试 6/10）: expected string or bytes-like object
2026-06-24 13:49:06.864 | WARNING  | 10476:13904 | __main__:resp_jsl:349 - 请求失败（尝试 7/10）: expected string or bytes-like object
2026-06-24 13:49:06.864 | WARNING  | 10476:13904 | __main__:resp_jsl:349 - 请求失败（尝试 8/10）: expected string or bytes-like object
2026-06-24 13:49:06.865 | WARNING  | 10476:13904 | __main__:resp_jsl:349 - 请求失败（尝试 9/10）: expected string or bytes-like object
2026-06-24 13:49:06.865 | WARNING  | 10476:13904 | __main__:resp_jsl:349 - 请求失败（尝试 10/10）: expected string or bytes-like object
2026-06-24 13:49:06.865 | WARNING  | 10476:13904 | __main__:main_qe:464 - 请求失败（尝试 1/10）: expected string or bytes-like object
2026-06-24 13:49:06.902 | WARNING  | 10476:13904 | __main__:resp_jsl:349 - 请求失败（尝试 1/10）: expected string or bytes-like object
2026-06-24 13:49:06.902 | WARNING  | 10476:13904 | __main__:resp_jsl:349 - 请求失败（尝试 2/10）: expected string or bytes-like object
2026-06-24 13:49:06.902 | WARNING  | 10476:13904 | __main__:resp_jsl:349 - 请求失败（尝试 3/10）: expected string or bytes-like object
2026-06-24 13:49:06.902 | WARNING  | 10476:13904 | __main__:resp_jsl:349 - 请求失败（尝试 4/10）: expected string or bytes-like object
2026-06-24 13:49:06.902 | WARNING  | 10476:13904 | __main__:resp_jsl:349 - 请求失败（尝试 5/10）: expected string or bytes-like object
2026-06-24 13:49:06.902 | WARNING  | 10476:13904 | __main__:resp_jsl:349 - 请求失败（尝试 6/10）: expected string or bytes-like object
2026-06-24 13:49:06.903 | WARNING  | 10476:13904 | __main__:resp_jsl:349 - 请求失败（尝试 7/10）: expected string or bytes-like object
2026-06-24 13:49:06.903 | WARNING  | 10476:13904 | __main__:resp_jsl:349 - 请求失败（尝试 8/10）: expected string or bytes-like object
2026-06-24 13:49:06.903 | WARNING  | 10476:13904 | __main__:resp_jsl:349 - 请求失败（尝试 9/10）: expected string or bytes-like object
2026-06-24 13:49:06.903 | WARNING  | 10476:13904 | __main__:resp_jsl:349 - 请求失败（尝试 10/10）: expected string or bytes-like object
2026-06-24 13:49:06.903 | WARNING  | 10476:13904 | __main__:main_qe:464 - 请求失败（尝试 2/10）: expected string or bytes-like object
2026-06-24 13:49:06.944 | WARNING  | 10476:13904 | __main__:resp_jsl:349 - 请求失败（尝试 1/10）: expected string or bytes-like object
2026-06-24 13:49:06.944 | WARNING  | 10476:13904 | __main__:resp_jsl:349 - 请求失败（尝试 2/10）: expected string or bytes-like object
2026-06-24 13:49:06.944 | WARNING  | 10476:13904 | __main__:resp_jsl:349 - 请求失败（尝试 3/10）: expected string or bytes-like object
2026-06-24 13:49:06.944 | WARNING  | 10476:13904 | __main__:resp_jsl:349 - 请求失败（尝试 4/10）: expected string or bytes-like object
2026-06-24 13:49:06.945 | WARNING  | 10476:13904 | __main__:resp_jsl:349 - 请求失败（尝试 5/10）: expected string or bytes-like object
2026-06-24 13:49:06.945 | WARNING  | 10476:13904 | __main__:resp_jsl:349 - 请求失败（尝试 6/10）: expected string or bytes-like object
2026-06-24 13:49:06.945 | WARNING  | 10476:13904 | __main__:resp_jsl:349 - 请求失败（尝试 7/10）: expected string or bytes-like object
2026-06-24 13:49:06.945 | WARNING  | 10476:13904 | __main__:resp_jsl:349 - 请求失败（尝试 8/10）: expected string or bytes-like object
2026-06-24 13:49:06.945 | WARNING  | 10476:13904 | __main__:resp_jsl:349 - 请求失败（尝试 9/10）: expected string or bytes-like object
2026-06-24 13:49:06.945 | WARNING  | 10476:13904 | __main__:resp_jsl:349 - 请求失败（尝试 10/10）: expected string or bytes-like object
2026-06-24 13:49:06.945 | WARNING  | 10476:13904 | __main__:main_qe:464 - 请求失败（尝试 3/10）: expected string or bytes-like object
2026-06-24 13:49:06.991 | WARNING  | 10476:13904 | __main__:resp_jsl:349 - 请求失败（尝试 1/10）: expected string or bytes-like object
2026-06-24 13:49:06.991 | WARNING  | 10476:13904 | __main__:resp_jsl:349 - 请求失败（尝试 2/10）: expected string or bytes-like object
2026-06-24 13:49:06.992 | WARNING  | 10476:13904 | __main__:resp_jsl:349 - 请求失败（尝试 3/10）: expected string or bytes-like object
2026-06-24 13:49:06.992 | WARNING  | 10476:13904 | __main__:resp_jsl:349 - 请求失败（尝试 4/10）: expected string or bytes-like object
2026-06-24 13:49:06.992 | WARNING  | 10476:13904 | __main__:resp_jsl:349 - 请求失败（尝试 5/10）: expected string or bytes-like object
2026-06-24 13:49:06.992 | WARNING  | 10476:13904 | __main__:resp_jsl:349 - 请求失败（尝试 6/10）: expected string or bytes-like object
2026-06-24 13:49:06.993 | WARNING  | 10476:13904 | __main__:resp_jsl:349 - 请求失败（尝试 7/10）: expected string or bytes-like object
2026-06-24 13:49:06.993 | WARNING  | 10476:13904 | __main__:resp_jsl:349 - 请求失败（尝试 8/10）: expected string or bytes-like object
2026-06-24 13:49:06.993 | WARNING  | 10476:13904 | __main__:resp_jsl:349 - 请求失败（尝试 9/10）: expected string or bytes-like object
2026-06-24 13:49:06.993 | WARNING  | 10476:13904 | __main__:resp_jsl:349 - 请求失败（尝试 10/10）: expected string or bytes-like object
2026-06-24 13:49:06.993 | WARNING  | 10476:13904 | __main__:main_qe:464 - 请求失败（尝试 4/10）: expected string or bytes-like object
2026-06-24 13:49:07.043 | WARNING  | 10476:13904 | __main__:resp_jsl:349 - 请求失败（尝试 1/10）: expected string or bytes-like object
2026-06-24 13:49:07.043 | WARNING  | 10476:13904 | __main__:resp_jsl:349 - 请求失败（尝试 2/10）: expected string or bytes-like object
2026-06-24 13:49:07.043 | WARNING  | 10476:13904 | __main__:resp_jsl:349 - 请求失败（尝试 3/10）: expected string or bytes-like object
2026-06-24 13:49:07.043 | WARNING  | 10476:13904 | __main__:resp_jsl:349 - 请求失败（尝试 4/10）: expected string or bytes-like object
2026-06-24 13:49:07.044 | WARNING  | 10476:13904 | __main__:resp_jsl:349 - 请求失败（尝试 5/10）: expected string or bytes-like object
2026-06-24 13:49:07.044 | WARNING  | 10476:13904 | __main__:resp_jsl:349 - 请求失败（尝试 6/10）: expected string or bytes-like object
2026-06-24 13:49:07.044 | WARNING  | 10476:13904 | __main__:resp_jsl:349 - 请求失败（尝试 7/10）: expected string or bytes-like object
2026-06-24 13:49:07.044 | WARNING  | 10476:13904 | __main__:resp_jsl:349 - 请求失败（尝试 8/10）: expected string or bytes-like object
2026-06-24 13:49:07.044 | WARNING  | 10476:13904 | __main__:resp_jsl:349 - 请求失败（尝试 9/10）: expected string or bytes-like object
2026-06-24 13:49:07.044 | WARNING  | 10476:13904 | __main__:resp_jsl:349 - 请求失败（尝试 10/10）: expected string or bytes-like object
2026-06-24 13:49:07.044 | WARNING  | 10476:13904 | __main__:main_qe:464 - 请求失败（尝试 5/10）: expected string or bytes-like object
2026-06-24 13:49:07.085 | WARNING  | 10476:13904 | __main__:resp_jsl:349 - 请求失败（尝试 1/10）: expected string or bytes-like object
2026-06-24 13:49:07.086 | WARNING  | 10476:13904 | __main__:resp_jsl:349 - 请求失败（尝试 2/10）: expected string or bytes-like object
2026-06-24 13:49:07.086 | WARNING  | 10476:13904 | __main__:resp_jsl:349 - 请求失败（尝试 3/10）: expected string or bytes-like object
2026-06-24 13:49:07.086 | WARNING  | 10476:13904 | __main__:resp_jsl:349 - 请求失败（尝试 4/10）: expected string or bytes-like object
2026-06-24 13:49:07.087 | WARNING  | 10476:13904 | __main__:resp_jsl:349 - 请求失败（尝试 5/10）: expected string or bytes-like object
2026-06-24 13:49:07.087 | WARNING  | 10476:13904 | __main__:resp_jsl:349 - 请求失败（尝试 6/10）: expected string or bytes-like object
2026-06-24 13:49:07.087 | WARNING  | 10476:13904 | __main__:resp_jsl:349 - 请求失败（尝试 7/10）: expected string or bytes-like object
2026-06-24 13:49:07.087 | WARNING  | 10476:13904 | __main__:resp_jsl:349 - 请求失败（尝试 8/10）: expected string or bytes-like object
2026-06-24 13:49:07.088 | WARNING  | 10476:13904 | __main__:resp_jsl:349 - 请求失败（尝试 9/10）: expected string or bytes-like object
2026-06-24 13:49:07.088 | WARNING  | 10476:13904 | __main__:resp_jsl:349 - 请求失败（尝试 10/10）: expected string or bytes-like object
2026-06-24 13:49:07.088 | WARNING  | 10476:13904 | __main__:main_qe:464 - 请求失败（尝试 6/10）: expected string or bytes-like object
2026-06-24 13:49:07.127 | WARNING  | 10476:13904 | __main__:resp_jsl:349 - 请求失败（尝试 1/10）: expected string or bytes-like object
2026-06-24 13:49:07.128 | WARNING  | 10476:13904 | __main__:resp_jsl:349 - 请求失败（尝试 2/10）: expected string or bytes-like object
2026-06-24 13:49:07.128 | WARNING  | 10476:13904 | __main__:resp_jsl:349 - 请求失败（尝试 3/10）: expected string or bytes-like object
2026-06-24 13:49:07.128 | WARNING  | 10476:13904 | __main__:resp_jsl:349 - 请求失败（尝试 4/10）: expected string or bytes-like object
2026-06-24 13:49:07.128 | WARNING  | 10476:13904 | __main__:resp_jsl:349 - 请求失败（尝试 5/10）: expected string or bytes-like object
2026-06-24 13:49:07.128 | WARNING  | 10476:13904 | __main__:resp_jsl:349 - 请求失败（尝试 6/10）: expected string or bytes-like object
2026-06-24 13:49:07.128 | WARNING  | 10476:13904 | __main__:resp_jsl:349 - 请求失败（尝试 7/10）: expected string or bytes-like object
2026-06-24 13:49:07.128 | WARNING  | 10476:13904 | __main__:resp_jsl:349 - 请求失败（尝试 8/10）: expected string or bytes-like object
2026-06-24 13:49:07.128 | WARNING  | 10476:13904 | __main__:resp_jsl:349 - 请求失败（尝试 9/10）: expected string or bytes-like object
2026-06-24 13:49:07.128 | WARNING  | 10476:13904 | __main__:resp_jsl:349 - 请求失败（尝试 10/10）: expected string or bytes-like object
2026-06-24 13:49:07.129 | WARNING  | 10476:13904 | __main__:main_qe:464 - 请求失败（尝试 7/10）: expected string or bytes-like object
2026-06-24 13:49:07.165 | WARNING  | 10476:13904 | __main__:resp_jsl:349 - 请求失败（尝试 1/10）: expected string or bytes-like object
2026-06-24 13:49:07.166 | WARNING  | 10476:13904 | __main__:resp_jsl:349 - 请求失败（尝试 2/10）: expected string or bytes-like object
2026-06-24 13:49:07.166 | WARNING  | 10476:13904 | __main__:resp_jsl:349 - 请求失败（尝试 3/10）: expected string or bytes-like object
2026-06-24 13:49:07.166 | WARNING  | 10476:13904 | __main__:resp_jsl:349 - 请求失败（尝试 4/10）: expected string or bytes-like object
2026-06-24 13:49:07.166 | WARNING  | 10476:13904 | __main__:resp_jsl:349 - 请求失败（尝试 5/10）: expected string or bytes-like object
2026-06-24 13:49:07.166 | WARNING  | 10476:13904 | __main__:resp_jsl:349 - 请求失败（尝试 6/10）: expected string or bytes-like object
2026-06-24 13:49:07.166 | WARNING  | 10476:13904 | __main__:resp_jsl:349 - 请求失败（尝试 7/10）: expected string or bytes-like object
2026-06-24 13:49:07.167 | WARNING  | 10476:13904 | __main__:resp_jsl:349 - 请求失败（尝试 8/10）: expected string or bytes-like object
2026-06-24 13:49:07.167 | WARNING  | 10476:13904 | __main__:resp_jsl:349 - 请求失败（尝试 9/10）: expected string or bytes-like object
2026-06-24 13:49:07.167 | WARNING  | 10476:13904 | __main__:resp_jsl:349 - 请求失败（尝试 10/10）: expected string or bytes-like object
2026-06-24 13:49:07.167 | WARNING  | 10476:13904 | __main__:main_qe:464 - 请求失败（尝试 8/10）: expected string or bytes-like object
2026-06-24 13:49:07.205 | WARNING  | 10476:13904 | __main__:resp_jsl:349 - 请求失败（尝试 1/10）: expected string or bytes-like object
2026-06-24 13:49:07.205 | WARNING  | 10476:13904 | __main__:resp_jsl:349 - 请求失败（尝试 2/10）: expected string or bytes-like object
2026-06-24 13:49:07.205 | WARNING  | 10476:13904 | __main__:resp_jsl:349 - 请求失败（尝试 3/10）: expected string or bytes-like object
2026-06-24 13:49:07.206 | WARNING  | 10476:13904 | __main__:resp_jsl:349 - 请求失败（尝试 4/10）: expected string or bytes-like object
2026-06-24 13:49:07.206 | WARNING  | 10476:13904 | __main__:resp_jsl:349 - 请求失败（尝试 5/10）: expected string or bytes-like object
2026-06-24 13:49:07.206 | WARNING  | 10476:13904 | __main__:resp_jsl:349 - 请求失败（尝试 6/10）: expected string or bytes-like object
2026-06-24 13:49:07.206 | WARNING  | 10476:13904 | __main__:resp_jsl:349 - 请求失败（尝试 7/10）: expected string or bytes-like object
2026-06-24 13:49:07.206 | WARNING  | 10476:13904 | __main__:resp_jsl:349 - 请求失败（尝试 8/10）: expected string or bytes-like object
2026-06-24 13:49:07.207 | WARNING  | 10476:13904 | __main__:resp_jsl:349 - 请求失败（尝试 9/10）: expected string or bytes-like object
2026-06-24 13:49:07.207 | WARNING  | 10476:13904 | __main__:resp_jsl:349 - 请求失败（尝试 10/10）: expected string or bytes-like object
2026-06-24 13:49:07.207 | WARNING  | 10476:13904 | __main__:main_qe:464 - 请求失败（尝试 9/10）: expected string or bytes-like object
2026-06-24 13:49:07.250 | WARNING  | 10476:13904 | __main__:resp_jsl:349 - 请求失败（尝试 1/10）: expected string or bytes-like object
2026-06-24 13:49:07.250 | WARNING  | 10476:13904 | __main__:resp_jsl:349 - 请求失败（尝试 2/10）: expected string or bytes-like object
2026-06-24 13:49:07.251 | WARNING  | 10476:13904 | __main__:resp_jsl:349 - 请求失败（尝试 3/10）: expected string or bytes-like object
2026-06-24 13:49:07.251 | WARNING  | 10476:13904 | __main__:resp_jsl:349 - 请求失败（尝试 4/10）: expected string or bytes-like object
2026-06-24 13:49:07.252 | WARNING  | 10476:13904 | __main__:resp_jsl:349 - 请求失败（尝试 5/10）: expected string or bytes-like object
2026-06-24 13:49:07.252 | WARNING  | 10476:13904 | __main__:resp_jsl:349 - 请求失败（尝试 6/10）: expected string or bytes-like object
2026-06-24 13:49:07.252 | WARNING  | 10476:13904 | __main__:resp_jsl:349 - 请求失败（尝试 7/10）: expected string or bytes-like object
2026-06-24 13:49:07.252 | WARNING  | 10476:13904 | __main__:resp_jsl:349 - 请求失败（尝试 8/10）: expected string or bytes-like object
2026-06-24 13:49:07.253 | WARNING  | 10476:13904 | __main__:resp_jsl:349 - 请求失败（尝试 9/10）: expected string or bytes-like object
2026-06-24 13:49:07.253 | WARNING  | 10476:13904 | __main__:resp_jsl:349 - 请求失败（尝试 10/10）: expected string or bytes-like object
2026-06-24 13:49:07.253 | WARNING  | 10476:13904 | __main__:main_qe:464 - 请求失败（尝试 10/10）: expected string or bytes-like object
2026-06-24 13:49:07.253 | INFO     | 10476:13904 | __main__:next_login:1748 - main_qe pass盾异常:expected string or bytes-like object
2026-06-24 13:49:07.254 | INFO     | 10476:13904 | __main__:main:1772 - 主流程异常: 访问首页异常！！
2026-06-24 13:49:07.254 | INFO     | 10476:13904 | __main__:close_mongo_connection:1721 - MongoDB连接已关闭
2026-06-24 13:49:28.341 | INFO     | 8280:6012 | __main__:next_login:1731 - 使用账号: 18965736502
2026-06-24 13:49:28.453 | WARNING  | 8280:6012 | __main__:resp_jsl:349 - 请求失败（尝试 1/10）: expected string or bytes-like object
2026-06-24 13:49:28.454 | WARNING  | 8280:6012 | __main__:resp_jsl:349 - 请求失败（尝试 2/10）: expected string or bytes-like object
2026-06-24 13:49:28.454 | WARNING  | 8280:6012 | __main__:resp_jsl:349 - 请求失败（尝试 3/10）: expected string or bytes-like object
2026-06-24 13:49:28.454 | WARNING  | 8280:6012 | __main__:resp_jsl:349 - 请求失败（尝试 4/10）: expected string or bytes-like object
2026-06-24 13:49:28.454 | WARNING  | 8280:6012 | __main__:resp_jsl:349 - 请求失败（尝试 5/10）: expected string or bytes-like object
2026-06-24 13:49:28.454 | WARNING  | 8280:6012 | __main__:resp_jsl:349 - 请求失败（尝试 6/10）: expected string or bytes-like object
2026-06-24 13:49:28.454 | WARNING  | 8280:6012 | __main__:resp_jsl:349 - 请求失败（尝试 7/10）: expected string or bytes-like object
2026-06-24 13:49:28.455 | WARNING  | 8280:6012 | __main__:resp_jsl:349 - 请求失败（尝试 8/10）: expected string or bytes-like object
2026-06-24 13:49:28.455 | WARNING  | 8280:6012 | __main__:resp_jsl:349 - 请求失败（尝试 9/10）: expected string or bytes-like object
2026-06-24 13:49:28.455 | WARNING  | 8280:6012 | __main__:resp_jsl:349 - 请求失败（尝试 10/10）: expected string or bytes-like object
2026-06-24 13:49:28.455 | WARNING  | 8280:6012 | __main__:main_qe:464 - 请求失败（尝试 1/10）: expected string or bytes-like object
2026-06-24 13:49:28.481 | WARNING  | 8280:6012 | __main__:resp_jsl:349 - 请求失败（尝试 1/10）: expected string or bytes-like object
2026-06-24 13:49:28.481 | WARNING  | 8280:6012 | __main__:resp_jsl:349 - 请求失败（尝试 2/10）: expected string or bytes-like object
2026-06-24 13:49:28.481 | WARNING  | 8280:6012 | __main__:resp_jsl:349 - 请求失败（尝试 3/10）: expected string or bytes-like object
2026-06-24 13:49:28.481 | WARNING  | 8280:6012 | __main__:resp_jsl:349 - 请求失败（尝试 4/10）: expected string or bytes-like object
2026-06-24 13:49:28.481 | WARNING  | 8280:6012 | __main__:resp_jsl:349 - 请求失败（尝试 5/10）: expected string or bytes-like object
2026-06-24 13:49:28.482 | WARNING  | 8280:6012 | __main__:resp_jsl:349 - 请求失败（尝试 6/10）: expected string or bytes-like object
2026-06-24 13:49:28.482 | WARNING  | 8280:6012 | __main__:resp_jsl:349 - 请求失败（尝试 7/10）: expected string or bytes-like object
2026-06-24 13:49:28.482 | WARNING  | 8280:6012 | __main__:resp_jsl:349 - 请求失败（尝试 8/10）: expected string or bytes-like object
2026-06-24 13:49:28.482 | WARNING  | 8280:6012 | __main__:resp_jsl:349 - 请求失败（尝试 9/10）: expected string or bytes-like object
2026-06-24 13:49:28.482 | WARNING  | 8280:6012 | __main__:resp_jsl:349 - 请求失败（尝试 10/10）: expected string or bytes-like object
2026-06-24 13:49:28.482 | WARNING  | 8280:6012 | __main__:main_qe:464 - 请求失败（尝试 2/10）: expected string or bytes-like object
2026-06-24 13:49:28.515 | WARNING  | 8280:6012 | __main__:resp_jsl:349 - 请求失败（尝试 1/10）: expected string or bytes-like object
2026-06-24 13:49:28.516 | WARNING  | 8280:6012 | __main__:resp_jsl:349 - 请求失败（尝试 2/10）: expected string or bytes-like object
2026-06-24 13:49:28.516 | WARNING  | 8280:6012 | __main__:resp_jsl:349 - 请求失败（尝试 3/10）: expected string or bytes-like object
2026-06-24 13:49:28.516 | WARNING  | 8280:6012 | __main__:resp_jsl:349 - 请求失败（尝试 4/10）: expected string or bytes-like object
2026-06-24 13:49:28.516 | WARNING  | 8280:6012 | __main__:resp_jsl:349 - 请求失败（尝试 5/10）: expected string or bytes-like object
2026-06-24 13:49:28.516 | WARNING  | 8280:6012 | __main__:resp_jsl:349 - 请求失败（尝试 6/10）: expected string or bytes-like object
2026-06-24 13:49:28.517 | WARNING  | 8280:6012 | __main__:resp_jsl:349 - 请求失败（尝试 7/10）: expected string or bytes-like object
2026-06-24 13:49:28.517 | WARNING  | 8280:6012 | __main__:resp_jsl:349 - 请求失败（尝试 8/10）: expected string or bytes-like object
2026-06-24 13:49:28.517 | WARNING  | 8280:6012 | __main__:resp_jsl:349 - 请求失败（尝试 9/10）: expected string or bytes-like object
2026-06-24 13:49:28.517 | WARNING  | 8280:6012 | __main__:resp_jsl:349 - 请求失败（尝试 10/10）: expected string or bytes-like object
2026-06-24 13:49:28.517 | WARNING  | 8280:6012 | __main__:main_qe:464 - 请求失败（尝试 3/10）: expected string or bytes-like object
2026-06-24 13:49:28.546 | WARNING  | 8280:6012 | __main__:resp_jsl:349 - 请求失败（尝试 1/10）: expected string or bytes-like object
2026-06-24 13:49:28.547 | WARNING  | 8280:6012 | __main__:resp_jsl:349 - 请求失败（尝试 2/10）: expected string or bytes-like object
2026-06-24 13:49:28.547 | WARNING  | 8280:6012 | __main__:resp_jsl:349 - 请求失败（尝试 3/10）: expected string or bytes-like object
2026-06-24 13:49:28.547 | WARNING  | 8280:6012 | __main__:resp_jsl:349 - 请求失败（尝试 4/10）: expected string or bytes-like object
2026-06-24 13:49:28.547 | WARNING  | 8280:6012 | __main__:resp_jsl:349 - 请求失败（尝试 5/10）: expected string or bytes-like object
2026-06-24 13:49:28.547 | WARNING  | 8280:6012 | __main__:resp_jsl:349 - 请求失败（尝试 6/10）: expected string or bytes-like object
2026-06-24 13:49:28.547 | WARNING  | 8280:6012 | __main__:resp_jsl:349 - 请求失败（尝试 7/10）: expected string or bytes-like object
2026-06-24 13:49:28.547 | WARNING  | 8280:6012 | __main__:resp_jsl:349 - 请求失败（尝试 8/10）: expected string or bytes-like object
2026-06-24 13:49:28.548 | WARNING  | 8280:6012 | __main__:resp_jsl:349 - 请求失败（尝试 9/10）: expected string or bytes-like object
2026-06-24 13:49:28.548 | WARNING  | 8280:6012 | __main__:resp_jsl:349 - 请求失败（尝试 10/10）: expected string or bytes-like object
2026-06-24 13:49:28.548 | WARNING  | 8280:6012 | __main__:main_qe:464 - 请求失败（尝试 4/10）: expected string or bytes-like object
2026-06-24 13:49:28.575 | WARNING  | 8280:6012 | __main__:resp_jsl:349 - 请求失败（尝试 1/10）: expected string or bytes-like object
2026-06-24 13:49:28.575 | WARNING  | 8280:6012 | __main__:resp_jsl:349 - 请求失败（尝试 2/10）: expected string or bytes-like object
2026-06-24 13:49:28.575 | WARNING  | 8280:6012 | __main__:resp_jsl:349 - 请求失败（尝试 3/10）: expected string or bytes-like object
2026-06-24 13:49:28.575 | WARNING  | 8280:6012 | __main__:resp_jsl:349 - 请求失败（尝试 4/10）: expected string or bytes-like object
2026-06-24 13:49:28.575 | WARNING  | 8280:6012 | __main__:resp_jsl:349 - 请求失败（尝试 5/10）: expected string or bytes-like object
2026-06-24 13:49:28.575 | WARNING  | 8280:6012 | __main__:resp_jsl:349 - 请求失败（尝试 6/10）: expected string or bytes-like object
2026-06-24 13:49:28.577 | WARNING  | 8280:6012 | __main__:resp_jsl:349 - 请求失败（尝试 7/10）: expected string or bytes-like object
2026-06-24 13:49:28.577 | WARNING  | 8280:6012 | __main__:resp_jsl:349 - 请求失败（尝试 8/10）: expected string or bytes-like object
2026-06-24 13:49:28.577 | WARNING  | 8280:6012 | __main__:resp_jsl:349 - 请求失败（尝试 9/10）: expected string or bytes-like object
2026-06-24 13:49:28.577 | WARNING  | 8280:6012 | __main__:resp_jsl:349 - 请求失败（尝试 10/10）: expected string or bytes-like object
2026-06-24 13:49:28.577 | WARNING  | 8280:6012 | __main__:main_qe:464 - 请求失败（尝试 5/10）: expected string or bytes-like object
2026-06-24 13:49:28.602 | WARNING  | 8280:6012 | __main__:resp_jsl:349 - 请求失败（尝试 1/10）: expected string or bytes-like object
2026-06-24 13:49:28.603 | WARNING  | 8280:6012 | __main__:resp_jsl:349 - 请求失败（尝试 2/10）: expected string or bytes-like object
2026-06-24 13:49:28.603 | WARNING  | 8280:6012 | __main__:resp_jsl:349 - 请求失败（尝试 3/10）: expected string or bytes-like object
2026-06-24 13:49:28.603 | WARNING  | 8280:6012 | __main__:resp_jsl:349 - 请求失败（尝试 4/10）: expected string or bytes-like object
2026-06-24 13:49:28.603 | WARNING  | 8280:6012 | __main__:resp_jsl:349 - 请求失败（尝试 5/10）: expected string or bytes-like object
2026-06-24 13:49:28.603 | WARNING  | 8280:6012 | __main__:resp_jsl:349 - 请求失败（尝试 6/10）: expected string or bytes-like object
2026-06-24 13:49:28.603 | WARNING  | 8280:6012 | __main__:resp_jsl:349 - 请求失败（尝试 7/10）: expected string or bytes-like object
2026-06-24 13:49:28.604 | WARNING  | 8280:6012 | __main__:resp_jsl:349 - 请求失败（尝试 8/10）: expected string or bytes-like object
2026-06-24 13:49:28.604 | WARNING  | 8280:6012 | __main__:resp_jsl:349 - 请求失败（尝试 9/10）: expected string or bytes-like object
2026-06-24 13:49:28.604 | WARNING  | 8280:6012 | __main__:resp_jsl:349 - 请求失败（尝试 10/10）: expected string or bytes-like object
2026-06-24 13:49:28.604 | WARNING  | 8280:6012 | __main__:main_qe:464 - 请求失败（尝试 6/10）: expected string or bytes-like object
2026-06-24 13:49:28.639 | WARNING  | 8280:6012 | __main__:resp_jsl:349 - 请求失败（尝试 1/10）: expected string or bytes-like object
2026-06-24 13:49:28.639 | WARNING  | 8280:6012 | __main__:resp_jsl:349 - 请求失败（尝试 2/10）: expected string or bytes-like object
2026-06-24 13:49:28.639 | WARNING  | 8280:6012 | __main__:resp_jsl:349 - 请求失败（尝试 3/10）: expected string or bytes-like object
2026-06-24 13:49:28.640 | WARNING  | 8280:6012 | __main__:resp_jsl:349 - 请求失败（尝试 4/10）: expected string or bytes-like object
2026-06-24 13:49:28.640 | WARNING  | 8280:6012 | __main__:resp_jsl:349 - 请求失败（尝试 5/10）: expected string or bytes-like object
2026-06-24 13:49:28.640 | WARNING  | 8280:6012 | __main__:resp_jsl:349 - 请求失败（尝试 6/10）: expected string or bytes-like object
2026-06-24 13:49:28.640 | WARNING  | 8280:6012 | __main__:resp_jsl:349 - 请求失败（尝试 7/10）: expected string or bytes-like object
2026-06-24 13:49:28.640 | WARNING  | 8280:6012 | __main__:resp_jsl:349 - 请求失败（尝试 8/10）: expected string or bytes-like object
2026-06-24 13:49:28.640 | WARNING  | 8280:6012 | __main__:resp_jsl:349 - 请求失败（尝试 9/10）: expected string or bytes-like object
2026-06-24 13:49:28.641 | WARNING  | 8280:6012 | __main__:resp_jsl:349 - 请求失败（尝试 10/10）: expected string or bytes-like object
2026-06-24 13:49:28.641 | WARNING  | 8280:6012 | __main__:main_qe:464 - 请求失败（尝试 7/10）: expected string or bytes-like object
2026-06-24 13:49:28.673 | WARNING  | 8280:6012 | __main__:resp_jsl:349 - 请求失败（尝试 1/10）: expected string or bytes-like object
2026-06-24 13:49:28.673 | WARNING  | 8280:6012 | __main__:resp_jsl:349 - 请求失败（尝试 2/10）: expected string or bytes-like object
2026-06-24 13:49:28.673 | WARNING  | 8280:6012 | __main__:resp_jsl:349 - 请求失败（尝试 3/10）: expected string or bytes-like object
2026-06-24 13:49:28.673 | WARNING  | 8280:6012 | __main__:resp_jsl:349 - 请求失败（尝试 4/10）: expected string or bytes-like object
2026-06-24 13:49:28.674 | WARNING  | 8280:6012 | __main__:resp_jsl:349 - 请求失败（尝试 5/10）: expected string or bytes-like object
2026-06-24 13:49:28.674 | WARNING  | 8280:6012 | __main__:resp_jsl:349 - 请求失败（尝试 6/10）: expected string or bytes-like object
2026-06-24 13:49:28.674 | WARNING  | 8280:6012 | __main__:resp_jsl:349 - 请求失败（尝试 7/10）: expected string or bytes-like object
2026-06-24 13:49:28.674 | WARNING  | 8280:6012 | __main__:resp_jsl:349 - 请求失败（尝试 8/10）: expected string or bytes-like object
2026-06-24 13:49:28.675 | WARNING  | 8280:6012 | __main__:resp_jsl:349 - 请求失败（尝试 9/10）: expected string or bytes-like object
2026-06-24 13:49:28.675 | WARNING  | 8280:6012 | __main__:resp_jsl:349 - 请求失败（尝试 10/10）: expected string or bytes-like object
2026-06-24 13:49:28.675 | WARNING  | 8280:6012 | __main__:main_qe:464 - 请求失败（尝试 8/10）: expected string or bytes-like object
2026-06-24 13:49:28.702 | WARNING  | 8280:6012 | __main__:resp_jsl:349 - 请求失败（尝试 1/10）: expected string or bytes-like object
2026-06-24 13:49:28.703 | WARNING  | 8280:6012 | __main__:resp_jsl:349 - 请求失败（尝试 2/10）: expected string or bytes-like object
2026-06-24 13:49:28.703 | WARNING  | 8280:6012 | __main__:resp_jsl:349 - 请求失败（尝试 3/10）: expected string or bytes-like object
2026-06-24 13:49:28.703 | WARNING  | 8280:6012 | __main__:resp_jsl:349 - 请求失败（尝试 4/10）: expected string or bytes-like object
2026-06-24 13:49:28.703 | WARNING  | 8280:6012 | __main__:resp_jsl:349 - 请求失败（尝试 5/10）: expected string or bytes-like object
2026-06-24 13:49:28.703 | WARNING  | 8280:6012 | __main__:resp_jsl:349 - 请求失败（尝试 6/10）: expected string or bytes-like object
2026-06-24 13:49:28.704 | WARNING  | 8280:6012 | __main__:resp_jsl:349 - 请求失败（尝试 7/10）: expected string or bytes-like object
2026-06-24 13:49:28.704 | WARNING  | 8280:6012 | __main__:resp_jsl:349 - 请求失败（尝试 8/10）: expected string or bytes-like object
2026-06-24 13:49:28.704 | WARNING  | 8280:6012 | __main__:resp_jsl:349 - 请求失败（尝试 9/10）: expected string or bytes-like object
2026-06-24 13:49:28.704 | WARNING  | 8280:6012 | __main__:resp_jsl:349 - 请求失败（尝试 10/10）: expected string or bytes-like object
2026-06-24 13:49:28.704 | WARNING  | 8280:6012 | __main__:main_qe:464 - 请求失败（尝试 9/10）: expected string or bytes-like object
2026-06-24 13:49:28.729 | WARNING  | 8280:6012 | __main__:resp_jsl:349 - 请求失败（尝试 1/10）: expected string or bytes-like object
2026-06-24 13:49:28.730 | WARNING  | 8280:6012 | __main__:resp_jsl:349 - 请求失败（尝试 2/10）: expected string or bytes-like object
2026-06-24 13:49:28.730 | WARNING  | 8280:6012 | __main__:resp_jsl:349 - 请求失败（尝试 3/10）: expected string or bytes-like object
2026-06-24 13:49:28.730 | WARNING  | 8280:6012 | __main__:resp_jsl:349 - 请求失败（尝试 4/10）: expected string or bytes-like object
2026-06-24 13:49:28.730 | WARNING  | 8280:6012 | __main__:resp_jsl:349 - 请求失败（尝试 5/10）: expected string or bytes-like object
2026-06-24 13:49:28.730 | WARNING  | 8280:6012 | __main__:resp_jsl:349 - 请求失败（尝试 6/10）: expected string or bytes-like object
2026-06-24 13:49:28.730 | WARNING  | 8280:6012 | __main__:resp_jsl:349 - 请求失败（尝试 7/10）: expected string or bytes-like object
2026-06-24 13:49:28.730 | WARNING  | 8280:6012 | __main__:resp_jsl:349 - 请求失败（尝试 8/10）: expected string or bytes-like object
2026-06-24 13:49:28.731 | WARNING  | 8280:6012 | __main__:resp_jsl:349 - 请求失败（尝试 9/10）: expected string or bytes-like object
2026-06-24 13:49:28.731 | WARNING  | 8280:6012 | __main__:resp_jsl:349 - 请求失败（尝试 10/10）: expected string or bytes-like object
2026-06-24 13:49:28.731 | WARNING  | 8280:6012 | __main__:main_qe:464 - 请求失败（尝试 10/10）: expected string or bytes-like object
2026-06-24 13:49:28.731 | INFO     | 8280:6012 | __main__:next_login:1748 - main_qe pass盾异常:expected string or bytes-like object
2026-06-24 13:49:28.731 | INFO     | 8280:6012 | __main__:main:1772 - 主流程异常: 访问首页异常！！
2026-06-24 13:49:28.731 | INFO     | 8280:6012 | __main__:close_mongo_connection:1721 - MongoDB连接已关闭
2026-06-24 13:50:17.953 | INFO     | 20424:6164 | __main__:next_login:1731 - 使用账号: 18965736502
2026-06-24 13:50:20.514 | WARNING  | 20424:6164 | __main__:resp_jsl:349 - 请求失败（尝试 1/10）: expected string or bytes-like object
2026-06-24 13:50:20.516 | WARNING  | 20424:6164 | __main__:resp_jsl:349 - 请求失败（尝试 2/10）: expected string or bytes-like object
2026-06-24 13:50:20.516 | WARNING  | 20424:6164 | __main__:resp_jsl:349 - 请求失败（尝试 3/10）: expected string or bytes-like object
2026-06-24 13:50:20.516 | WARNING  | 20424:6164 | __main__:resp_jsl:349 - 请求失败（尝试 4/10）: expected string or bytes-like object
2026-06-24 13:50:20.516 | WARNING  | 20424:6164 | __main__:resp_jsl:349 - 请求失败（尝试 5/10）: expected string or bytes-like object
2026-06-24 13:50:20.516 | WARNING  | 20424:6164 | __main__:resp_jsl:349 - 请求失败（尝试 6/10）: expected string or bytes-like object
2026-06-24 13:50:20.516 | WARNING  | 20424:6164 | __main__:resp_jsl:349 - 请求失败（尝试 7/10）: expected string or bytes-like object
2026-06-24 13:50:20.517 | WARNING  | 20424:6164 | __main__:resp_jsl:349 - 请求失败（尝试 8/10）: expected string or bytes-like object
2026-06-24 13:50:20.517 | WARNING  | 20424:6164 | __main__:resp_jsl:349 - 请求失败（尝试 9/10）: expected string or bytes-like object
2026-06-24 13:50:20.517 | WARNING  | 20424:6164 | __main__:resp_jsl:349 - 请求失败（尝试 10/10）: expected string or bytes-like object
2026-06-24 13:50:49.100 | INFO     | 20424:6164 | __main__:close_mongo_connection:1721 - MongoDB连接已关闭
2026-06-24 13:51:04.444 | INFO     | 25012:13604 | __main__:next_login:1731 - 使用账号: 18965736502
2026-06-24 13:53:45.627 | INFO     | 25012:13604 | __main__:close_mongo_connection:1721 - MongoDB连接已关闭
2026-06-24 13:54:01.932 | INFO     | 17744:21696 | __main__:next_login:1788 - 使用账号: 18965736502
2026-06-24 13:54:02.026 | WARNING  | 17744:21696 | __main__:resp_jsl:406 - 请求失败（尝试 1/10）: expected string or bytes-like object
2026-06-24 13:54:02.026 | WARNING  | 17744:21696 | __main__:resp_jsl:406 - 请求失败（尝试 2/10）: expected string or bytes-like object
2026-06-24 13:54:02.026 | WARNING  | 17744:21696 | __main__:resp_jsl:406 - 请求失败（尝试 3/10）: expected string or bytes-like object
2026-06-24 13:54:02.026 | WARNING  | 17744:21696 | __main__:resp_jsl:406 - 请求失败（尝试 4/10）: expected string or bytes-like object
2026-06-24 13:54:02.026 | WARNING  | 17744:21696 | __main__:resp_jsl:406 - 请求失败（尝试 5/10）: expected string or bytes-like object
2026-06-24 13:54:02.026 | WARNING  | 17744:21696 | __main__:resp_jsl:406 - 请求失败（尝试 6/10）: expected string or bytes-like object
2026-06-24 13:54:02.027 | WARNING  | 17744:21696 | __main__:resp_jsl:406 - 请求失败（尝试 7/10）: expected string or bytes-like object
2026-06-24 13:54:02.027 | WARNING  | 17744:21696 | __main__:resp_jsl:406 - 请求失败（尝试 8/10）: expected string or bytes-like object
2026-06-24 13:54:02.027 | WARNING  | 17744:21696 | __main__:resp_jsl:406 - 请求失败（尝试 9/10）: expected string or bytes-like object
2026-06-24 13:54:02.027 | WARNING  | 17744:21696 | __main__:resp_jsl:406 - 请求失败（尝试 10/10）: expected string or bytes-like object
2026-06-24 13:54:02.027 | WARNING  | 17744:21696 | __main__:main_qe:521 - 请求失败（尝试 1/10）: expected string or bytes-like object
2026-06-24 13:54:02.115 | WARNING  | 17744:21696 | __main__:resp_jsl:406 - 请求失败（尝试 1/10）: expected string or bytes-like object
2026-06-24 13:54:02.115 | WARNING  | 17744:21696 | __main__:resp_jsl:406 - 请求失败（尝试 2/10）: expected string or bytes-like object
2026-06-24 13:54:02.115 | WARNING  | 17744:21696 | __main__:resp_jsl:406 - 请求失败（尝试 3/10）: expected string or bytes-like object
2026-06-24 13:54:02.115 | WARNING  | 17744:21696 | __main__:resp_jsl:406 - 请求失败（尝试 4/10）: expected string or bytes-like object
2026-06-24 13:54:02.115 | WARNING  | 17744:21696 | __main__:resp_jsl:406 - 请求失败（尝试 5/10）: expected string or bytes-like object
2026-06-24 13:54:02.115 | WARNING  | 17744:21696 | __main__:resp_jsl:406 - 请求失败（尝试 6/10）: expected string or bytes-like object
2026-06-24 13:54:02.115 | WARNING  | 17744:21696 | __main__:resp_jsl:406 - 请求失败（尝试 7/10）: expected string or bytes-like object
2026-06-24 13:54:02.115 | WARNING  | 17744:21696 | __main__:resp_jsl:406 - 请求失败（尝试 8/10）: expected string or bytes-like object
2026-06-24 13:54:02.115 | WARNING  | 17744:21696 | __main__:resp_jsl:406 - 请求失败（尝试 9/10）: expected string or bytes-like object
2026-06-24 13:54:02.115 | WARNING  | 17744:21696 | __main__:resp_jsl:406 - 请求失败（尝试 10/10）: expected string or bytes-like object
2026-06-24 13:54:02.116 | WARNING  | 17744:21696 | __main__:main_qe:521 - 请求失败（尝试 2/10）: expected string or bytes-like object
2026-06-24 13:54:02.199 | WARNING  | 17744:21696 | __main__:resp_jsl:406 - 请求失败（尝试 1/10）: expected string or bytes-like object
2026-06-24 13:54:02.200 | WARNING  | 17744:21696 | __main__:resp_jsl:406 - 请求失败（尝试 2/10）: expected string or bytes-like object
2026-06-24 13:54:02.200 | WARNING  | 17744:21696 | __main__:resp_jsl:406 - 请求失败（尝试 3/10）: expected string or bytes-like object
2026-06-24 13:54:02.200 | WARNING  | 17744:21696 | __main__:resp_jsl:406 - 请求失败（尝试 4/10）: expected string or bytes-like object
2026-06-24 13:54:02.200 | WARNING  | 17744:21696 | __main__:resp_jsl:406 - 请求失败（尝试 5/10）: expected string or bytes-like object
2026-06-24 13:54:02.200 | WARNING  | 17744:21696 | __main__:resp_jsl:406 - 请求失败（尝试 6/10）: expected string or bytes-like object
2026-06-24 13:54:02.200 | WARNING  | 17744:21696 | __main__:resp_jsl:406 - 请求失败（尝试 7/10）: expected string or bytes-like object
2026-06-24 13:54:02.200 | WARNING  | 17744:21696 | __main__:resp_jsl:406 - 请求失败（尝试 8/10）: expected string or bytes-like object
2026-06-24 13:54:02.200 | WARNING  | 17744:21696 | __main__:resp_jsl:406 - 请求失败（尝试 9/10）: expected string or bytes-like object
2026-06-24 13:54:02.200 | WARNING  | 17744:21696 | __main__:resp_jsl:406 - 请求失败（尝试 10/10）: expected string or bytes-like object
2026-06-24 13:54:02.200 | WARNING  | 17744:21696 | __main__:main_qe:521 - 请求失败（尝试 3/10）: expected string or bytes-like object
2026-06-24 13:54:02.303 | WARNING  | 17744:21696 | __main__:resp_jsl:406 - 请求失败（尝试 1/10）: expected string or bytes-like object
2026-06-24 13:54:02.303 | WARNING  | 17744:21696 | __main__:resp_jsl:406 - 请求失败（尝试 2/10）: expected string or bytes-like object
2026-06-24 13:54:02.303 | WARNING  | 17744:21696 | __main__:resp_jsl:406 - 请求失败（尝试 3/10）: expected string or bytes-like object
2026-06-24 13:54:02.304 | WARNING  | 17744:21696 | __main__:resp_jsl:406 - 请求失败（尝试 4/10）: expected string or bytes-like object
2026-06-24 13:54:02.304 | WARNING  | 17744:21696 | __main__:resp_jsl:406 - 请求失败（尝试 5/10）: expected string or bytes-like object
2026-06-24 13:54:02.304 | WARNING  | 17744:21696 | __main__:resp_jsl:406 - 请求失败（尝试 6/10）: expected string or bytes-like object
2026-06-24 13:54:02.304 | WARNING  | 17744:21696 | __main__:resp_jsl:406 - 请求失败（尝试 7/10）: expected string or bytes-like object
2026-06-24 13:54:02.304 | WARNING  | 17744:21696 | __main__:resp_jsl:406 - 请求失败（尝试 8/10）: expected string or bytes-like object
2026-06-24 13:54:02.304 | WARNING  | 17744:21696 | __main__:resp_jsl:406 - 请求失败（尝试 9/10）: expected string or bytes-like object
2026-06-24 13:54:02.304 | WARNING  | 17744:21696 | __main__:resp_jsl:406 - 请求失败（尝试 10/10）: expected string or bytes-like object
2026-06-24 13:54:02.304 | WARNING  | 17744:21696 | __main__:main_qe:521 - 请求失败（尝试 4/10）: expected string or bytes-like object
2026-06-24 13:54:02.425 | WARNING  | 17744:21696 | __main__:resp_jsl:406 - 请求失败（尝试 1/10）: expected string or bytes-like object
2026-06-24 13:54:02.425 | WARNING  | 17744:21696 | __main__:resp_jsl:406 - 请求失败（尝试 2/10）: expected string or bytes-like object
2026-06-24 13:54:02.425 | WARNING  | 17744:21696 | __main__:resp_jsl:406 - 请求失败（尝试 3/10）: expected string or bytes-like object
2026-06-24 13:54:02.425 | WARNING  | 17744:21696 | __main__:resp_jsl:406 - 请求失败（尝试 4/10）: expected string or bytes-like object
2026-06-24 13:54:02.425 | WARNING  | 17744:21696 | __main__:resp_jsl:406 - 请求失败（尝试 5/10）: expected string or bytes-like object
2026-06-24 13:54:02.425 | WARNING  | 17744:21696 | __main__:resp_jsl:406 - 请求失败（尝试 6/10）: expected string or bytes-like object
2026-06-24 13:54:02.425 | WARNING  | 17744:21696 | __main__:resp_jsl:406 - 请求失败（尝试 7/10）: expected string or bytes-like object
2026-06-24 13:54:02.425 | WARNING  | 17744:21696 | __main__:resp_jsl:406 - 请求失败（尝试 8/10）: expected string or bytes-like object
2026-06-24 13:54:02.425 | WARNING  | 17744:21696 | __main__:resp_jsl:406 - 请求失败（尝试 9/10）: expected string or bytes-like object
2026-06-24 13:54:02.425 | WARNING  | 17744:21696 | __main__:resp_jsl:406 - 请求失败（尝试 10/10）: expected string or bytes-like object
2026-06-24 13:54:02.425 | WARNING  | 17744:21696 | __main__:main_qe:521 - 请求失败（尝试 5/10）: expected string or bytes-like object
2026-06-24 13:54:02.499 | WARNING  | 17744:21696 | __main__:resp_jsl:406 - 请求失败（尝试 1/10）: expected string or bytes-like object
2026-06-24 13:54:02.499 | WARNING  | 17744:21696 | __main__:resp_jsl:406 - 请求失败（尝试 2/10）: expected string or bytes-like object
2026-06-24 13:54:02.499 | WARNING  | 17744:21696 | __main__:resp_jsl:406 - 请求失败（尝试 3/10）: expected string or bytes-like object
2026-06-24 13:54:02.499 | WARNING  | 17744:21696 | __main__:resp_jsl:406 - 请求失败（尝试 4/10）: expected string or bytes-like object
2026-06-24 13:54:02.500 | WARNING  | 17744:21696 | __main__:resp_jsl:406 - 请求失败（尝试 5/10）: expected string or bytes-like object
2026-06-24 13:54:02.500 | WARNING  | 17744:21696 | __main__:resp_jsl:406 - 请求失败（尝试 6/10）: expected string or bytes-like object
2026-06-24 13:54:02.500 | WARNING  | 17744:21696 | __main__:resp_jsl:406 - 请求失败（尝试 7/10）: expected string or bytes-like object
2026-06-24 13:54:02.500 | WARNING  | 17744:21696 | __main__:resp_jsl:406 - 请求失败（尝试 8/10）: expected string or bytes-like object
2026-06-24 13:54:02.500 | WARNING  | 17744:21696 | __main__:resp_jsl:406 - 请求失败（尝试 9/10）: expected string or bytes-like object
2026-06-24 13:54:02.500 | WARNING  | 17744:21696 | __main__:resp_jsl:406 - 请求失败（尝试 10/10）: expected string or bytes-like object
2026-06-24 13:54:02.500 | WARNING  | 17744:21696 | __main__:main_qe:521 - 请求失败（尝试 6/10）: expected string or bytes-like object
2026-06-24 13:54:02.608 | WARNING  | 17744:21696 | __main__:resp_jsl:406 - 请求失败（尝试 1/10）: expected string or bytes-like object
2026-06-24 13:54:02.609 | WARNING  | 17744:21696 | __main__:resp_jsl:406 - 请求失败（尝试 2/10）: expected string or bytes-like object
2026-06-24 13:54:02.609 | WARNING  | 17744:21696 | __main__:resp_jsl:406 - 请求失败（尝试 3/10）: expected string or bytes-like object
2026-06-24 13:54:02.609 | WARNING  | 17744:21696 | __main__:resp_jsl:406 - 请求失败（尝试 4/10）: expected string or bytes-like object
2026-06-24 13:54:02.609 | WARNING  | 17744:21696 | __main__:resp_jsl:406 - 请求失败（尝试 5/10）: expected string or bytes-like object
2026-06-24 13:54:02.609 | WARNING  | 17744:21696 | __main__:resp_jsl:406 - 请求失败（尝试 6/10）: expected string or bytes-like object
2026-06-24 13:54:02.609 | WARNING  | 17744:21696 | __main__:resp_jsl:406 - 请求失败（尝试 7/10）: expected string or bytes-like object
2026-06-24 13:54:02.609 | WARNING  | 17744:21696 | __main__:resp_jsl:406 - 请求失败（尝试 8/10）: expected string or bytes-like object
2026-06-24 13:54:02.610 | WARNING  | 17744:21696 | __main__:resp_jsl:406 - 请求失败（尝试 9/10）: expected string or bytes-like object
2026-06-24 13:54:02.610 | WARNING  | 17744:21696 | __main__:resp_jsl:406 - 请求失败（尝试 10/10）: expected string or bytes-like object
2026-06-24 13:54:02.610 | WARNING  | 17744:21696 | __main__:main_qe:521 - 请求失败（尝试 7/10）: expected string or bytes-like object
2026-06-24 13:54:02.690 | WARNING  | 17744:21696 | __main__:resp_jsl:406 - 请求失败（尝试 1/10）: expected string or bytes-like object
2026-06-24 13:54:02.690 | WARNING  | 17744:21696 | __main__:resp_jsl:406 - 请求失败（尝试 2/10）: expected string or bytes-like object
2026-06-24 13:54:02.690 | WARNING  | 17744:21696 | __main__:resp_jsl:406 - 请求失败（尝试 3/10）: expected string or bytes-like object
2026-06-24 13:54:02.690 | WARNING  | 17744:21696 | __main__:resp_jsl:406 - 请求失败（尝试 4/10）: expected string or bytes-like object
2026-06-24 13:54:02.690 | WARNING  | 17744:21696 | __main__:resp_jsl:406 - 请求失败（尝试 5/10）: expected string or bytes-like object
2026-06-24 13:54:02.690 | WARNING  | 17744:21696 | __main__:resp_jsl:406 - 请求失败（尝试 6/10）: expected string or bytes-like object
2026-06-24 13:54:02.690 | WARNING  | 17744:21696 | __main__:resp_jsl:406 - 请求失败（尝试 7/10）: expected string or bytes-like object
2026-06-24 13:54:02.690 | WARNING  | 17744:21696 | __main__:resp_jsl:406 - 请求失败（尝试 8/10）: expected string or bytes-like object
2026-06-24 13:54:02.690 | WARNING  | 17744:21696 | __main__:resp_jsl:406 - 请求失败（尝试 9/10）: expected string or bytes-like object
2026-06-24 13:54:02.690 | WARNING  | 17744:21696 | __main__:resp_jsl:406 - 请求失败（尝试 10/10）: expected string or bytes-like object
2026-06-24 13:54:02.691 | WARNING  | 17744:21696 | __main__:main_qe:521 - 请求失败（尝试 8/10）: expected string or bytes-like object
2026-06-24 13:54:02.783 | WARNING  | 17744:21696 | __main__:resp_jsl:406 - 请求失败（尝试 1/10）: expected string or bytes-like object
2026-06-24 13:54:02.783 | WARNING  | 17744:21696 | __main__:resp_jsl:406 - 请求失败（尝试 2/10）: expected string or bytes-like object
2026-06-24 13:54:02.783 | WARNING  | 17744:21696 | __main__:resp_jsl:406 - 请求失败（尝试 3/10）: expected string or bytes-like object
2026-06-24 13:54:02.783 | WARNING  | 17744:21696 | __main__:resp_jsl:406 - 请求失败（尝试 4/10）: expected string or bytes-like object
2026-06-24 13:54:02.783 | WARNING  | 17744:21696 | __main__:resp_jsl:406 - 请求失败（尝试 5/10）: expected string or bytes-like object
2026-06-24 13:54:02.783 | WARNING  | 17744:21696 | __main__:resp_jsl:406 - 请求失败（尝试 6/10）: expected string or bytes-like object
2026-06-24 13:54:02.783 | WARNING  | 17744:21696 | __main__:resp_jsl:406 - 请求失败（尝试 7/10）: expected string or bytes-like object
2026-06-24 13:54:02.783 | WARNING  | 17744:21696 | __main__:resp_jsl:406 - 请求失败（尝试 8/10）: expected string or bytes-like object
2026-06-24 13:54:02.783 | WARNING  | 17744:21696 | __main__:resp_jsl:406 - 请求失败（尝试 9/10）: expected string or bytes-like object
2026-06-24 13:54:02.783 | WARNING  | 17744:21696 | __main__:resp_jsl:406 - 请求失败（尝试 10/10）: expected string or bytes-like object
2026-06-24 13:54:02.783 | WARNING  | 17744:21696 | __main__:main_qe:521 - 请求失败（尝试 9/10）: expected string or bytes-like object
2026-06-24 13:54:02.846 | WARNING  | 17744:21696 | __main__:resp_jsl:406 - 请求失败（尝试 1/10）: expected string or bytes-like object
2026-06-24 13:54:02.846 | WARNING  | 17744:21696 | __main__:resp_jsl:406 - 请求失败（尝试 2/10）: expected string or bytes-like object
2026-06-24 13:54:02.846 | WARNING  | 17744:21696 | __main__:resp_jsl:406 - 请求失败（尝试 3/10）: expected string or bytes-like object
2026-06-24 13:54:02.846 | WARNING  | 17744:21696 | __main__:resp_jsl:406 - 请求失败（尝试 4/10）: expected string or bytes-like object
2026-06-24 13:54:02.847 | WARNING  | 17744:21696 | __main__:resp_jsl:406 - 请求失败（尝试 5/10）: expected string or bytes-like object
2026-06-24 13:54:02.847 | WARNING  | 17744:21696 | __main__:resp_jsl:406 - 请求失败（尝试 6/10）: expected string or bytes-like object
2026-06-24 13:54:02.847 | WARNING  | 17744:21696 | __main__:resp_jsl:406 - 请求失败（尝试 7/10）: expected string or bytes-like object
2026-06-24 13:54:02.847 | WARNING  | 17744:21696 | __main__:resp_jsl:406 - 请求失败（尝试 8/10）: expected string or bytes-like object
2026-06-24 13:54:02.847 | WARNING  | 17744:21696 | __main__:resp_jsl:406 - 请求失败（尝试 9/10）: expected string or bytes-like object
2026-06-24 13:54:02.847 | WARNING  | 17744:21696 | __main__:resp_jsl:406 - 请求失败（尝试 10/10）: expected string or bytes-like object
2026-06-24 13:54:02.847 | WARNING  | 17744:21696 | __main__:main_qe:521 - 请求失败（尝试 10/10）: expected string or bytes-like object
2026-06-24 13:54:02.847 | INFO     | 17744:21696 | __main__:next_login:1805 - main_qe pass盾异常:expected string or bytes-like object
2026-06-24 13:54:02.847 | INFO     | 17744:21696 | __main__:main:1829 - 主流程异常: 访问首页异常！！
2026-06-24 13:54:02.847 | INFO     | 17744:21696 | __main__:close_mongo_connection:1778 - MongoDB连接已关闭
2026-06-24 13:54:18.054 | INFO     | 9960:24952 | __main__:next_login:1779 - 使用账号: 18050400868
2026-06-24 13:54:18.162 | WARNING  | 9960:24952 | __main__:resp_jsl:369 - 请求失败（尝试 1/10）: expected string or bytes-like object
2026-06-24 13:54:18.163 | WARNING  | 9960:24952 | __main__:resp_jsl:369 - 请求失败（尝试 2/10）: expected string or bytes-like object
2026-06-24 13:54:18.163 | WARNING  | 9960:24952 | __main__:resp_jsl:369 - 请求失败（尝试 3/10）: expected string or bytes-like object
2026-06-24 13:54:18.163 | WARNING  | 9960:24952 | __main__:resp_jsl:369 - 请求失败（尝试 4/10）: expected string or bytes-like object
2026-06-24 13:54:18.163 | WARNING  | 9960:24952 | __main__:resp_jsl:369 - 请求失败（尝试 5/10）: expected string or bytes-like object
2026-06-24 13:54:18.163 | WARNING  | 9960:24952 | __main__:resp_jsl:369 - 请求失败（尝试 6/10）: expected string or bytes-like object
2026-06-24 13:54:18.164 | WARNING  | 9960:24952 | __main__:resp_jsl:369 - 请求失败（尝试 7/10）: expected string or bytes-like object
2026-06-24 13:54:18.164 | WARNING  | 9960:24952 | __main__:resp_jsl:369 - 请求失败（尝试 8/10）: expected string or bytes-like object
2026-06-24 13:54:18.164 | WARNING  | 9960:24952 | __main__:resp_jsl:369 - 请求失败（尝试 9/10）: expected string or bytes-like object
2026-06-24 13:54:18.164 | WARNING  | 9960:24952 | __main__:resp_jsl:369 - 请求失败（尝试 10/10）: expected string or bytes-like object
2026-06-24 13:54:18.165 | WARNING  | 9960:24952 | __main__:main_qe:490 - 请求失败（尝试 1/10）: expected string or bytes-like object
2026-06-24 13:54:18.330 | WARNING  | 9960:24952 | __main__:resp_jsl:369 - 请求失败（尝试 1/10）: expected string or bytes-like object
2026-06-24 13:54:18.330 | WARNING  | 9960:24952 | __main__:resp_jsl:369 - 请求失败（尝试 2/10）: expected string or bytes-like object
2026-06-24 13:54:18.330 | WARNING  | 9960:24952 | __main__:resp_jsl:369 - 请求失败（尝试 3/10）: expected string or bytes-like object
2026-06-24 13:54:18.331 | WARNING  | 9960:24952 | __main__:resp_jsl:369 - 请求失败（尝试 4/10）: expected string or bytes-like object
2026-06-24 13:54:18.331 | WARNING  | 9960:24952 | __main__:resp_jsl:369 - 请求失败（尝试 5/10）: expected string or bytes-like object
2026-06-24 13:54:18.331 | WARNING  | 9960:24952 | __main__:resp_jsl:369 - 请求失败（尝试 6/10）: expected string or bytes-like object
2026-06-24 13:54:18.331 | WARNING  | 9960:24952 | __main__:resp_jsl:369 - 请求失败（尝试 7/10）: expected string or bytes-like object
2026-06-24 13:54:18.332 | WARNING  | 9960:24952 | __main__:resp_jsl:369 - 请求失败（尝试 8/10）: expected string or bytes-like object
2026-06-24 13:54:18.332 | WARNING  | 9960:24952 | __main__:resp_jsl:369 - 请求失败（尝试 9/10）: expected string or bytes-like object
2026-06-24 13:54:18.332 | WARNING  | 9960:24952 | __main__:resp_jsl:369 - 请求失败（尝试 10/10）: expected string or bytes-like object
2026-06-24 13:54:18.332 | WARNING  | 9960:24952 | __main__:main_qe:490 - 请求失败（尝试 2/10）: expected string or bytes-like object
2026-06-24 13:54:18.367 | WARNING  | 9960:24952 | __main__:resp_jsl:369 - 请求失败（尝试 1/10）: expected string or bytes-like object
2026-06-24 13:54:18.367 | WARNING  | 9960:24952 | __main__:resp_jsl:369 - 请求失败（尝试 2/10）: expected string or bytes-like object
2026-06-24 13:54:18.368 | WARNING  | 9960:24952 | __main__:resp_jsl:369 - 请求失败（尝试 3/10）: expected string or bytes-like object
2026-06-24 13:54:18.368 | WARNING  | 9960:24952 | __main__:resp_jsl:369 - 请求失败（尝试 4/10）: expected string or bytes-like object
2026-06-24 13:54:18.368 | WARNING  | 9960:24952 | __main__:resp_jsl:369 - 请求失败（尝试 5/10）: expected string or bytes-like object
2026-06-24 13:54:18.368 | WARNING  | 9960:24952 | __main__:resp_jsl:369 - 请求失败（尝试 6/10）: expected string or bytes-like object
2026-06-24 13:54:18.368 | WARNING  | 9960:24952 | __main__:resp_jsl:369 - 请求失败（尝试 7/10）: expected string or bytes-like object
2026-06-24 13:54:18.369 | WARNING  | 9960:24952 | __main__:resp_jsl:369 - 请求失败（尝试 8/10）: expected string or bytes-like object
2026-06-24 13:54:18.369 | WARNING  | 9960:24952 | __main__:resp_jsl:369 - 请求失败（尝试 9/10）: expected string or bytes-like object
2026-06-24 13:54:18.369 | WARNING  | 9960:24952 | __main__:resp_jsl:369 - 请求失败（尝试 10/10）: expected string or bytes-like object
2026-06-24 13:54:18.369 | WARNING  | 9960:24952 | __main__:main_qe:490 - 请求失败（尝试 3/10）: expected string or bytes-like object
2026-06-24 13:54:18.408 | WARNING  | 9960:24952 | __main__:resp_jsl:369 - 请求失败（尝试 1/10）: expected string or bytes-like object
2026-06-24 13:54:18.408 | WARNING  | 9960:24952 | __main__:resp_jsl:369 - 请求失败（尝试 2/10）: expected string or bytes-like object
2026-06-24 13:54:18.408 | WARNING  | 9960:24952 | __main__:resp_jsl:369 - 请求失败（尝试 3/10）: expected string or bytes-like object
2026-06-24 13:54:18.408 | WARNING  | 9960:24952 | __main__:resp_jsl:369 - 请求失败（尝试 4/10）: expected string or bytes-like object
2026-06-24 13:54:18.408 | WARNING  | 9960:24952 | __main__:resp_jsl:369 - 请求失败（尝试 5/10）: expected string or bytes-like object
2026-06-24 13:54:18.409 | WARNING  | 9960:24952 | __main__:resp_jsl:369 - 请求失败（尝试 6/10）: expected string or bytes-like object
2026-06-24 13:54:18.409 | WARNING  | 9960:24952 | __main__:resp_jsl:369 - 请求失败（尝试 7/10）: expected string or bytes-like object
2026-06-24 13:54:18.409 | WARNING  | 9960:24952 | __main__:resp_jsl:369 - 请求失败（尝试 8/10）: expected string or bytes-like object
2026-06-24 13:54:18.409 | WARNING  | 9960:24952 | __main__:resp_jsl:369 - 请求失败（尝试 9/10）: expected string or bytes-like object
2026-06-24 13:54:18.409 | WARNING  | 9960:24952 | __main__:resp_jsl:369 - 请求失败（尝试 10/10）: expected string or bytes-like object
2026-06-24 13:54:18.409 | WARNING  | 9960:24952 | __main__:main_qe:490 - 请求失败（尝试 4/10）: expected string or bytes-like object
2026-06-24 13:54:18.445 | WARNING  | 9960:24952 | __main__:resp_jsl:369 - 请求失败（尝试 1/10）: expected string or bytes-like object
2026-06-24 13:54:18.446 | WARNING  | 9960:24952 | __main__:resp_jsl:369 - 请求失败（尝试 2/10）: expected string or bytes-like object
2026-06-24 13:54:18.446 | WARNING  | 9960:24952 | __main__:resp_jsl:369 - 请求失败（尝试 3/10）: expected string or bytes-like object
2026-06-24 13:54:18.446 | WARNING  | 9960:24952 | __main__:resp_jsl:369 - 请求失败（尝试 4/10）: expected string or bytes-like object
2026-06-24 13:54:18.446 | WARNING  | 9960:24952 | __main__:resp_jsl:369 - 请求失败（尝试 5/10）: expected string or bytes-like object
2026-06-24 13:54:18.446 | WARNING  | 9960:24952 | __main__:resp_jsl:369 - 请求失败（尝试 6/10）: expected string or bytes-like object
2026-06-24 13:54:18.446 | WARNING  | 9960:24952 | __main__:resp_jsl:369 - 请求失败（尝试 7/10）: expected string or bytes-like object
2026-06-24 13:54:18.446 | WARNING  | 9960:24952 | __main__:resp_jsl:369 - 请求失败（尝试 8/10）: expected string or bytes-like object
2026-06-24 13:54:18.446 | WARNING  | 9960:24952 | __main__:resp_jsl:369 - 请求失败（尝试 9/10）: expected string or bytes-like object
2026-06-24 13:54:18.446 | WARNING  | 9960:24952 | __main__:resp_jsl:369 - 请求失败（尝试 10/10）: expected string or bytes-like object
2026-06-24 13:54:18.446 | WARNING  | 9960:24952 | __main__:main_qe:490 - 请求失败（尝试 5/10）: expected string or bytes-like object
2026-06-24 13:54:18.480 | WARNING  | 9960:24952 | __main__:resp_jsl:369 - 请求失败（尝试 1/10）: expected string or bytes-like object
2026-06-24 13:54:18.480 | WARNING  | 9960:24952 | __main__:resp_jsl:369 - 请求失败（尝试 2/10）: expected string or bytes-like object
2026-06-24 13:54:18.480 | WARNING  | 9960:24952 | __main__:resp_jsl:369 - 请求失败（尝试 3/10）: expected string or bytes-like object
2026-06-24 13:54:18.481 | WARNING  | 9960:24952 | __main__:resp_jsl:369 - 请求失败（尝试 4/10）: expected string or bytes-like object
2026-06-24 13:54:18.481 | WARNING  | 9960:24952 | __main__:resp_jsl:369 - 请求失败（尝试 5/10）: expected string or bytes-like object
2026-06-24 13:54:18.481 | WARNING  | 9960:24952 | __main__:resp_jsl:369 - 请求失败（尝试 6/10）: expected string or bytes-like object
2026-06-24 13:54:18.481 | WARNING  | 9960:24952 | __main__:resp_jsl:369 - 请求失败（尝试 7/10）: expected string or bytes-like object
2026-06-24 13:54:18.481 | WARNING  | 9960:24952 | __main__:resp_jsl:369 - 请求失败（尝试 8/10）: expected string or bytes-like object
2026-06-24 13:54:18.483 | WARNING  | 9960:24952 | __main__:resp_jsl:369 - 请求失败（尝试 9/10）: expected string or bytes-like object
2026-06-24 13:54:18.483 | WARNING  | 9960:24952 | __main__:resp_jsl:369 - 请求失败（尝试 10/10）: expected string or bytes-like object
2026-06-24 13:54:18.483 | WARNING  | 9960:24952 | __main__:main_qe:490 - 请求失败（尝试 6/10）: expected string or bytes-like object
2026-06-24 13:54:18.520 | WARNING  | 9960:24952 | __main__:resp_jsl:369 - 请求失败（尝试 1/10）: expected string or bytes-like object
2026-06-24 13:54:18.521 | WARNING  | 9960:24952 | __main__:resp_jsl:369 - 请求失败（尝试 2/10）: expected string or bytes-like object
2026-06-24 13:54:18.521 | WARNING  | 9960:24952 | __main__:resp_jsl:369 - 请求失败（尝试 3/10）: expected string or bytes-like object
2026-06-24 13:54:18.521 | WARNING  | 9960:24952 | __main__:resp_jsl:369 - 请求失败（尝试 4/10）: expected string or bytes-like object
2026-06-24 13:54:18.521 | WARNING  | 9960:24952 | __main__:resp_jsl:369 - 请求失败（尝试 5/10）: expected string or bytes-like object
2026-06-24 13:54:18.522 | WARNING  | 9960:24952 | __main__:resp_jsl:369 - 请求失败（尝试 6/10）: expected string or bytes-like object
2026-06-24 13:54:18.522 | WARNING  | 9960:24952 | __main__:resp_jsl:369 - 请求失败（尝试 7/10）: expected string or bytes-like object
2026-06-24 13:54:18.522 | WARNING  | 9960:24952 | __main__:resp_jsl:369 - 请求失败（尝试 8/10）: expected string or bytes-like object
2026-06-24 13:54:18.522 | WARNING  | 9960:24952 | __main__:resp_jsl:369 - 请求失败（尝试 9/10）: expected string or bytes-like object
2026-06-24 13:54:18.522 | WARNING  | 9960:24952 | __main__:resp_jsl:369 - 请求失败（尝试 10/10）: expected string or bytes-like object
2026-06-24 13:54:18.522 | WARNING  | 9960:24952 | __main__:main_qe:490 - 请求失败（尝试 7/10）: expected string or bytes-like object
2026-06-24 13:54:18.558 | WARNING  | 9960:24952 | __main__:resp_jsl:369 - 请求失败（尝试 1/10）: expected string or bytes-like object
2026-06-24 13:54:18.558 | WARNING  | 9960:24952 | __main__:resp_jsl:369 - 请求失败（尝试 2/10）: expected string or bytes-like object
2026-06-24 13:54:18.558 | WARNING  | 9960:24952 | __main__:resp_jsl:369 - 请求失败（尝试 3/10）: expected string or bytes-like object
2026-06-24 13:54:18.559 | WARNING  | 9960:24952 | __main__:resp_jsl:369 - 请求失败（尝试 4/10）: expected string or bytes-like object
2026-06-24 13:54:18.559 | WARNING  | 9960:24952 | __main__:resp_jsl:369 - 请求失败（尝试 5/10）: expected string or bytes-like object
2026-06-24 13:54:18.559 | WARNING  | 9960:24952 | __main__:resp_jsl:369 - 请求失败（尝试 6/10）: expected string or bytes-like object
2026-06-24 13:54:18.559 | WARNING  | 9960:24952 | __main__:resp_jsl:369 - 请求失败（尝试 7/10）: expected string or bytes-like object
2026-06-24 13:54:18.560 | WARNING  | 9960:24952 | __main__:resp_jsl:369 - 请求失败（尝试 8/10）: expected string or bytes-like object
2026-06-24 13:54:18.560 | WARNING  | 9960:24952 | __main__:resp_jsl:369 - 请求失败（尝试 9/10）: expected string or bytes-like object
2026-06-24 13:54:18.560 | WARNING  | 9960:24952 | __main__:resp_jsl:369 - 请求失败（尝试 10/10）: expected string or bytes-like object
2026-06-24 13:54:18.560 | WARNING  | 9960:24952 | __main__:main_qe:490 - 请求失败（尝试 8/10）: expected string or bytes-like object
2026-06-24 13:54:18.597 | WARNING  | 9960:24952 | __main__:resp_jsl:369 - 请求失败（尝试 1/10）: expected string or bytes-like object
2026-06-24 13:54:18.597 | WARNING  | 9960:24952 | __main__:resp_jsl:369 - 请求失败（尝试 2/10）: expected string or bytes-like object
2026-06-24 13:54:18.597 | WARNING  | 9960:24952 | __main__:resp_jsl:369 - 请求失败（尝试 3/10）: expected string or bytes-like object
2026-06-24 13:54:18.597 | WARNING  | 9960:24952 | __main__:resp_jsl:369 - 请求失败（尝试 4/10）: expected string or bytes-like object
2026-06-24 13:54:18.597 | WARNING  | 9960:24952 | __main__:resp_jsl:369 - 请求失败（尝试 5/10）: expected string or bytes-like object
2026-06-24 13:54:18.597 | WARNING  | 9960:24952 | __main__:resp_jsl:369 - 请求失败（尝试 6/10）: expected string or bytes-like object
2026-06-24 13:54:18.597 | WARNING  | 9960:24952 | __main__:resp_jsl:369 - 请求失败（尝试 7/10）: expected string or bytes-like object
2026-06-24 13:54:18.598 | WARNING  | 9960:24952 | __main__:resp_jsl:369 - 请求失败（尝试 8/10）: expected string or bytes-like object
2026-06-24 13:54:18.598 | WARNING  | 9960:24952 | __main__:resp_jsl:369 - 请求失败（尝试 9/10）: expected string or bytes-like object
2026-06-24 13:54:18.598 | WARNING  | 9960:24952 | __main__:resp_jsl:369 - 请求失败（尝试 10/10）: expected string or bytes-like object
2026-06-24 13:54:18.598 | WARNING  | 9960:24952 | __main__:main_qe:490 - 请求失败（尝试 9/10）: expected string or bytes-like object
2026-06-24 13:54:18.635 | WARNING  | 9960:24952 | __main__:resp_jsl:369 - 请求失败（尝试 1/10）: expected string or bytes-like object
2026-06-24 13:54:18.635 | WARNING  | 9960:24952 | __main__:resp_jsl:369 - 请求失败（尝试 2/10）: expected string or bytes-like object
2026-06-24 13:54:18.635 | WARNING  | 9960:24952 | __main__:resp_jsl:369 - 请求失败（尝试 3/10）: expected string or bytes-like object
2026-06-24 13:54:18.636 | WARNING  | 9960:24952 | __main__:resp_jsl:369 - 请求失败（尝试 4/10）: expected string or bytes-like object
2026-06-24 13:54:18.636 | WARNING  | 9960:24952 | __main__:resp_jsl:369 - 请求失败（尝试 5/10）: expected string or bytes-like object
2026-06-24 13:54:18.636 | WARNING  | 9960:24952 | __main__:resp_jsl:369 - 请求失败（尝试 6/10）: expected string or bytes-like object
2026-06-24 13:54:18.636 | WARNING  | 9960:24952 | __main__:resp_jsl:369 - 请求失败（尝试 7/10）: expected string or bytes-like object
2026-06-24 13:54:18.637 | WARNING  | 9960:24952 | __main__:resp_jsl:369 - 请求失败（尝试 8/10）: expected string or bytes-like object
2026-06-24 13:54:18.637 | WARNING  | 9960:24952 | __main__:resp_jsl:369 - 请求失败（尝试 9/10）: expected string or bytes-like object
2026-06-24 13:54:18.637 | WARNING  | 9960:24952 | __main__:resp_jsl:369 - 请求失败（尝试 10/10）: expected string or bytes-like object
2026-06-24 13:54:18.637 | WARNING  | 9960:24952 | __main__:main_qe:490 - 请求失败（尝试 10/10）: expected string or bytes-like object
2026-06-24 13:54:18.638 | INFO     | 9960:24952 | __main__:next_login:1797 - main_qe pass盾异常:expected string or bytes-like object
2026-06-24 13:54:18.638 | INFO     | 9960:24952 | __main__:main:1820 - 主流程异常: 访问首页异常！！
2026-06-24 13:54:18.639 | INFO     | 9960:24952 | __main__:close_mongo_connection:1769 - MongoDB连接已关闭
2026-06-24 13:56:12.580 | INFO     | 23008:20684 | __main__:next_login:1778 - 使用账号: 18050400868
2026-06-24 13:56:12.681 | WARNING  | 23008:20684 | __main__:resp_jsl:369 - 请求失败（尝试 1/10）: expected string or bytes-like object
2026-06-24 13:56:12.681 | WARNING  | 23008:20684 | __main__:resp_jsl:369 - 请求失败（尝试 2/10）: expected string or bytes-like object
2026-06-24 13:56:12.682 | WARNING  | 23008:20684 | __main__:resp_jsl:369 - 请求失败（尝试 3/10）: expected string or bytes-like object
2026-06-24 13:56:12.682 | WARNING  | 23008:20684 | __main__:resp_jsl:369 - 请求失败（尝试 4/10）: expected string or bytes-like object
2026-06-24 13:56:12.682 | WARNING  | 23008:20684 | __main__:resp_jsl:369 - 请求失败（尝试 5/10）: expected string or bytes-like object
2026-06-24 13:56:12.682 | WARNING  | 23008:20684 | __main__:resp_jsl:369 - 请求失败（尝试 6/10）: expected string or bytes-like object
2026-06-24 13:56:12.682 | WARNING  | 23008:20684 | __main__:resp_jsl:369 - 请求失败（尝试 7/10）: expected string or bytes-like object
2026-06-24 13:56:12.682 | WARNING  | 23008:20684 | __main__:resp_jsl:369 - 请求失败（尝试 8/10）: expected string or bytes-like object
2026-06-24 13:56:12.682 | WARNING  | 23008:20684 | __main__:resp_jsl:369 - 请求失败（尝试 9/10）: expected string or bytes-like object
2026-06-24 13:56:12.682 | WARNING  | 23008:20684 | __main__:resp_jsl:369 - 请求失败（尝试 10/10）: expected string or bytes-like object
2026-06-24 13:56:12.682 | WARNING  | 23008:20684 | __main__:main_qe:490 - 请求失败（尝试 1/10）: expected string or bytes-like object
2026-06-24 13:56:12.706 | WARNING  | 23008:20684 | __main__:resp_jsl:369 - 请求失败（尝试 1/10）: expected string or bytes-like object
2026-06-24 13:56:12.706 | WARNING  | 23008:20684 | __main__:resp_jsl:369 - 请求失败（尝试 2/10）: expected string or bytes-like object
2026-06-24 13:56:12.706 | WARNING  | 23008:20684 | __main__:resp_jsl:369 - 请求失败（尝试 3/10）: expected string or bytes-like object
2026-06-24 13:56:12.706 | WARNING  | 23008:20684 | __main__:resp_jsl:369 - 请求失败（尝试 4/10）: expected string or bytes-like object
2026-06-24 13:56:12.706 | WARNING  | 23008:20684 | __main__:resp_jsl:369 - 请求失败（尝试 5/10）: expected string or bytes-like object
2026-06-24 13:56:12.706 | WARNING  | 23008:20684 | __main__:resp_jsl:369 - 请求失败（尝试 6/10）: expected string or bytes-like object
2026-06-24 13:56:12.706 | WARNING  | 23008:20684 | __main__:resp_jsl:369 - 请求失败（尝试 7/10）: expected string or bytes-like object
2026-06-24 13:56:12.706 | WARNING  | 23008:20684 | __main__:resp_jsl:369 - 请求失败（尝试 8/10）: expected string or bytes-like object
2026-06-24 13:56:12.706 | WARNING  | 23008:20684 | __main__:resp_jsl:369 - 请求失败（尝试 9/10）: expected string or bytes-like object
2026-06-24 13:56:12.706 | WARNING  | 23008:20684 | __main__:resp_jsl:369 - 请求失败（尝试 10/10）: expected string or bytes-like object
2026-06-24 13:56:12.706 | WARNING  | 23008:20684 | __main__:main_qe:490 - 请求失败（尝试 2/10）: expected string or bytes-like object
2026-06-24 13:56:12.727 | WARNING  | 23008:20684 | __main__:resp_jsl:369 - 请求失败（尝试 1/10）: expected string or bytes-like object
2026-06-24 13:56:12.727 | WARNING  | 23008:20684 | __main__:resp_jsl:369 - 请求失败（尝试 2/10）: expected string or bytes-like object
2026-06-24 13:56:12.727 | WARNING  | 23008:20684 | __main__:resp_jsl:369 - 请求失败（尝试 3/10）: expected string or bytes-like object
2026-06-24 13:56:12.727 | WARNING  | 23008:20684 | __main__:resp_jsl:369 - 请求失败（尝试 4/10）: expected string or bytes-like object
2026-06-24 13:56:12.727 | WARNING  | 23008:20684 | __main__:resp_jsl:369 - 请求失败（尝试 5/10）: expected string or bytes-like object
2026-06-24 13:56:12.727 | WARNING  | 23008:20684 | __main__:resp_jsl:369 - 请求失败（尝试 6/10）: expected string or bytes-like object
2026-06-24 13:56:12.727 | WARNING  | 23008:20684 | __main__:resp_jsl:369 - 请求失败（尝试 7/10）: expected string or bytes-like object
2026-06-24 13:56:12.728 | WARNING  | 23008:20684 | __main__:resp_jsl:369 - 请求失败（尝试 8/10）: expected string or bytes-like object
2026-06-24 13:56:12.728 | WARNING  | 23008:20684 | __main__:resp_jsl:369 - 请求失败（尝试 9/10）: expected string or bytes-like object
2026-06-24 13:56:12.728 | WARNING  | 23008:20684 | __main__:resp_jsl:369 - 请求失败（尝试 10/10）: expected string or bytes-like object
2026-06-24 13:56:12.728 | WARNING  | 23008:20684 | __main__:main_qe:490 - 请求失败（尝试 3/10）: expected string or bytes-like object
2026-06-24 13:56:12.747 | WARNING  | 23008:20684 | __main__:resp_jsl:369 - 请求失败（尝试 1/10）: expected string or bytes-like object
2026-06-24 13:56:12.747 | WARNING  | 23008:20684 | __main__:resp_jsl:369 - 请求失败（尝试 2/10）: expected string or bytes-like object
2026-06-24 13:56:12.747 | WARNING  | 23008:20684 | __main__:resp_jsl:369 - 请求失败（尝试 3/10）: expected string or bytes-like object
2026-06-24 13:56:12.748 | WARNING  | 23008:20684 | __main__:resp_jsl:369 - 请求失败（尝试 4/10）: expected string or bytes-like object
2026-06-24 13:56:12.748 | WARNING  | 23008:20684 | __main__:resp_jsl:369 - 请求失败（尝试 5/10）: expected string or bytes-like object
2026-06-24 13:56:12.748 | WARNING  | 23008:20684 | __main__:resp_jsl:369 - 请求失败（尝试 6/10）: expected string or bytes-like object
2026-06-24 13:56:12.748 | WARNING  | 23008:20684 | __main__:resp_jsl:369 - 请求失败（尝试 7/10）: expected string or bytes-like object
2026-06-24 13:56:12.748 | WARNING  | 23008:20684 | __main__:resp_jsl:369 - 请求失败（尝试 8/10）: expected string or bytes-like object
2026-06-24 13:56:12.748 | WARNING  | 23008:20684 | __main__:resp_jsl:369 - 请求失败（尝试 9/10）: expected string or bytes-like object
2026-06-24 13:56:12.748 | WARNING  | 23008:20684 | __main__:resp_jsl:369 - 请求失败（尝试 10/10）: expected string or bytes-like object
2026-06-24 13:56:12.748 | WARNING  | 23008:20684 | __main__:main_qe:490 - 请求失败（尝试 4/10）: expected string or bytes-like object
2026-06-24 13:56:12.767 | WARNING  | 23008:20684 | __main__:resp_jsl:369 - 请求失败（尝试 1/10）: expected string or bytes-like object
2026-06-24 13:56:12.767 | WARNING  | 23008:20684 | __main__:resp_jsl:369 - 请求失败（尝试 2/10）: expected string or bytes-like object
2026-06-24 13:56:12.767 | WARNING  | 23008:20684 | __main__:resp_jsl:369 - 请求失败（尝试 3/10）: expected string or bytes-like object
2026-06-24 13:56:12.768 | WARNING  | 23008:20684 | __main__:resp_jsl:369 - 请求失败（尝试 4/10）: expected string or bytes-like object
2026-06-24 13:56:12.768 | WARNING  | 23008:20684 | __main__:resp_jsl:369 - 请求失败（尝试 5/10）: expected string or bytes-like object
2026-06-24 13:56:12.768 | WARNING  | 23008:20684 | __main__:resp_jsl:369 - 请求失败（尝试 6/10）: expected string or bytes-like object
2026-06-24 13:56:12.768 | WARNING  | 23008:20684 | __main__:resp_jsl:369 - 请求失败（尝试 7/10）: expected string or bytes-like object
2026-06-24 13:56:12.768 | WARNING  | 23008:20684 | __main__:resp_jsl:369 - 请求失败（尝试 8/10）: expected string or bytes-like object
2026-06-24 13:56:12.768 | WARNING  | 23008:20684 | __main__:resp_jsl:369 - 请求失败（尝试 9/10）: expected string or bytes-like object
2026-06-24 13:56:12.768 | WARNING  | 23008:20684 | __main__:resp_jsl:369 - 请求失败（尝试 10/10）: expected string or bytes-like object
2026-06-24 13:56:12.768 | WARNING  | 23008:20684 | __main__:main_qe:490 - 请求失败（尝试 5/10）: expected string or bytes-like object
2026-06-24 13:56:12.788 | WARNING  | 23008:20684 | __main__:resp_jsl:369 - 请求失败（尝试 1/10）: expected string or bytes-like object
2026-06-24 13:56:12.788 | WARNING  | 23008:20684 | __main__:resp_jsl:369 - 请求失败（尝试 2/10）: expected string or bytes-like object
2026-06-24 13:56:12.788 | WARNING  | 23008:20684 | __main__:resp_jsl:369 - 请求失败（尝试 3/10）: expected string or bytes-like object
2026-06-24 13:56:12.788 | WARNING  | 23008:20684 | __main__:resp_jsl:369 - 请求失败（尝试 4/10）: expected string or bytes-like object
2026-06-24 13:56:12.788 | WARNING  | 23008:20684 | __main__:resp_jsl:369 - 请求失败（尝试 5/10）: expected string or bytes-like object
2026-06-24 13:56:12.788 | WARNING  | 23008:20684 | __main__:resp_jsl:369 - 请求失败（尝试 6/10）: expected string or bytes-like object
2026-06-24 13:56:12.788 | WARNING  | 23008:20684 | __main__:resp_jsl:369 - 请求失败（尝试 7/10）: expected string or bytes-like object
2026-06-24 13:56:12.788 | WARNING  | 23008:20684 | __main__:resp_jsl:369 - 请求失败（尝试 8/10）: expected string or bytes-like object
2026-06-24 13:56:12.789 | WARNING  | 23008:20684 | __main__:resp_jsl:369 - 请求失败（尝试 9/10）: expected string or bytes-like object
2026-06-24 13:56:12.789 | WARNING  | 23008:20684 | __main__:resp_jsl:369 - 请求失败（尝试 10/10）: expected string or bytes-like object
2026-06-24 13:56:12.789 | WARNING  | 23008:20684 | __main__:main_qe:490 - 请求失败（尝试 6/10）: expected string or bytes-like object
2026-06-24 13:56:12.814 | WARNING  | 23008:20684 | __main__:resp_jsl:369 - 请求失败（尝试 1/10）: expected string or bytes-like object
2026-06-24 13:56:12.814 | WARNING  | 23008:20684 | __main__:resp_jsl:369 - 请求失败（尝试 2/10）: expected string or bytes-like object
2026-06-24 13:56:12.814 | WARNING  | 23008:20684 | __main__:resp_jsl:369 - 请求失败（尝试 3/10）: expected string or bytes-like object
2026-06-24 13:56:12.814 | WARNING  | 23008:20684 | __main__:resp_jsl:369 - 请求失败（尝试 4/10）: expected string or bytes-like object
2026-06-24 13:56:12.814 | WARNING  | 23008:20684 | __main__:resp_jsl:369 - 请求失败（尝试 5/10）: expected string or bytes-like object
2026-06-24 13:56:12.814 | WARNING  | 23008:20684 | __main__:resp_jsl:369 - 请求失败（尝试 6/10）: expected string or bytes-like object
2026-06-24 13:56:12.814 | WARNING  | 23008:20684 | __main__:resp_jsl:369 - 请求失败（尝试 7/10）: expected string or bytes-like object
2026-06-24 13:56:12.814 | WARNING  | 23008:20684 | __main__:resp_jsl:369 - 请求失败（尝试 8/10）: expected string or bytes-like object
2026-06-24 13:56:12.814 | WARNING  | 23008:20684 | __main__:resp_jsl:369 - 请求失败（尝试 9/10）: expected string or bytes-like object
2026-06-24 13:56:12.814 | WARNING  | 23008:20684 | __main__:resp_jsl:369 - 请求失败（尝试 10/10）: expected string or bytes-like object
2026-06-24 13:56:12.814 | WARNING  | 23008:20684 | __main__:main_qe:490 - 请求失败（尝试 7/10）: expected string or bytes-like object
2026-06-24 13:56:12.840 | WARNING  | 23008:20684 | __main__:resp_jsl:369 - 请求失败（尝试 1/10）: expected string or bytes-like object
2026-06-24 13:56:12.840 | WARNING  | 23008:20684 | __main__:resp_jsl:369 - 请求失败（尝试 2/10）: expected string or bytes-like object
2026-06-24 13:56:12.840 | WARNING  | 23008:20684 | __main__:resp_jsl:369 - 请求失败（尝试 3/10）: expected string or bytes-like object
2026-06-24 13:56:12.840 | WARNING  | 23008:20684 | __main__:resp_jsl:369 - 请求失败（尝试 4/10）: expected string or bytes-like object
2026-06-24 13:56:12.840 | WARNING  | 23008:20684 | __main__:resp_jsl:369 - 请求失败（尝试 5/10）: expected string or bytes-like object
2026-06-24 13:56:12.840 | WARNING  | 23008:20684 | __main__:resp_jsl:369 - 请求失败（尝试 6/10）: expected string or bytes-like object
2026-06-24 13:56:12.840 | WARNING  | 23008:20684 | __main__:resp_jsl:369 - 请求失败（尝试 7/10）: expected string or bytes-like object
2026-06-24 13:56:12.840 | WARNING  | 23008:20684 | __main__:resp_jsl:369 - 请求失败（尝试 8/10）: expected string or bytes-like object
2026-06-24 13:56:12.840 | WARNING  | 23008:20684 | __main__:resp_jsl:369 - 请求失败（尝试 9/10）: expected string or bytes-like object
2026-06-24 13:56:12.840 | WARNING  | 23008:20684 | __main__:resp_jsl:369 - 请求失败（尝试 10/10）: expected string or bytes-like object
2026-06-24 13:56:12.840 | WARNING  | 23008:20684 | __main__:main_qe:490 - 请求失败（尝试 8/10）: expected string or bytes-like object
2026-06-24 13:56:12.866 | WARNING  | 23008:20684 | __main__:resp_jsl:369 - 请求失败（尝试 1/10）: expected string or bytes-like object
2026-06-24 13:56:12.866 | WARNING  | 23008:20684 | __main__:resp_jsl:369 - 请求失败（尝试 2/10）: expected string or bytes-like object
2026-06-24 13:56:12.866 | WARNING  | 23008:20684 | __main__:resp_jsl:369 - 请求失败（尝试 3/10）: expected string or bytes-like object
2026-06-24 13:56:12.866 | WARNING  | 23008:20684 | __main__:resp_jsl:369 - 请求失败（尝试 4/10）: expected string or bytes-like object
2026-06-24 13:56:12.866 | WARNING  | 23008:20684 | __main__:resp_jsl:369 - 请求失败（尝试 5/10）: expected string or bytes-like object
2026-06-24 13:56:12.866 | WARNING  | 23008:20684 | __main__:resp_jsl:369 - 请求失败（尝试 6/10）: expected string or bytes-like object
2026-06-24 13:56:12.867 | WARNING  | 23008:20684 | __main__:resp_jsl:369 - 请求失败（尝试 7/10）: expected string or bytes-like object
2026-06-24 13:56:12.867 | WARNING  | 23008:20684 | __main__:resp_jsl:369 - 请求失败（尝试 8/10）: expected string or bytes-like object
2026-06-24 13:56:12.867 | WARNING  | 23008:20684 | __main__:resp_jsl:369 - 请求失败（尝试 9/10）: expected string or bytes-like object
2026-06-24 13:56:12.867 | WARNING  | 23008:20684 | __main__:resp_jsl:369 - 请求失败（尝试 10/10）: expected string or bytes-like object
2026-06-24 13:56:12.867 | WARNING  | 23008:20684 | __main__:main_qe:490 - 请求失败（尝试 9/10）: expected string or bytes-like object
2026-06-24 13:56:12.890 | WARNING  | 23008:20684 | __main__:resp_jsl:369 - 请求失败（尝试 1/10）: expected string or bytes-like object
2026-06-24 13:56:12.890 | WARNING  | 23008:20684 | __main__:resp_jsl:369 - 请求失败（尝试 2/10）: expected string or bytes-like object
2026-06-24 13:56:12.890 | WARNING  | 23008:20684 | __main__:resp_jsl:369 - 请求失败（尝试 3/10）: expected string or bytes-like object
2026-06-24 13:56:12.890 | WARNING  | 23008:20684 | __main__:resp_jsl:369 - 请求失败（尝试 4/10）: expected string or bytes-like object
2026-06-24 13:56:12.890 | WARNING  | 23008:20684 | __main__:resp_jsl:369 - 请求失败（尝试 5/10）: expected string or bytes-like object
2026-06-24 13:56:12.890 | WARNING  | 23008:20684 | __main__:resp_jsl:369 - 请求失败（尝试 6/10）: expected string or bytes-like object
2026-06-24 13:56:12.890 | WARNING  | 23008:20684 | __main__:resp_jsl:369 - 请求失败（尝试 7/10）: expected string or bytes-like object
2026-06-24 13:56:12.891 | WARNING  | 23008:20684 | __main__:resp_jsl:369 - 请求失败（尝试 8/10）: expected string or bytes-like object
2026-06-24 13:56:12.891 | WARNING  | 23008:20684 | __main__:resp_jsl:369 - 请求失败（尝试 9/10）: expected string or bytes-like object
2026-06-24 13:56:12.891 | WARNING  | 23008:20684 | __main__:resp_jsl:369 - 请求失败（尝试 10/10）: expected string or bytes-like object
2026-06-24 13:56:12.891 | WARNING  | 23008:20684 | __main__:main_qe:490 - 请求失败（尝试 10/10）: expected string or bytes-like object
2026-06-24 13:56:12.891 | INFO     | 23008:20684 | __main__:next_login:1796 - main_qe pass盾异常:expected string or bytes-like object
2026-06-24 13:56:12.891 | INFO     | 23008:20684 | __main__:main:1819 - 主流程异常: 访问首页异常！！
2026-06-24 13:56:12.891 | INFO     | 23008:20684 | __main__:close_mongo_connection:1770 - 关闭MongoDB连接失败: 'Govspider' object has no attribute 'mongo_client'
2026-06-24 13:56:42.126 | INFO     | 4108:22168 | __main__:next_login:1778 - 使用账号: 18050400868
2026-06-24 13:56:42.239 | WARNING  | 4108:22168 | __main__:resp_jsl:369 - 请求失败（尝试 1/10）: expected string or bytes-like object
2026-06-24 13:56:42.239 | WARNING  | 4108:22168 | __main__:resp_jsl:369 - 请求失败（尝试 2/10）: expected string or bytes-like object
2026-06-24 13:56:42.239 | WARNING  | 4108:22168 | __main__:resp_jsl:369 - 请求失败（尝试 3/10）: expected string or bytes-like object
2026-06-24 13:56:42.240 | WARNING  | 4108:22168 | __main__:resp_jsl:369 - 请求失败（尝试 4/10）: expected string or bytes-like object
2026-06-24 13:56:42.240 | WARNING  | 4108:22168 | __main__:resp_jsl:369 - 请求失败（尝试 5/10）: expected string or bytes-like object
2026-06-24 13:56:42.240 | WARNING  | 4108:22168 | __main__:resp_jsl:369 - 请求失败（尝试 6/10）: expected string or bytes-like object
2026-06-24 13:56:42.240 | WARNING  | 4108:22168 | __main__:resp_jsl:369 - 请求失败（尝试 7/10）: expected string or bytes-like object
2026-06-24 13:56:42.240 | WARNING  | 4108:22168 | __main__:resp_jsl:369 - 请求失败（尝试 8/10）: expected string or bytes-like object
2026-06-24 13:56:42.240 | WARNING  | 4108:22168 | __main__:resp_jsl:369 - 请求失败（尝试 9/10）: expected string or bytes-like object
2026-06-24 13:56:42.240 | WARNING  | 4108:22168 | __main__:resp_jsl:369 - 请求失败（尝试 10/10）: expected string or bytes-like object
2026-06-24 13:56:42.240 | WARNING  | 4108:22168 | __main__:main_qe:490 - 请求失败（尝试 1/10）: expected string or bytes-like object
2026-06-24 13:56:42.272 | WARNING  | 4108:22168 | __main__:resp_jsl:369 - 请求失败（尝试 1/10）: expected string or bytes-like object
2026-06-24 13:56:42.272 | WARNING  | 4108:22168 | __main__:resp_jsl:369 - 请求失败（尝试 2/10）: expected string or bytes-like object
2026-06-24 13:56:42.272 | WARNING  | 4108:22168 | __main__:resp_jsl:369 - 请求失败（尝试 3/10）: expected string or bytes-like object
2026-06-24 13:56:42.272 | WARNING  | 4108:22168 | __main__:resp_jsl:369 - 请求失败（尝试 4/10）: expected string or bytes-like object
2026-06-24 13:56:42.272 | WARNING  | 4108:22168 | __main__:resp_jsl:369 - 请求失败（尝试 5/10）: expected string or bytes-like object
2026-06-24 13:56:42.272 | WARNING  | 4108:22168 | __main__:resp_jsl:369 - 请求失败（尝试 6/10）: expected string or bytes-like object
2026-06-24 13:56:42.272 | WARNING  | 4108:22168 | __main__:resp_jsl:369 - 请求失败（尝试 7/10）: expected string or bytes-like object
2026-06-24 13:56:42.272 | WARNING  | 4108:22168 | __main__:resp_jsl:369 - 请求失败（尝试 8/10）: expected string or bytes-like object
2026-06-24 13:56:42.272 | WARNING  | 4108:22168 | __main__:resp_jsl:369 - 请求失败（尝试 9/10）: expected string or bytes-like object
2026-06-24 13:56:42.272 | WARNING  | 4108:22168 | __main__:resp_jsl:369 - 请求失败（尝试 10/10）: expected string or bytes-like object
2026-06-24 13:56:42.272 | WARNING  | 4108:22168 | __main__:main_qe:490 - 请求失败（尝试 2/10）: expected string or bytes-like object
2026-06-24 13:56:42.305 | WARNING  | 4108:22168 | __main__:resp_jsl:369 - 请求失败（尝试 1/10）: expected string or bytes-like object
2026-06-24 13:56:42.305 | WARNING  | 4108:22168 | __main__:resp_jsl:369 - 请求失败（尝试 2/10）: expected string or bytes-like object
2026-06-24 13:56:42.306 | WARNING  | 4108:22168 | __main__:resp_jsl:369 - 请求失败（尝试 3/10）: expected string or bytes-like object
2026-06-24 13:56:42.306 | WARNING  | 4108:22168 | __main__:resp_jsl:369 - 请求失败（尝试 4/10）: expected string or bytes-like object
2026-06-24 13:56:42.306 | WARNING  | 4108:22168 | __main__:resp_jsl:369 - 请求失败（尝试 5/10）: expected string or bytes-like object
2026-06-24 13:56:42.306 | WARNING  | 4108:22168 | __main__:resp_jsl:369 - 请求失败（尝试 6/10）: expected string or bytes-like object
2026-06-24 13:56:42.306 | WARNING  | 4108:22168 | __main__:resp_jsl:369 - 请求失败（尝试 7/10）: expected string or bytes-like object
2026-06-24 13:56:42.306 | WARNING  | 4108:22168 | __main__:resp_jsl:369 - 请求失败（尝试 8/10）: expected string or bytes-like object
2026-06-24 13:56:42.306 | WARNING  | 4108:22168 | __main__:resp_jsl:369 - 请求失败（尝试 9/10）: expected string or bytes-like object
2026-06-24 13:56:42.306 | WARNING  | 4108:22168 | __main__:resp_jsl:369 - 请求失败（尝试 10/10）: expected string or bytes-like object
2026-06-24 13:56:42.306 | WARNING  | 4108:22168 | __main__:main_qe:490 - 请求失败（尝试 3/10）: expected string or bytes-like object
2026-06-24 13:56:42.336 | WARNING  | 4108:22168 | __main__:resp_jsl:369 - 请求失败（尝试 1/10）: expected string or bytes-like object
2026-06-24 13:56:42.336 | WARNING  | 4108:22168 | __main__:resp_jsl:369 - 请求失败（尝试 2/10）: expected string or bytes-like object
2026-06-24 13:56:42.336 | WARNING  | 4108:22168 | __main__:resp_jsl:369 - 请求失败（尝试 3/10）: expected string or bytes-like object
2026-06-24 13:56:42.336 | WARNING  | 4108:22168 | __main__:resp_jsl:369 - 请求失败（尝试 4/10）: expected string or bytes-like object
2026-06-24 13:56:42.336 | WARNING  | 4108:22168 | __main__:resp_jsl:369 - 请求失败（尝试 5/10）: expected string or bytes-like object
2026-06-24 13:56:42.336 | WARNING  | 4108:22168 | __main__:resp_jsl:369 - 请求失败（尝试 6/10）: expected string or bytes-like object
2026-06-24 13:56:42.336 | WARNING  | 4108:22168 | __main__:resp_jsl:369 - 请求失败（尝试 7/10）: expected string or bytes-like object
2026-06-24 13:56:42.336 | WARNING  | 4108:22168 | __main__:resp_jsl:369 - 请求失败（尝试 8/10）: expected string or bytes-like object
2026-06-24 13:56:42.336 | WARNING  | 4108:22168 | __main__:resp_jsl:369 - 请求失败（尝试 9/10）: expected string or bytes-like object
2026-06-24 13:56:42.336 | WARNING  | 4108:22168 | __main__:resp_jsl:369 - 请求失败（尝试 10/10）: expected string or bytes-like object
2026-06-24 13:56:42.336 | WARNING  | 4108:22168 | __main__:main_qe:490 - 请求失败（尝试 4/10）: expected string or bytes-like object
2026-06-24 13:56:42.369 | WARNING  | 4108:22168 | __main__:resp_jsl:369 - 请求失败（尝试 1/10）: expected string or bytes-like object
2026-06-24 13:56:42.369 | WARNING  | 4108:22168 | __main__:resp_jsl:369 - 请求失败（尝试 2/10）: expected string or bytes-like object
2026-06-24 13:56:42.370 | WARNING  | 4108:22168 | __main__:resp_jsl:369 - 请求失败（尝试 3/10）: expected string or bytes-like object
2026-06-24 13:56:42.370 | WARNING  | 4108:22168 | __main__:resp_jsl:369 - 请求失败（尝试 4/10）: expected string or bytes-like object
2026-06-24 13:56:42.370 | WARNING  | 4108:22168 | __main__:resp_jsl:369 - 请求失败（尝试 5/10）: expected string or bytes-like object
2026-06-24 13:56:42.370 | WARNING  | 4108:22168 | __main__:resp_jsl:369 - 请求失败（尝试 6/10）: expected string or bytes-like object
2026-06-24 13:56:42.370 | WARNING  | 4108:22168 | __main__:resp_jsl:369 - 请求失败（尝试 7/10）: expected string or bytes-like object
2026-06-24 13:56:42.370 | WARNING  | 4108:22168 | __main__:resp_jsl:369 - 请求失败（尝试 8/10）: expected string or bytes-like object
2026-06-24 13:56:42.370 | WARNING  | 4108:22168 | __main__:resp_jsl:369 - 请求失败（尝试 9/10）: expected string or bytes-like object
2026-06-24 13:56:42.370 | WARNING  | 4108:22168 | __main__:resp_jsl:369 - 请求失败（尝试 10/10）: expected string or bytes-like object
2026-06-24 13:56:42.370 | WARNING  | 4108:22168 | __main__:main_qe:490 - 请求失败（尝试 5/10）: expected string or bytes-like object
2026-06-24 13:56:42.404 | WARNING  | 4108:22168 | __main__:resp_jsl:369 - 请求失败（尝试 1/10）: expected string or bytes-like object
2026-06-24 13:56:42.404 | WARNING  | 4108:22168 | __main__:resp_jsl:369 - 请求失败（尝试 2/10）: expected string or bytes-like object
2026-06-24 13:56:42.404 | WARNING  | 4108:22168 | __main__:resp_jsl:369 - 请求失败（尝试 3/10）: expected string or bytes-like object
2026-06-24 13:56:42.404 | WARNING  | 4108:22168 | __main__:resp_jsl:369 - 请求失败（尝试 4/10）: expected string or bytes-like object
2026-06-24 13:56:42.404 | WARNING  | 4108:22168 | __main__:resp_jsl:369 - 请求失败（尝试 5/10）: expected string or bytes-like object
2026-06-24 13:56:42.404 | WARNING  | 4108:22168 | __main__:resp_jsl:369 - 请求失败（尝试 6/10）: expected string or bytes-like object
2026-06-24 13:56:42.405 | WARNING  | 4108:22168 | __main__:resp_jsl:369 - 请求失败（尝试 7/10）: expected string or bytes-like object
2026-06-24 13:56:42.405 | WARNING  | 4108:22168 | __main__:resp_jsl:369 - 请求失败（尝试 8/10）: expected string or bytes-like object
2026-06-24 13:56:42.405 | WARNING  | 4108:22168 | __main__:resp_jsl:369 - 请求失败（尝试 9/10）: expected string or bytes-like object
2026-06-24 13:56:42.405 | WARNING  | 4108:22168 | __main__:resp_jsl:369 - 请求失败（尝试 10/10）: expected string or bytes-like object
2026-06-24 13:56:42.405 | WARNING  | 4108:22168 | __main__:main_qe:490 - 请求失败（尝试 6/10）: expected string or bytes-like object
2026-06-24 13:56:42.439 | WARNING  | 4108:22168 | __main__:resp_jsl:369 - 请求失败（尝试 1/10）: expected string or bytes-like object
2026-06-24 13:56:42.439 | WARNING  | 4108:22168 | __main__:resp_jsl:369 - 请求失败（尝试 2/10）: expected string or bytes-like object
2026-06-24 13:56:42.440 | WARNING  | 4108:22168 | __main__:resp_jsl:369 - 请求失败（尝试 3/10）: expected string or bytes-like object
2026-06-24 13:56:42.440 | WARNING  | 4108:22168 | __main__:resp_jsl:369 - 请求失败（尝试 4/10）: expected string or bytes-like object
2026-06-24 13:56:42.440 | WARNING  | 4108:22168 | __main__:resp_jsl:369 - 请求失败（尝试 5/10）: expected string or bytes-like object
2026-06-24 13:56:42.440 | WARNING  | 4108:22168 | __main__:resp_jsl:369 - 请求失败（尝试 6/10）: expected string or bytes-like object
2026-06-24 13:56:42.440 | WARNING  | 4108:22168 | __main__:resp_jsl:369 - 请求失败（尝试 7/10）: expected string or bytes-like object
2026-06-24 13:56:42.440 | WARNING  | 4108:22168 | __main__:resp_jsl:369 - 请求失败（尝试 8/10）: expected string or bytes-like object
2026-06-24 13:56:42.440 | WARNING  | 4108:22168 | __main__:resp_jsl:369 - 请求失败（尝试 9/10）: expected string or bytes-like object
2026-06-24 13:56:42.440 | WARNING  | 4108:22168 | __main__:resp_jsl:369 - 请求失败（尝试 10/10）: expected string or bytes-like object
2026-06-24 13:56:42.440 | WARNING  | 4108:22168 | __main__:main_qe:490 - 请求失败（尝试 7/10）: expected string or bytes-like object
2026-06-24 13:56:42.477 | WARNING  | 4108:22168 | __main__:resp_jsl:369 - 请求失败（尝试 1/10）: expected string or bytes-like object
2026-06-24 13:56:42.477 | WARNING  | 4108:22168 | __main__:resp_jsl:369 - 请求失败（尝试 2/10）: expected string or bytes-like object
2026-06-24 13:56:42.477 | WARNING  | 4108:22168 | __main__:resp_jsl:369 - 请求失败（尝试 3/10）: expected string or bytes-like object
2026-06-24 13:56:42.477 | WARNING  | 4108:22168 | __main__:resp_jsl:369 - 请求失败（尝试 4/10）: expected string or bytes-like object
2026-06-24 13:56:42.478 | WARNING  | 4108:22168 | __main__:resp_jsl:369 - 请求失败（尝试 5/10）: expected string or bytes-like object
2026-06-24 13:56:42.478 | WARNING  | 4108:22168 | __main__:resp_jsl:369 - 请求失败（尝试 6/10）: expected string or bytes-like object
2026-06-24 13:56:42.478 | WARNING  | 4108:22168 | __main__:resp_jsl:369 - 请求失败（尝试 7/10）: expected string or bytes-like object
2026-06-24 13:56:42.478 | WARNING  | 4108:22168 | __main__:resp_jsl:369 - 请求失败（尝试 8/10）: expected string or bytes-like object
2026-06-24 13:56:42.478 | WARNING  | 4108:22168 | __main__:resp_jsl:369 - 请求失败（尝试 9/10）: expected string or bytes-like object
2026-06-24 13:56:42.478 | WARNING  | 4108:22168 | __main__:resp_jsl:369 - 请求失败（尝试 10/10）: expected string or bytes-like object
2026-06-24 13:56:42.478 | WARNING  | 4108:22168 | __main__:main_qe:490 - 请求失败（尝试 8/10）: expected string or bytes-like object
2026-06-24 13:56:42.511 | WARNING  | 4108:22168 | __main__:resp_jsl:369 - 请求失败（尝试 1/10）: expected string or bytes-like object
2026-06-24 13:56:42.511 | WARNING  | 4108:22168 | __main__:resp_jsl:369 - 请求失败（尝试 2/10）: expected string or bytes-like object
2026-06-24 13:56:42.511 | WARNING  | 4108:22168 | __main__:resp_jsl:369 - 请求失败（尝试 3/10）: expected string or bytes-like object
2026-06-24 13:56:42.511 | WARNING  | 4108:22168 | __main__:resp_jsl:369 - 请求失败（尝试 4/10）: expected string or bytes-like object
2026-06-24 13:56:42.511 | WARNING  | 4108:22168 | __main__:resp_jsl:369 - 请求失败（尝试 5/10）: expected string or bytes-like object
2026-06-24 13:56:42.512 | WARNING  | 4108:22168 | __main__:resp_jsl:369 - 请求失败（尝试 6/10）: expected string or bytes-like object
2026-06-24 13:56:42.512 | WARNING  | 4108:22168 | __main__:resp_jsl:369 - 请求失败（尝试 7/10）: expected string or bytes-like object
2026-06-24 13:56:42.512 | WARNING  | 4108:22168 | __main__:resp_jsl:369 - 请求失败（尝试 8/10）: expected string or bytes-like object
2026-06-24 13:56:42.512 | WARNING  | 4108:22168 | __main__:resp_jsl:369 - 请求失败（尝试 9/10）: expected string or bytes-like object
2026-06-24 13:56:42.512 | WARNING  | 4108:22168 | __main__:resp_jsl:369 - 请求失败（尝试 10/10）: expected string or bytes-like object
2026-06-24 13:56:42.512 | WARNING  | 4108:22168 | __main__:main_qe:490 - 请求失败（尝试 9/10）: expected string or bytes-like object
2026-06-24 13:56:42.545 | WARNING  | 4108:22168 | __main__:resp_jsl:369 - 请求失败（尝试 1/10）: expected string or bytes-like object
2026-06-24 13:56:42.546 | WARNING  | 4108:22168 | __main__:resp_jsl:369 - 请求失败（尝试 2/10）: expected string or bytes-like object
2026-06-24 13:56:42.546 | WARNING  | 4108:22168 | __main__:resp_jsl:369 - 请求失败（尝试 3/10）: expected string or bytes-like object
2026-06-24 13:56:42.546 | WARNING  | 4108:22168 | __main__:resp_jsl:369 - 请求失败（尝试 4/10）: expected string or bytes-like object
2026-06-24 13:56:42.546 | WARNING  | 4108:22168 | __main__:resp_jsl:369 - 请求失败（尝试 5/10）: expected string or bytes-like object
2026-06-24 13:56:42.546 | WARNING  | 4108:22168 | __main__:resp_jsl:369 - 请求失败（尝试 6/10）: expected string or bytes-like object
2026-06-24 13:56:42.546 | WARNING  | 4108:22168 | __main__:resp_jsl:369 - 请求失败（尝试 7/10）: expected string or bytes-like object
2026-06-24 13:56:42.547 | WARNING  | 4108:22168 | __main__:resp_jsl:369 - 请求失败（尝试 8/10）: expected string or bytes-like object
2026-06-24 13:56:42.547 | WARNING  | 4108:22168 | __main__:resp_jsl:369 - 请求失败（尝试 9/10）: expected string or bytes-like object
2026-06-24 13:56:42.547 | WARNING  | 4108:22168 | __main__:resp_jsl:369 - 请求失败（尝试 10/10）: expected string or bytes-like object
2026-06-24 13:56:42.547 | WARNING  | 4108:22168 | __main__:main_qe:490 - 请求失败（尝试 10/10）: expected string or bytes-like object
2026-06-24 13:56:42.547 | INFO     | 4108:22168 | __main__:next_login:1796 - main_qe pass盾异常:expected string or bytes-like object
2026-06-24 13:56:42.547 | INFO     | 4108:22168 | __main__:main:1819 - 主流程异常: 访问首页异常！！
2026-06-24 13:56:42.547 | INFO     | 4108:22168 | __main__:close_mongo_connection:1768 - MongoDB连接已关闭
2026-06-24 13:59:20.639 | INFO     | 14120:19268 | __main__:next_login:1801 - 使用账号: 18965736502
2026-06-24 13:59:20.712 | INFO     | 14120:19268 | __main__:main_qe:523 - 加速乐第一次请求的状态码:<Response [521]>
2026-06-24 13:59:20.913 | INFO     | 14120:19268 | __main__:jsl:382 - 加速乐第二次请求的状态码:<Response [521]>
2026-06-24 13:59:20.991 | INFO     | 14120:19268 | __main__:resp_jsl:416 - 加速乐第三次请求得到瑞数返回的状态码:<Response [412]>
2026-06-24 13:59:26.228 | INFO     | 14120:19268 | __main__:close_mongo_connection:1791 - MongoDB连接已关闭
2026-06-24 14:00:44.118 | INFO     | 4320:2960 | __main__:next_login:1802 - 使用账号: 18965736502
2026-06-24 14:00:44.166 | WARNING  | 4320:2960 | __main__:resp_jsl:420 - 请求失败（尝试 1/10）: expected string or bytes-like object
2026-06-24 14:00:44.166 | WARNING  | 4320:2960 | __main__:resp_jsl:420 - 请求失败（尝试 2/10）: expected string or bytes-like object
2026-06-24 14:00:44.166 | WARNING  | 4320:2960 | __main__:resp_jsl:420 - 请求失败（尝试 3/10）: expected string or bytes-like object
2026-06-24 14:00:44.166 | WARNING  | 4320:2960 | __main__:resp_jsl:420 - 请求失败（尝试 4/10）: expected string or bytes-like object
2026-06-24 14:00:44.166 | WARNING  | 4320:2960 | __main__:resp_jsl:420 - 请求失败（尝试 5/10）: expected string or bytes-like object
2026-06-24 14:00:44.166 | WARNING  | 4320:2960 | __main__:resp_jsl:420 - 请求失败（尝试 6/10）: expected string or bytes-like object
2026-06-24 14:00:44.167 | WARNING  | 4320:2960 | __main__:resp_jsl:420 - 请求失败（尝试 7/10）: expected string or bytes-like object
2026-06-24 14:00:44.167 | WARNING  | 4320:2960 | __main__:resp_jsl:420 - 请求失败（尝试 8/10）: expected string or bytes-like object
2026-06-24 14:00:44.167 | WARNING  | 4320:2960 | __main__:resp_jsl:420 - 请求失败（尝试 9/10）: expected string or bytes-like object
2026-06-24 14:00:44.167 | WARNING  | 4320:2960 | __main__:resp_jsl:420 - 请求失败（尝试 10/10）: expected string or bytes-like object
2026-06-24 14:00:44.168 | WARNING  | 4320:2960 | __main__:main_qe:535 - 请求失败（尝试 1/10）: expected string or bytes-like object
2026-06-24 14:00:44.211 | INFO     | 4320:2960 | __main__:main_qe:524 - 加速乐第一次请求的状态码:<Response [521]>
2026-06-24 14:00:44.354 | INFO     | 4320:2960 | __main__:jsl:383 - 加速乐第二次请求的状态码:<Response [521]>
2026-06-24 14:00:44.448 | INFO     | 4320:2960 | __main__:resp_jsl:417 - 加速乐第三次请求得到瑞数返回的状态码:<Response [412]>
2026-06-24 14:00:54.840 | WARNING  | 4320:2960 | __main__:main_qe:535 - 请求失败（尝试 2/10）: 网络链接异常
2026-06-24 14:00:54.899 | WARNING  | 4320:2960 | __main__:resp_jsl:420 - 请求失败（尝试 1/10）: expected string or bytes-like object
2026-06-24 14:00:54.899 | WARNING  | 4320:2960 | __main__:resp_jsl:420 - 请求失败（尝试 2/10）: expected string or bytes-like object
2026-06-24 14:00:54.899 | WARNING  | 4320:2960 | __main__:resp_jsl:420 - 请求失败（尝试 3/10）: expected string or bytes-like object
2026-06-24 14:00:54.899 | WARNING  | 4320:2960 | __main__:resp_jsl:420 - 请求失败（尝试 4/10）: expected string or bytes-like object
2026-06-24 14:00:54.899 | WARNING  | 4320:2960 | __main__:resp_jsl:420 - 请求失败（尝试 5/10）: expected string or bytes-like object
2026-06-24 14:00:54.899 | WARNING  | 4320:2960 | __main__:resp_jsl:420 - 请求失败（尝试 6/10）: expected string or bytes-like object
2026-06-24 14:00:54.899 | WARNING  | 4320:2960 | __main__:resp_jsl:420 - 请求失败（尝试 7/10）: expected string or bytes-like object
2026-06-24 14:00:54.899 | WARNING  | 4320:2960 | __main__:resp_jsl:420 - 请求失败（尝试 8/10）: expected string or bytes-like object
2026-06-24 14:00:54.899 | WARNING  | 4320:2960 | __main__:resp_jsl:420 - 请求失败（尝试 9/10）: expected string or bytes-like object
2026-06-24 14:00:54.899 | WARNING  | 4320:2960 | __main__:resp_jsl:420 - 请求失败（尝试 10/10）: expected string or bytes-like object
2026-06-24 14:00:54.900 | WARNING  | 4320:2960 | __main__:main_qe:535 - 请求失败（尝试 3/10）: expected string or bytes-like object
2026-06-24 14:00:54.955 | WARNING  | 4320:2960 | __main__:resp_jsl:420 - 请求失败（尝试 1/10）: expected string or bytes-like object
2026-06-24 14:00:54.956 | WARNING  | 4320:2960 | __main__:resp_jsl:420 - 请求失败（尝试 2/10）: expected string or bytes-like object
2026-06-24 14:00:54.956 | WARNING  | 4320:2960 | __main__:resp_jsl:420 - 请求失败（尝试 3/10）: expected string or bytes-like object
2026-06-24 14:00:54.956 | WARNING  | 4320:2960 | __main__:resp_jsl:420 - 请求失败（尝试 4/10）: expected string or bytes-like object
2026-06-24 14:00:54.956 | WARNING  | 4320:2960 | __main__:resp_jsl:420 - 请求失败（尝试 5/10）: expected string or bytes-like object
2026-06-24 14:00:54.956 | WARNING  | 4320:2960 | __main__:resp_jsl:420 - 请求失败（尝试 6/10）: expected string or bytes-like object
2026-06-24 14:00:54.956 | WARNING  | 4320:2960 | __main__:resp_jsl:420 - 请求失败（尝试 7/10）: expected string or bytes-like object
2026-06-24 14:00:54.956 | WARNING  | 4320:2960 | __main__:resp_jsl:420 - 请求失败（尝试 8/10）: expected string or bytes-like object
2026-06-24 14:00:54.956 | WARNING  | 4320:2960 | __main__:resp_jsl:420 - 请求失败（尝试 9/10）: expected string or bytes-like object
2026-06-24 14:00:54.956 | WARNING  | 4320:2960 | __main__:resp_jsl:420 - 请求失败（尝试 10/10）: expected string or bytes-like object
2026-06-24 14:00:54.956 | WARNING  | 4320:2960 | __main__:main_qe:535 - 请求失败（尝试 4/10）: expected string or bytes-like object
2026-06-24 14:00:55.008 | WARNING  | 4320:2960 | __main__:resp_jsl:420 - 请求失败（尝试 1/10）: expected string or bytes-like object
2026-06-24 14:00:55.008 | WARNING  | 4320:2960 | __main__:resp_jsl:420 - 请求失败（尝试 2/10）: expected string or bytes-like object
2026-06-24 14:00:55.008 | WARNING  | 4320:2960 | __main__:resp_jsl:420 - 请求失败（尝试 3/10）: expected string or bytes-like object
2026-06-24 14:00:55.008 | WARNING  | 4320:2960 | __main__:resp_jsl:420 - 请求失败（尝试 4/10）: expected string or bytes-like object
2026-06-24 14:00:55.008 | WARNING  | 4320:2960 | __main__:resp_jsl:420 - 请求失败（尝试 5/10）: expected string or bytes-like object
2026-06-24 14:00:55.008 | WARNING  | 4320:2960 | __main__:resp_jsl:420 - 请求失败（尝试 6/10）: expected string or bytes-like object
2026-06-24 14:00:55.009 | WARNING  | 4320:2960 | __main__:resp_jsl:420 - 请求失败（尝试 7/10）: expected string or bytes-like object
2026-06-24 14:00:55.009 | WARNING  | 4320:2960 | __main__:resp_jsl:420 - 请求失败（尝试 8/10）: expected string or bytes-like object
2026-06-24 14:00:55.009 | WARNING  | 4320:2960 | __main__:resp_jsl:420 - 请求失败（尝试 9/10）: expected string or bytes-like object
2026-06-24 14:00:55.009 | WARNING  | 4320:2960 | __main__:resp_jsl:420 - 请求失败（尝试 10/10）: expected string or bytes-like object
2026-06-24 14:00:55.009 | WARNING  | 4320:2960 | __main__:main_qe:535 - 请求失败（尝试 5/10）: expected string or bytes-like object
2026-06-24 14:00:55.060 | WARNING  | 4320:2960 | __main__:resp_jsl:420 - 请求失败（尝试 1/10）: expected string or bytes-like object
2026-06-24 14:00:55.060 | WARNING  | 4320:2960 | __main__:resp_jsl:420 - 请求失败（尝试 2/10）: expected string or bytes-like object
2026-06-24 14:00:55.060 | WARNING  | 4320:2960 | __main__:resp_jsl:420 - 请求失败（尝试 3/10）: expected string or bytes-like object
2026-06-24 14:00:55.060 | WARNING  | 4320:2960 | __main__:resp_jsl:420 - 请求失败（尝试 4/10）: expected string or bytes-like object
2026-06-24 14:00:55.060 | WARNING  | 4320:2960 | __main__:resp_jsl:420 - 请求失败（尝试 5/10）: expected string or bytes-like object
2026-06-24 14:00:55.060 | WARNING  | 4320:2960 | __main__:resp_jsl:420 - 请求失败（尝试 6/10）: expected string or bytes-like object
2026-06-24 14:00:55.060 | WARNING  | 4320:2960 | __main__:resp_jsl:420 - 请求失败（尝试 7/10）: expected string or bytes-like object
2026-06-24 14:00:55.060 | WARNING  | 4320:2960 | __main__:resp_jsl:420 - 请求失败（尝试 8/10）: expected string or bytes-like object
2026-06-24 14:00:55.060 | WARNING  | 4320:2960 | __main__:resp_jsl:420 - 请求失败（尝试 9/10）: expected string or bytes-like object
2026-06-24 14:00:55.060 | WARNING  | 4320:2960 | __main__:resp_jsl:420 - 请求失败（尝试 10/10）: expected string or bytes-like object
2026-06-24 14:00:55.060 | WARNING  | 4320:2960 | __main__:main_qe:535 - 请求失败（尝试 6/10）: expected string or bytes-like object
2026-06-24 14:00:55.122 | WARNING  | 4320:2960 | __main__:resp_jsl:420 - 请求失败（尝试 1/10）: expected string or bytes-like object
2026-06-24 14:00:55.123 | WARNING  | 4320:2960 | __main__:resp_jsl:420 - 请求失败（尝试 2/10）: expected string or bytes-like object
2026-06-24 14:00:55.123 | WARNING  | 4320:2960 | __main__:resp_jsl:420 - 请求失败（尝试 3/10）: expected string or bytes-like object
2026-06-24 14:00:55.123 | WARNING  | 4320:2960 | __main__:resp_jsl:420 - 请求失败（尝试 4/10）: expected string or bytes-like object
2026-06-24 14:00:55.123 | WARNING  | 4320:2960 | __main__:resp_jsl:420 - 请求失败（尝试 5/10）: expected string or bytes-like object
2026-06-24 14:00:55.123 | WARNING  | 4320:2960 | __main__:resp_jsl:420 - 请求失败（尝试 6/10）: expected string or bytes-like object
2026-06-24 14:00:55.123 | WARNING  | 4320:2960 | __main__:resp_jsl:420 - 请求失败（尝试 7/10）: expected string or bytes-like object
2026-06-24 14:00:55.123 | WARNING  | 4320:2960 | __main__:resp_jsl:420 - 请求失败（尝试 8/10）: expected string or bytes-like object
2026-06-24 14:00:55.124 | WARNING  | 4320:2960 | __main__:resp_jsl:420 - 请求失败（尝试 9/10）: expected string or bytes-like object
2026-06-24 14:00:55.124 | WARNING  | 4320:2960 | __main__:resp_jsl:420 - 请求失败（尝试 10/10）: expected string or bytes-like object
2026-06-24 14:00:55.124 | WARNING  | 4320:2960 | __main__:main_qe:535 - 请求失败（尝试 7/10）: expected string or bytes-like object
2026-06-24 14:00:55.174 | WARNING  | 4320:2960 | __main__:resp_jsl:420 - 请求失败（尝试 1/10）: expected string or bytes-like object
2026-06-24 14:00:55.175 | WARNING  | 4320:2960 | __main__:resp_jsl:420 - 请求失败（尝试 2/10）: expected string or bytes-like object
2026-06-24 14:00:55.175 | WARNING  | 4320:2960 | __main__:resp_jsl:420 - 请求失败（尝试 3/10）: expected string or bytes-like object
2026-06-24 14:00:55.175 | WARNING  | 4320:2960 | __main__:resp_jsl:420 - 请求失败（尝试 4/10）: expected string or bytes-like object
2026-06-24 14:00:55.175 | WARNING  | 4320:2960 | __main__:resp_jsl:420 - 请求失败（尝试 5/10）: expected string or bytes-like object
2026-06-24 14:00:55.175 | WARNING  | 4320:2960 | __main__:resp_jsl:420 - 请求失败（尝试 6/10）: expected string or bytes-like object
2026-06-24 14:00:55.175 | WARNING  | 4320:2960 | __main__:resp_jsl:420 - 请求失败（尝试 7/10）: expected string or bytes-like object
2026-06-24 14:00:55.175 | WARNING  | 4320:2960 | __main__:resp_jsl:420 - 请求失败（尝试 8/10）: expected string or bytes-like object
2026-06-24 14:00:55.175 | WARNING  | 4320:2960 | __main__:resp_jsl:420 - 请求失败（尝试 9/10）: expected string or bytes-like object
2026-06-24 14:00:55.175 | WARNING  | 4320:2960 | __main__:resp_jsl:420 - 请求失败（尝试 10/10）: expected string or bytes-like object
2026-06-24 14:00:55.175 | WARNING  | 4320:2960 | __main__:main_qe:535 - 请求失败（尝试 8/10）: expected string or bytes-like object
2026-06-24 14:00:55.227 | WARNING  | 4320:2960 | __main__:resp_jsl:420 - 请求失败（尝试 1/10）: expected string or bytes-like object
2026-06-24 14:00:55.227 | WARNING  | 4320:2960 | __main__:resp_jsl:420 - 请求失败（尝试 2/10）: expected string or bytes-like object
2026-06-24 14:00:55.227 | WARNING  | 4320:2960 | __main__:resp_jsl:420 - 请求失败（尝试 3/10）: expected string or bytes-like object
2026-06-24 14:00:55.227 | WARNING  | 4320:2960 | __main__:resp_jsl:420 - 请求失败（尝试 4/10）: expected string or bytes-like object
2026-06-24 14:00:55.227 | WARNING  | 4320:2960 | __main__:resp_jsl:420 - 请求失败（尝试 5/10）: expected string or bytes-like object
2026-06-24 14:00:55.227 | WARNING  | 4320:2960 | __main__:resp_jsl:420 - 请求失败（尝试 6/10）: expected string or bytes-like object
2026-06-24 14:00:55.227 | WARNING  | 4320:2960 | __main__:resp_jsl:420 - 请求失败（尝试 7/10）: expected string or bytes-like object
2026-06-24 14:00:55.227 | WARNING  | 4320:2960 | __main__:resp_jsl:420 - 请求失败（尝试 8/10）: expected string or bytes-like object
2026-06-24 14:00:55.227 | WARNING  | 4320:2960 | __main__:resp_jsl:420 - 请求失败（尝试 9/10）: expected string or bytes-like object
2026-06-24 14:00:55.227 | WARNING  | 4320:2960 | __main__:resp_jsl:420 - 请求失败（尝试 10/10）: expected string or bytes-like object
2026-06-24 14:00:55.227 | WARNING  | 4320:2960 | __main__:main_qe:535 - 请求失败（尝试 9/10）: expected string or bytes-like object
2026-06-24 14:00:55.274 | WARNING  | 4320:2960 | __main__:resp_jsl:420 - 请求失败（尝试 1/10）: expected string or bytes-like object
2026-06-24 14:00:55.274 | WARNING  | 4320:2960 | __main__:resp_jsl:420 - 请求失败（尝试 2/10）: expected string or bytes-like object
2026-06-24 14:00:55.274 | WARNING  | 4320:2960 | __main__:resp_jsl:420 - 请求失败（尝试 3/10）: expected string or bytes-like object
2026-06-24 14:00:55.274 | WARNING  | 4320:2960 | __main__:resp_jsl:420 - 请求失败（尝试 4/10）: expected string or bytes-like object
2026-06-24 14:00:55.274 | WARNING  | 4320:2960 | __main__:resp_jsl:420 - 请求失败（尝试 5/10）: expected string or bytes-like object
2026-06-24 14:00:55.275 | WARNING  | 4320:2960 | __main__:resp_jsl:420 - 请求失败（尝试 6/10）: expected string or bytes-like object
2026-06-24 14:00:55.275 | WARNING  | 4320:2960 | __main__:resp_jsl:420 - 请求失败（尝试 7/10）: expected string or bytes-like object
2026-06-24 14:00:55.275 | WARNING  | 4320:2960 | __main__:resp_jsl:420 - 请求失败（尝试 8/10）: expected string or bytes-like object
2026-06-24 14:00:55.275 | WARNING  | 4320:2960 | __main__:resp_jsl:420 - 请求失败（尝试 9/10）: expected string or bytes-like object
2026-06-24 14:00:55.275 | WARNING  | 4320:2960 | __main__:resp_jsl:420 - 请求失败（尝试 10/10）: expected string or bytes-like object
2026-06-24 14:00:55.275 | WARNING  | 4320:2960 | __main__:main_qe:535 - 请求失败（尝试 10/10）: expected string or bytes-like object
2026-06-24 14:00:55.275 | INFO     | 4320:2960 | __main__:next_login:1819 - main_qe pass盾异常:expected string or bytes-like object
2026-06-24 14:00:55.276 | INFO     | 4320:2960 | __main__:main:1843 - 主流程异常: 访问首页异常！！
2026-06-24 14:00:55.276 | INFO     | 4320:2960 | __main__:close_mongo_connection:1792 - MongoDB连接已关闭
2026-06-24 14:01:55.852 | INFO     | 20648:13228 | __main__:next_login:1788 - 使用账号: 18965736502
2026-06-24 14:01:56.144 | INFO     | 20648:13228 | __main__:main_qe:510 - 加速乐第一次请求的状态码:<Response [521]>
2026-06-24 14:01:56.321 | INFO     | 20648:13228 | __main__:jsl:369 - 加速乐第二次请求的状态码:<Response [521]>
2026-06-24 14:01:56.500 | INFO     | 20648:13228 | __main__:resp_jsl:403 - 加速乐第三次请求得到瑞数返回的状态码:<Response [412]>
2026-06-24 14:01:57.118 | SUCCESS  | 20648:13228 | __main__:fetch:288 - Env Check PASS!!!
2026-06-24 14:01:57.627 | INFO     | 20648:13228 | __main__:get_publicKey:494 - 获取密钥 publicKey 成功!!
2026-06-24 14:02:02.105 | SUCCESS  | 20648:13228 | __main__:send:645 - 验证码识别成功！！
2026-06-24 14:02:02.824 | INFO     | 20648:13228 | __main__:loginuser:738 - loginuser: status=200
2026-06-24 14:02:02.825 | SUCCESS  | 20648:13228 | __main__:loginuser:747 - 登录成功
2026-06-24 14:02:02.825 | SUCCESS  | 20648:13228 | __main__:next_login:1796 - 账号 18965736502 登录完成
2026-06-24 14:02:02.825 | INFO     | 20648:13228 | __main__:main:1819 - >>> 正在处理公司: 【阿里巴巴】 <<<
2026-06-24 14:02:02.825 | INFO     | 20648:13228 | __main__:detilinfo:1710 - ********************************************************************************
2026-06-24 14:02:02.826 | INFO     | 20648:13228 | __main__:detilinfo:1711 - 开始采集: 阿里巴巴
2026-06-24 14:02:02.826 | INFO     | 20648:13228 | __main__:detilinfo:1712 - ********************************************************************************
2026-06-24 14:02:02.826 | INFO     | 20648:13228 | __main__:detilinfo:1716 - [搜索] 正在搜索公司...
2026-06-24 14:02:03.857 | SUCCESS  | 20648:13228 | __main__:send:645 - 验证码识别成功！！
2026-06-24 14:02:03.861 | ERROR    | 20648:13228 | __main__:get_fresh_cookie:725 - get_fresh_cookie: expected string or bytes-like object
2026-06-24 14:02:04.848 | INFO     | 20648:13228 | __main__:searchcompany:824 - searchcompany状态码:None
2026-06-24 14:02:06.207 | SUCCESS  | 20648:13228 | __main__:send:645 - 验证码识别成功！！
2026-06-24 14:02:06.215 | ERROR    | 20648:13228 | __main__:get_fresh_cookie:725 - get_fresh_cookie: expected string or bytes-like object
2026-06-24 14:02:06.720 | INFO     | 20648:13228 | __main__:jy_shibie:614 - 语序点选坐标:[[2409, 5019], [7755, 3876], [5874, 5168]]
2026-06-24 14:02:06.890 | SUCCESS  | 20648:13228 | __main__:send:645 - 验证码识别成功！！
2026-06-24 14:02:06.895 | ERROR    | 20648:13228 | __main__:get_fresh_cookie:725 - get_fresh_cookie: expected string or bytes-like object
2026-06-24 14:02:07.398 | INFO     | 20648:13228 | __main__:searchcompany:824 - searchcompany状态码:None
2026-06-24 14:02:08.789 | SUCCESS  | 20648:13228 | __main__:send:645 - 验证码识别成功！！
2026-06-24 14:02:08.798 | ERROR    | 20648:13228 | __main__:get_fresh_cookie:725 - get_fresh_cookie: expected string or bytes-like object
2026-06-24 14:02:09.572 | INFO     | 20648:13228 | __main__:close_mongo_connection:1778 - MongoDB连接已关闭
2026-06-24 14:04:00.355 | INFO     | 12204:3796 | __main__:next_login:1879 - 使用账号: 18965736502
2026-06-24 14:04:00.398 | WARNING  | 12204:3796 | __main__:resp_jsl:406 - 请求失败（尝试 1/10）: expected string or bytes-like object
2026-06-24 14:04:00.398 | WARNING  | 12204:3796 | __main__:resp_jsl:406 - 请求失败（尝试 2/10）: expected string or bytes-like object
2026-06-24 14:04:00.398 | WARNING  | 12204:3796 | __main__:resp_jsl:406 - 请求失败（尝试 3/10）: expected string or bytes-like object
2026-06-24 14:04:00.398 | WARNING  | 12204:3796 | __main__:resp_jsl:406 - 请求失败（尝试 4/10）: expected string or bytes-like object
2026-06-24 14:04:00.398 | WARNING  | 12204:3796 | __main__:resp_jsl:406 - 请求失败（尝试 5/10）: expected string or bytes-like object
2026-06-24 14:04:00.398 | WARNING  | 12204:3796 | __main__:resp_jsl:406 - 请求失败（尝试 6/10）: expected string or bytes-like object
2026-06-24 14:04:00.399 | WARNING  | 12204:3796 | __main__:resp_jsl:406 - 请求失败（尝试 7/10）: expected string or bytes-like object
2026-06-24 14:04:00.399 | WARNING  | 12204:3796 | __main__:resp_jsl:406 - 请求失败（尝试 8/10）: expected string or bytes-like object
2026-06-24 14:04:00.399 | WARNING  | 12204:3796 | __main__:resp_jsl:406 - 请求失败（尝试 9/10）: expected string or bytes-like object
2026-06-24 14:04:00.399 | WARNING  | 12204:3796 | __main__:resp_jsl:406 - 请求失败（尝试 10/10）: expected string or bytes-like object
2026-06-24 14:04:00.399 | WARNING  | 12204:3796 | __main__:main_qe:521 - 请求失败（尝试 1/10）: expected string or bytes-like object
2026-06-24 14:04:00.465 | INFO     | 12204:3796 | __main__:main_qe:510 - 加速乐第一次请求的状态码:<Response [521]>
2026-06-24 14:04:00.591 | INFO     | 12204:3796 | __main__:jsl:369 - 加速乐第二次请求的状态码:<Response [521]>
2026-06-24 14:04:00.682 | INFO     | 12204:3796 | __main__:resp_jsl:403 - 加速乐第三次请求得到瑞数返回的状态码:<Response [412]>
2026-06-24 14:04:11.061 | WARNING  | 12204:3796 | __main__:main_qe:521 - 请求失败（尝试 2/10）: 网络链接异常
2026-06-24 14:04:11.108 | WARNING  | 12204:3796 | __main__:resp_jsl:406 - 请求失败（尝试 1/10）: expected string or bytes-like object
2026-06-24 14:04:11.108 | WARNING  | 12204:3796 | __main__:resp_jsl:406 - 请求失败（尝试 2/10）: expected string or bytes-like object
2026-06-24 14:04:11.109 | WARNING  | 12204:3796 | __main__:resp_jsl:406 - 请求失败（尝试 3/10）: expected string or bytes-like object
2026-06-24 14:04:11.109 | WARNING  | 12204:3796 | __main__:resp_jsl:406 - 请求失败（尝试 4/10）: expected string or bytes-like object
2026-06-24 14:04:11.109 | WARNING  | 12204:3796 | __main__:resp_jsl:406 - 请求失败（尝试 5/10）: expected string or bytes-like object
2026-06-24 14:04:11.109 | WARNING  | 12204:3796 | __main__:resp_jsl:406 - 请求失败（尝试 6/10）: expected string or bytes-like object
2026-06-24 14:04:11.109 | WARNING  | 12204:3796 | __main__:resp_jsl:406 - 请求失败（尝试 7/10）: expected string or bytes-like object
2026-06-24 14:04:11.109 | WARNING  | 12204:3796 | __main__:resp_jsl:406 - 请求失败（尝试 8/10）: expected string or bytes-like object
2026-06-24 14:04:11.109 | WARNING  | 12204:3796 | __main__:resp_jsl:406 - 请求失败（尝试 9/10）: expected string or bytes-like object
2026-06-24 14:04:11.109 | WARNING  | 12204:3796 | __main__:resp_jsl:406 - 请求失败（尝试 10/10）: expected string or bytes-like object
2026-06-24 14:04:11.109 | WARNING  | 12204:3796 | __main__:main_qe:521 - 请求失败（尝试 3/10）: expected string or bytes-like object
2026-06-24 14:04:11.157 | WARNING  | 12204:3796 | __main__:resp_jsl:406 - 请求失败（尝试 1/10）: expected string or bytes-like object
2026-06-24 14:04:11.158 | WARNING  | 12204:3796 | __main__:resp_jsl:406 - 请求失败（尝试 2/10）: expected string or bytes-like object
2026-06-24 14:04:11.158 | WARNING  | 12204:3796 | __main__:resp_jsl:406 - 请求失败（尝试 3/10）: expected string or bytes-like object
2026-06-24 14:04:11.158 | WARNING  | 12204:3796 | __main__:resp_jsl:406 - 请求失败（尝试 4/10）: expected string or bytes-like object
2026-06-24 14:04:11.158 | WARNING  | 12204:3796 | __main__:resp_jsl:406 - 请求失败（尝试 5/10）: expected string or bytes-like object
2026-06-24 14:04:11.158 | WARNING  | 12204:3796 | __main__:resp_jsl:406 - 请求失败（尝试 6/10）: expected string or bytes-like object
2026-06-24 14:04:11.158 | WARNING  | 12204:3796 | __main__:resp_jsl:406 - 请求失败（尝试 7/10）: expected string or bytes-like object
2026-06-24 14:04:11.158 | WARNING  | 12204:3796 | __main__:resp_jsl:406 - 请求失败（尝试 8/10）: expected string or bytes-like object
2026-06-24 14:04:11.158 | WARNING  | 12204:3796 | __main__:resp_jsl:406 - 请求失败（尝试 9/10）: expected string or bytes-like object
2026-06-24 14:04:11.158 | WARNING  | 12204:3796 | __main__:resp_jsl:406 - 请求失败（尝试 10/10）: expected string or bytes-like object
2026-06-24 14:04:11.158 | WARNING  | 12204:3796 | __main__:main_qe:521 - 请求失败（尝试 4/10）: expected string or bytes-like object
2026-06-24 14:04:11.225 | WARNING  | 12204:3796 | __main__:resp_jsl:406 - 请求失败（尝试 1/10）: expected string or bytes-like object
2026-06-24 14:04:11.225 | WARNING  | 12204:3796 | __main__:resp_jsl:406 - 请求失败（尝试 2/10）: expected string or bytes-like object
2026-06-24 14:04:11.225 | WARNING  | 12204:3796 | __main__:resp_jsl:406 - 请求失败（尝试 3/10）: expected string or bytes-like object
2026-06-24 14:04:11.225 | WARNING  | 12204:3796 | __main__:resp_jsl:406 - 请求失败（尝试 4/10）: expected string or bytes-like object
2026-06-24 14:04:11.225 | WARNING  | 12204:3796 | __main__:resp_jsl:406 - 请求失败（尝试 5/10）: expected string or bytes-like object
2026-06-24 14:04:11.225 | WARNING  | 12204:3796 | __main__:resp_jsl:406 - 请求失败（尝试 6/10）: expected string or bytes-like object
2026-06-24 14:04:11.225 | WARNING  | 12204:3796 | __main__:resp_jsl:406 - 请求失败（尝试 7/10）: expected string or bytes-like object
2026-06-24 14:04:11.226 | WARNING  | 12204:3796 | __main__:resp_jsl:406 - 请求失败（尝试 8/10）: expected string or bytes-like object
2026-06-24 14:04:11.226 | WARNING  | 12204:3796 | __main__:resp_jsl:406 - 请求失败（尝试 9/10）: expected string or bytes-like object
2026-06-24 14:04:11.226 | WARNING  | 12204:3796 | __main__:resp_jsl:406 - 请求失败（尝试 10/10）: expected string or bytes-like object
2026-06-24 14:04:11.226 | WARNING  | 12204:3796 | __main__:main_qe:521 - 请求失败（尝试 5/10）: expected string or bytes-like object
2026-06-24 14:04:11.276 | WARNING  | 12204:3796 | __main__:resp_jsl:406 - 请求失败（尝试 1/10）: expected string or bytes-like object
2026-06-24 14:04:11.276 | WARNING  | 12204:3796 | __main__:resp_jsl:406 - 请求失败（尝试 2/10）: expected string or bytes-like object
2026-06-24 14:04:11.277 | WARNING  | 12204:3796 | __main__:resp_jsl:406 - 请求失败（尝试 3/10）: expected string or bytes-like object
2026-06-24 14:04:11.277 | WARNING  | 12204:3796 | __main__:resp_jsl:406 - 请求失败（尝试 4/10）: expected string or bytes-like object
2026-06-24 14:04:11.277 | WARNING  | 12204:3796 | __main__:resp_jsl:406 - 请求失败（尝试 5/10）: expected string or bytes-like object
2026-06-24 14:04:11.277 | WARNING  | 12204:3796 | __main__:resp_jsl:406 - 请求失败（尝试 6/10）: expected string or bytes-like object
2026-06-24 14:04:11.277 | WARNING  | 12204:3796 | __main__:resp_jsl:406 - 请求失败（尝试 7/10）: expected string or bytes-like object
2026-06-24 14:04:11.277 | WARNING  | 12204:3796 | __main__:resp_jsl:406 - 请求失败（尝试 8/10）: expected string or bytes-like object
2026-06-24 14:04:11.277 | WARNING  | 12204:3796 | __main__:resp_jsl:406 - 请求失败（尝试 9/10）: expected string or bytes-like object
2026-06-24 14:04:11.277 | WARNING  | 12204:3796 | __main__:resp_jsl:406 - 请求失败（尝试 10/10）: expected string or bytes-like object
2026-06-24 14:04:11.277 | WARNING  | 12204:3796 | __main__:main_qe:521 - 请求失败（尝试 6/10）: expected string or bytes-like object
2026-06-24 14:04:11.331 | WARNING  | 12204:3796 | __main__:resp_jsl:406 - 请求失败（尝试 1/10）: expected string or bytes-like object
2026-06-24 14:04:11.331 | WARNING  | 12204:3796 | __main__:resp_jsl:406 - 请求失败（尝试 2/10）: expected string or bytes-like object
2026-06-24 14:04:11.331 | WARNING  | 12204:3796 | __main__:resp_jsl:406 - 请求失败（尝试 3/10）: expected string or bytes-like object
2026-06-24 14:04:11.331 | WARNING  | 12204:3796 | __main__:resp_jsl:406 - 请求失败（尝试 4/10）: expected string or bytes-like object
2026-06-24 14:04:11.332 | WARNING  | 12204:3796 | __main__:resp_jsl:406 - 请求失败（尝试 5/10）: expected string or bytes-like object
2026-06-24 14:04:11.332 | WARNING  | 12204:3796 | __main__:resp_jsl:406 - 请求失败（尝试 6/10）: expected string or bytes-like object
2026-06-24 14:04:11.332 | WARNING  | 12204:3796 | __main__:resp_jsl:406 - 请求失败（尝试 7/10）: expected string or bytes-like object
2026-06-24 14:04:11.332 | WARNING  | 12204:3796 | __main__:resp_jsl:406 - 请求失败（尝试 8/10）: expected string or bytes-like object
2026-06-24 14:04:11.332 | WARNING  | 12204:3796 | __main__:resp_jsl:406 - 请求失败（尝试 9/10）: expected string or bytes-like object
2026-06-24 14:04:11.332 | WARNING  | 12204:3796 | __main__:resp_jsl:406 - 请求失败（尝试 10/10）: expected string or bytes-like object
2026-06-24 14:04:11.332 | WARNING  | 12204:3796 | __main__:main_qe:521 - 请求失败（尝试 7/10）: expected string or bytes-like object
2026-06-24 14:04:11.377 | WARNING  | 12204:3796 | __main__:resp_jsl:406 - 请求失败（尝试 1/10）: expected string or bytes-like object
2026-06-24 14:04:11.377 | WARNING  | 12204:3796 | __main__:resp_jsl:406 - 请求失败（尝试 2/10）: expected string or bytes-like object
2026-06-24 14:04:11.377 | WARNING  | 12204:3796 | __main__:resp_jsl:406 - 请求失败（尝试 3/10）: expected string or bytes-like object
2026-06-24 14:04:11.377 | WARNING  | 12204:3796 | __main__:resp_jsl:406 - 请求失败（尝试 4/10）: expected string or bytes-like object
2026-06-24 14:04:11.377 | WARNING  | 12204:3796 | __main__:resp_jsl:406 - 请求失败（尝试 5/10）: expected string or bytes-like object
2026-06-24 14:04:11.377 | WARNING  | 12204:3796 | __main__:resp_jsl:406 - 请求失败（尝试 6/10）: expected string or bytes-like object
2026-06-24 14:04:11.377 | WARNING  | 12204:3796 | __main__:resp_jsl:406 - 请求失败（尝试 7/10）: expected string or bytes-like object
2026-06-24 14:04:11.377 | WARNING  | 12204:3796 | __main__:resp_jsl:406 - 请求失败（尝试 8/10）: expected string or bytes-like object
2026-06-24 14:04:11.377 | WARNING  | 12204:3796 | __main__:resp_jsl:406 - 请求失败（尝试 9/10）: expected string or bytes-like object
2026-06-24 14:04:11.377 | WARNING  | 12204:3796 | __main__:resp_jsl:406 - 请求失败（尝试 10/10）: expected string or bytes-like object
2026-06-24 14:04:11.377 | WARNING  | 12204:3796 | __main__:main_qe:521 - 请求失败（尝试 8/10）: expected string or bytes-like object
2026-06-24 14:04:11.425 | WARNING  | 12204:3796 | __main__:resp_jsl:406 - 请求失败（尝试 1/10）: expected string or bytes-like object
2026-06-24 14:04:11.425 | WARNING  | 12204:3796 | __main__:resp_jsl:406 - 请求失败（尝试 2/10）: expected string or bytes-like object
2026-06-24 14:04:11.425 | WARNING  | 12204:3796 | __main__:resp_jsl:406 - 请求失败（尝试 3/10）: expected string or bytes-like object
2026-06-24 14:04:11.425 | WARNING  | 12204:3796 | __main__:resp_jsl:406 - 请求失败（尝试 4/10）: expected string or bytes-like object
2026-06-24 14:04:11.425 | WARNING  | 12204:3796 | __main__:resp_jsl:406 - 请求失败（尝试 5/10）: expected string or bytes-like object
2026-06-24 14:04:11.425 | WARNING  | 12204:3796 | __main__:resp_jsl:406 - 请求失败（尝试 6/10）: expected string or bytes-like object
2026-06-24 14:04:11.425 | WARNING  | 12204:3796 | __main__:resp_jsl:406 - 请求失败（尝试 7/10）: expected string or bytes-like object
2026-06-24 14:04:11.425 | WARNING  | 12204:3796 | __main__:resp_jsl:406 - 请求失败（尝试 8/10）: expected string or bytes-like object
2026-06-24 14:04:11.425 | WARNING  | 12204:3796 | __main__:resp_jsl:406 - 请求失败（尝试 9/10）: expected string or bytes-like object
2026-06-24 14:04:11.425 | WARNING  | 12204:3796 | __main__:resp_jsl:406 - 请求失败（尝试 10/10）: expected string or bytes-like object
2026-06-24 14:04:11.425 | WARNING  | 12204:3796 | __main__:main_qe:521 - 请求失败（尝试 9/10）: expected string or bytes-like object
2026-06-24 14:04:11.476 | WARNING  | 12204:3796 | __main__:resp_jsl:406 - 请求失败（尝试 1/10）: expected string or bytes-like object
2026-06-24 14:04:11.476 | WARNING  | 12204:3796 | __main__:resp_jsl:406 - 请求失败（尝试 2/10）: expected string or bytes-like object
2026-06-24 14:04:11.477 | WARNING  | 12204:3796 | __main__:resp_jsl:406 - 请求失败（尝试 3/10）: expected string or bytes-like object
2026-06-24 14:04:11.477 | WARNING  | 12204:3796 | __main__:resp_jsl:406 - 请求失败（尝试 4/10）: expected string or bytes-like object
2026-06-24 14:04:11.477 | WARNING  | 12204:3796 | __main__:resp_jsl:406 - 请求失败（尝试 5/10）: expected string or bytes-like object
2026-06-24 14:04:11.477 | WARNING  | 12204:3796 | __main__:resp_jsl:406 - 请求失败（尝试 6/10）: expected string or bytes-like object
2026-06-24 14:04:11.477 | WARNING  | 12204:3796 | __main__:resp_jsl:406 - 请求失败（尝试 7/10）: expected string or bytes-like object
2026-06-24 14:04:11.477 | WARNING  | 12204:3796 | __main__:resp_jsl:406 - 请求失败（尝试 8/10）: expected string or bytes-like object
2026-06-24 14:04:11.477 | WARNING  | 12204:3796 | __main__:resp_jsl:406 - 请求失败（尝试 9/10）: expected string or bytes-like object
2026-06-24 14:04:11.477 | WARNING  | 12204:3796 | __main__:resp_jsl:406 - 请求失败（尝试 10/10）: expected string or bytes-like object
2026-06-24 14:04:11.477 | WARNING  | 12204:3796 | __main__:main_qe:521 - 请求失败（尝试 10/10）: expected string or bytes-like object
2026-06-24 14:04:11.477 | INFO     | 12204:3796 | __main__:next_login:1896 - main_qe pass盾异常:expected string or bytes-like object
2026-06-24 14:04:11.477 | INFO     | 12204:3796 | __main__:main:1920 - 主流程异常: 访问首页异常！！
2026-06-24 14:04:11.477 | INFO     | 12204:3796 | __main__:close_mongo_connection:1869 - MongoDB连接已关闭
2026-06-24 14:04:24.670 | INFO     | 22788:21828 | __main__:next_login:1879 - 使用账号: 18965736502
2026-06-24 14:04:24.743 | INFO     | 22788:21828 | __main__:main_qe:510 - 加速乐第一次请求的状态码:<Response [521]>
2026-06-24 14:04:24.894 | INFO     | 22788:21828 | __main__:jsl:369 - 加速乐第二次请求的状态码:<Response [521]>
2026-06-24 14:04:25.079 | INFO     | 22788:21828 | __main__:resp_jsl:403 - 加速乐第三次请求得到瑞数返回的状态码:<Response [412]>
2026-06-24 14:04:33.945 | SUCCESS  | 22788:21828 | __main__:fetch:288 - Env Check PASS!!!
2026-06-24 14:04:34.505 | INFO     | 22788:21828 | __main__:get_publicKey:494 - 获取密钥 publicKey 成功!!
2026-06-24 14:04:34.960 | INFO     | 22788:21828 | __main__:jy_shibie:614 - 语序点选坐标:[[6204, 7753], [4983, 4224], [8151, 5516]]
2026-06-24 14:04:35.194 | SUCCESS  | 22788:21828 | __main__:send:645 - 验证码识别成功！！
2026-06-24 14:04:35.656 | INFO     | 22788:21828 | __main__:unified_request:743 - 代理412信息：当前 IP：240e:37a:47:d600:11b6:a6f0:68b:b2a7  来自于：中国 福建 福州  电信

2026-06-24 14:04:37.291 | INFO     | 22788:21828 | __main__:loginuser:829 - loginuser: status=200
2026-06-24 14:04:37.292 | SUCCESS  | 22788:21828 | __main__:loginuser:838 - 登录成功
2026-06-24 14:04:37.292 | SUCCESS  | 22788:21828 | __main__:next_login:1887 - 账号 18965736502 登录完成
2026-06-24 14:04:37.292 | INFO     | 22788:21828 | __main__:main:1910 - >>> 正在处理公司: 【阿里巴巴】 <<<
2026-06-24 14:04:37.292 | INFO     | 22788:21828 | __main__:detilinfo:1801 - ********************************************************************************
2026-06-24 14:04:37.292 | INFO     | 22788:21828 | __main__:detilinfo:1802 - 开始采集: 阿里巴巴
2026-06-24 14:04:37.292 | INFO     | 22788:21828 | __main__:detilinfo:1803 - ********************************************************************************
2026-06-24 14:04:37.292 | INFO     | 22788:21828 | __main__:detilinfo:1807 - [搜索] 正在搜索公司...
2026-06-24 14:04:37.742 | INFO     | 22788:21828 | __main__:jy_shibie:614 - 语序点选坐标:[[5346, 4323], [2409, 5864], [7788, 5218]]
2026-06-24 14:04:37.956 | SUCCESS  | 22788:21828 | __main__:send:645 - 验证码识别成功！！
2026-06-24 14:04:37.965 | ERROR    | 22788:21828 | __main__:get_fresh_cookie:816 - get_fresh_cookie: expected string or bytes-like object
2026-06-24 14:04:38.224 | INFO     | 22788:21828 | __main__:unified_request:789 - unified_request请求失败，状态码:<Response [400]>,失败链接:https://shiming.gsxt.gov.cn/corp-query-search-1.html
2026-06-24 14:04:38.343 | INFO     | 22788:21828 | __main__:unified_request:791 - 代理400信息：当前 IP：240e:37a:47:d600:11b6:a6f0:68b:b2a7  来自于：中国 福建 福州  电信

2026-06-24 14:04:45.612 | SUCCESS  | 22788:21828 | __main__:send:645 - 验证码识别成功！！
2026-06-24 14:04:45.620 | ERROR    | 22788:21828 | __main__:get_fresh_cookie:816 - get_fresh_cookie: expected string or bytes-like object
2026-06-24 14:04:45.987 | INFO     | 22788:21828 | __main__:unified_request:789 - unified_request请求失败，状态码:<Response [400]>,失败链接:https://shiming.gsxt.gov.cn/corp-query-search-1.html
2026-06-24 14:04:46.053 | INFO     | 22788:21828 | __main__:unified_request:791 - 代理400信息：当前 IP：240e:37a:47:d600:11b6:a6f0:68b:b2a7  来自于：中国 福建 福州  电信

2026-06-24 14:04:52.468 | INFO     | 22788:21828 | __main__:unified_request:789 - unified_request请求失败，状态码:<Response [400]>,失败链接:https://shiming.gsxt.gov.cn/corp-query-search-1.html
2026-06-24 14:04:52.528 | INFO     | 22788:21828 | __main__:unified_request:791 - 代理400信息：当前 IP：240e:37a:47:d600:11b6:a6f0:68b:b2a7  来自于：中国 福建 福州  电信

2026-06-24 14:04:53.700 | INFO     | 22788:21828 | __main__:close_mongo_connection:1869 - MongoDB连接已关闭
2026-06-24 14:07:04.046 | INFO     | 25524:6140 | __main__:next_login:1891 - 使用账号: 18965736502
2026-06-24 14:07:04.121 | INFO     | 25524:6140 | __main__:main_qe:510 - 加速乐第一次请求的状态码:<Response [521]>
2026-06-24 14:07:04.269 | INFO     | 25524:6140 | __main__:jsl:369 - 加速乐第二次请求的状态码:<Response [403]>
2026-06-24 14:07:04.270 | WARNING  | 25524:6140 | __main__:resp_jsl:406 - 请求失败（尝试 1/10）: list index out of range
2026-06-24 14:07:04.270 | WARNING  | 25524:6140 | __main__:resp_jsl:406 - 请求失败（尝试 2/10）: list index out of range
2026-06-24 14:07:04.270 | WARNING  | 25524:6140 | __main__:resp_jsl:406 - 请求失败（尝试 3/10）: list index out of range
2026-06-24 14:07:04.270 | WARNING  | 25524:6140 | __main__:resp_jsl:406 - 请求失败（尝试 4/10）: list index out of range
2026-06-24 14:07:04.270 | WARNING  | 25524:6140 | __main__:resp_jsl:406 - 请求失败（尝试 5/10）: list index out of range
2026-06-24 14:07:04.270 | WARNING  | 25524:6140 | __main__:resp_jsl:406 - 请求失败（尝试 6/10）: list index out of range
2026-06-24 14:07:04.270 | WARNING  | 25524:6140 | __main__:resp_jsl:406 - 请求失败（尝试 7/10）: list index out of range
2026-06-24 14:07:04.270 | WARNING  | 25524:6140 | __main__:resp_jsl:406 - 请求失败（尝试 8/10）: list index out of range
2026-06-24 14:07:04.270 | WARNING  | 25524:6140 | __main__:resp_jsl:406 - 请求失败（尝试 9/10）: list index out of range
2026-06-24 14:07:04.270 | WARNING  | 25524:6140 | __main__:resp_jsl:406 - 请求失败（尝试 10/10）: list index out of range
2026-06-24 14:07:04.270 | WARNING  | 25524:6140 | __main__:main_qe:521 - 请求失败（尝试 1/10）: list index out of range
2026-06-24 14:07:04.364 | INFO     | 25524:6140 | __main__:main_qe:510 - 加速乐第一次请求的状态码:<Response [521]>
2026-06-24 14:07:04.364 | WARNING  | 25524:6140 | __main__:main_qe:521 - 请求失败（尝试 2/10）: list index out of range
2026-06-24 14:07:04.435 | INFO     | 25524:6140 | __main__:main_qe:510 - 加速乐第一次请求的状态码:<Response [521]>
2026-06-24 14:07:04.435 | WARNING  | 25524:6140 | __main__:main_qe:521 - 请求失败（尝试 3/10）: list index out of range
2026-06-24 14:07:04.502 | INFO     | 25524:6140 | __main__:main_qe:510 - 加速乐第一次请求的状态码:<Response [521]>
2026-06-24 14:07:04.502 | WARNING  | 25524:6140 | __main__:main_qe:521 - 请求失败（尝试 4/10）: list index out of range
2026-06-24 14:07:04.559 | WARNING  | 25524:6140 | __main__:resp_jsl:406 - 请求失败（尝试 1/10）: expected string or bytes-like object
2026-06-24 14:07:04.559 | WARNING  | 25524:6140 | __main__:resp_jsl:406 - 请求失败（尝试 2/10）: expected string or bytes-like object
2026-06-24 14:07:04.560 | WARNING  | 25524:6140 | __main__:resp_jsl:406 - 请求失败（尝试 3/10）: expected string or bytes-like object
2026-06-24 14:07:04.560 | WARNING  | 25524:6140 | __main__:resp_jsl:406 - 请求失败（尝试 4/10）: expected string or bytes-like object
2026-06-24 14:07:04.560 | WARNING  | 25524:6140 | __main__:resp_jsl:406 - 请求失败（尝试 5/10）: expected string or bytes-like object
2026-06-24 14:07:04.560 | WARNING  | 25524:6140 | __main__:resp_jsl:406 - 请求失败（尝试 6/10）: expected string or bytes-like object
2026-06-24 14:07:04.560 | WARNING  | 25524:6140 | __main__:resp_jsl:406 - 请求失败（尝试 7/10）: expected string or bytes-like object
2026-06-24 14:07:04.560 | WARNING  | 25524:6140 | __main__:resp_jsl:406 - 请求失败（尝试 8/10）: expected string or bytes-like object
2026-06-24 14:07:04.560 | WARNING  | 25524:6140 | __main__:resp_jsl:406 - 请求失败（尝试 9/10）: expected string or bytes-like object
2026-06-24 14:07:04.560 | WARNING  | 25524:6140 | __main__:resp_jsl:406 - 请求失败（尝试 10/10）: expected string or bytes-like object
2026-06-24 14:07:04.560 | WARNING  | 25524:6140 | __main__:main_qe:521 - 请求失败（尝试 5/10）: expected string or bytes-like object
2026-06-24 14:07:04.611 | INFO     | 25524:6140 | __main__:main_qe:510 - 加速乐第一次请求的状态码:<Response [521]>
2026-06-24 14:07:04.612 | WARNING  | 25524:6140 | __main__:main_qe:521 - 请求失败（尝试 6/10）: list index out of range
2026-06-24 14:07:04.685 | INFO     | 25524:6140 | __main__:main_qe:510 - 加速乐第一次请求的状态码:<Response [521]>
2026-06-24 14:07:04.685 | WARNING  | 25524:6140 | __main__:main_qe:521 - 请求失败（尝试 7/10）: list index out of range
2026-06-24 14:07:04.747 | WARNING  | 25524:6140 | __main__:resp_jsl:406 - 请求失败（尝试 1/10）: expected string or bytes-like object
2026-06-24 14:07:04.747 | WARNING  | 25524:6140 | __main__:resp_jsl:406 - 请求失败（尝试 2/10）: expected string or bytes-like object
2026-06-24 14:07:04.747 | WARNING  | 25524:6140 | __main__:resp_jsl:406 - 请求失败（尝试 3/10）: expected string or bytes-like object
2026-06-24 14:07:04.747 | WARNING  | 25524:6140 | __main__:resp_jsl:406 - 请求失败（尝试 4/10）: expected string or bytes-like object
2026-06-24 14:07:04.747 | WARNING  | 25524:6140 | __main__:resp_jsl:406 - 请求失败（尝试 5/10）: expected string or bytes-like object
2026-06-24 14:07:04.747 | WARNING  | 25524:6140 | __main__:resp_jsl:406 - 请求失败（尝试 6/10）: expected string or bytes-like object
2026-06-24 14:07:04.747 | WARNING  | 25524:6140 | __main__:resp_jsl:406 - 请求失败（尝试 7/10）: expected string or bytes-like object
2026-06-24 14:07:04.747 | WARNING  | 25524:6140 | __main__:resp_jsl:406 - 请求失败（尝试 8/10）: expected string or bytes-like object
2026-06-24 14:07:04.747 | WARNING  | 25524:6140 | __main__:resp_jsl:406 - 请求失败（尝试 9/10）: expected string or bytes-like object
2026-06-24 14:07:04.747 | WARNING  | 25524:6140 | __main__:resp_jsl:406 - 请求失败（尝试 10/10）: expected string or bytes-like object
2026-06-24 14:07:04.747 | WARNING  | 25524:6140 | __main__:main_qe:521 - 请求失败（尝试 8/10）: expected string or bytes-like object
2026-06-24 14:07:04.793 | INFO     | 25524:6140 | __main__:main_qe:510 - 加速乐第一次请求的状态码:<Response [521]>
2026-06-24 14:07:04.794 | WARNING  | 25524:6140 | __main__:main_qe:521 - 请求失败（尝试 9/10）: list index out of range
2026-06-24 14:07:04.851 | INFO     | 25524:6140 | __main__:main_qe:510 - 加速乐第一次请求的状态码:<Response [521]>
2026-06-24 14:07:04.852 | WARNING  | 25524:6140 | __main__:main_qe:521 - 请求失败（尝试 10/10）: list index out of range
2026-06-24 14:07:04.852 | INFO     | 25524:6140 | __main__:next_login:1908 - main_qe pass盾异常:list index out of range
2026-06-24 14:07:04.852 | INFO     | 25524:6140 | __main__:main:1932 - 主流程异常: 访问首页异常！！
2026-06-24 14:07:04.853 | INFO     | 25524:6140 | __main__:close_mongo_connection:1881 - MongoDB连接已关闭
2026-06-24 14:07:17.814 | INFO     | 23740:11776 | __main__:next_login:1891 - 使用账号: 18965736502
2026-06-24 14:07:17.868 | INFO     | 23740:11776 | __main__:main_qe:510 - 加速乐第一次请求的状态码:<Response [521]>
2026-06-24 14:07:17.999 | INFO     | 23740:11776 | __main__:jsl:369 - 加速乐第二次请求的状态码:<Response [403]>
2026-06-24 14:07:17.999 | WARNING  | 23740:11776 | __main__:resp_jsl:406 - 请求失败（尝试 1/10）: list index out of range
2026-06-24 14:07:17.999 | WARNING  | 23740:11776 | __main__:resp_jsl:406 - 请求失败（尝试 2/10）: list index out of range
2026-06-24 14:07:17.999 | WARNING  | 23740:11776 | __main__:resp_jsl:406 - 请求失败（尝试 3/10）: list index out of range
2026-06-24 14:07:17.999 | WARNING  | 23740:11776 | __main__:resp_jsl:406 - 请求失败（尝试 4/10）: list index out of range
2026-06-24 14:07:17.999 | WARNING  | 23740:11776 | __main__:resp_jsl:406 - 请求失败（尝试 5/10）: list index out of range
2026-06-24 14:07:17.999 | WARNING  | 23740:11776 | __main__:resp_jsl:406 - 请求失败（尝试 6/10）: list index out of range
2026-06-24 14:07:17.999 | WARNING  | 23740:11776 | __main__:resp_jsl:406 - 请求失败（尝试 7/10）: list index out of range
2026-06-24 14:07:18.000 | WARNING  | 23740:11776 | __main__:resp_jsl:406 - 请求失败（尝试 8/10）: list index out of range
2026-06-24 14:07:18.000 | WARNING  | 23740:11776 | __main__:resp_jsl:406 - 请求失败（尝试 9/10）: list index out of range
2026-06-24 14:07:18.000 | WARNING  | 23740:11776 | __main__:resp_jsl:406 - 请求失败（尝试 10/10）: list index out of range
2026-06-24 14:07:18.000 | WARNING  | 23740:11776 | __main__:main_qe:521 - 请求失败（尝试 1/10）: list index out of range
2026-06-24 14:07:18.067 | INFO     | 23740:11776 | __main__:main_qe:510 - 加速乐第一次请求的状态码:<Response [521]>
2026-06-24 14:07:18.067 | WARNING  | 23740:11776 | __main__:main_qe:521 - 请求失败（尝试 2/10）: list index out of range
2026-06-24 14:07:18.115 | INFO     | 23740:11776 | __main__:main_qe:510 - 加速乐第一次请求的状态码:<Response [521]>
2026-06-24 14:07:18.115 | WARNING  | 23740:11776 | __main__:main_qe:521 - 请求失败（尝试 3/10）: list index out of range
2026-06-24 14:07:18.184 | INFO     | 23740:11776 | __main__:main_qe:510 - 加速乐第一次请求的状态码:<Response [521]>
2026-06-24 14:07:18.184 | WARNING  | 23740:11776 | __main__:main_qe:521 - 请求失败（尝试 4/10）: list index out of range
2026-06-24 14:07:18.235 | WARNING  | 23740:11776 | __main__:resp_jsl:406 - 请求失败（尝试 1/10）: expected string or bytes-like object
2026-06-24 14:07:18.236 | WARNING  | 23740:11776 | __main__:resp_jsl:406 - 请求失败（尝试 2/10）: expected string or bytes-like object
2026-06-24 14:07:18.236 | WARNING  | 23740:11776 | __main__:resp_jsl:406 - 请求失败（尝试 3/10）: expected string or bytes-like object
2026-06-24 14:07:18.236 | WARNING  | 23740:11776 | __main__:resp_jsl:406 - 请求失败（尝试 4/10）: expected string or bytes-like object
2026-06-24 14:07:18.236 | WARNING  | 23740:11776 | __main__:resp_jsl:406 - 请求失败（尝试 5/10）: expected string or bytes-like object
2026-06-24 14:07:18.236 | WARNING  | 23740:11776 | __main__:resp_jsl:406 - 请求失败（尝试 6/10）: expected string or bytes-like object
2026-06-24 14:07:18.236 | WARNING  | 23740:11776 | __main__:resp_jsl:406 - 请求失败（尝试 7/10）: expected string or bytes-like object
2026-06-24 14:07:18.236 | WARNING  | 23740:11776 | __main__:resp_jsl:406 - 请求失败（尝试 8/10）: expected string or bytes-like object
2026-06-24 14:07:18.237 | WARNING  | 23740:11776 | __main__:resp_jsl:406 - 请求失败（尝试 9/10）: expected string or bytes-like object
2026-06-24 14:07:18.237 | WARNING  | 23740:11776 | __main__:resp_jsl:406 - 请求失败（尝试 10/10）: expected string or bytes-like object
2026-06-24 14:07:18.237 | WARNING  | 23740:11776 | __main__:main_qe:521 - 请求失败（尝试 5/10）: expected string or bytes-like object
2026-06-24 14:07:18.323 | INFO     | 23740:11776 | __main__:main_qe:510 - 加速乐第一次请求的状态码:<Response [521]>
2026-06-24 14:07:18.324 | WARNING  | 23740:11776 | __main__:main_qe:521 - 请求失败（尝试 6/10）: list index out of range
2026-06-24 14:07:18.420 | INFO     | 23740:11776 | __main__:main_qe:510 - 加速乐第一次请求的状态码:<Response [521]>
2026-06-24 14:07:18.421 | WARNING  | 23740:11776 | __main__:main_qe:521 - 请求失败（尝试 7/10）: list index out of range
2026-06-24 14:07:18.472 | WARNING  | 23740:11776 | __main__:resp_jsl:406 - 请求失败（尝试 1/10）: expected string or bytes-like object
2026-06-24 14:07:18.473 | WARNING  | 23740:11776 | __main__:resp_jsl:406 - 请求失败（尝试 2/10）: expected string or bytes-like object
2026-06-24 14:07:18.473 | WARNING  | 23740:11776 | __main__:resp_jsl:406 - 请求失败（尝试 3/10）: expected string or bytes-like object
2026-06-24 14:07:18.473 | WARNING  | 23740:11776 | __main__:resp_jsl:406 - 请求失败（尝试 4/10）: expected string or bytes-like object
2026-06-24 14:07:18.473 | WARNING  | 23740:11776 | __main__:resp_jsl:406 - 请求失败（尝试 5/10）: expected string or bytes-like object
2026-06-24 14:07:18.473 | WARNING  | 23740:11776 | __main__:resp_jsl:406 - 请求失败（尝试 6/10）: expected string or bytes-like object
2026-06-24 14:07:18.473 | WARNING  | 23740:11776 | __main__:resp_jsl:406 - 请求失败（尝试 7/10）: expected string or bytes-like object
2026-06-24 14:07:18.473 | WARNING  | 23740:11776 | __main__:resp_jsl:406 - 请求失败（尝试 8/10）: expected string or bytes-like object
2026-06-24 14:07:18.474 | WARNING  | 23740:11776 | __main__:resp_jsl:406 - 请求失败（尝试 9/10）: expected string or bytes-like object
2026-06-24 14:07:18.474 | WARNING  | 23740:11776 | __main__:resp_jsl:406 - 请求失败（尝试 10/10）: expected string or bytes-like object
2026-06-24 14:07:18.474 | WARNING  | 23740:11776 | __main__:main_qe:521 - 请求失败（尝试 8/10）: expected string or bytes-like object
2026-06-24 14:07:18.525 | INFO     | 23740:11776 | __main__:main_qe:510 - 加速乐第一次请求的状态码:<Response [521]>
2026-06-24 14:07:18.525 | WARNING  | 23740:11776 | __main__:main_qe:521 - 请求失败（尝试 9/10）: list index out of range
2026-06-24 14:07:18.610 | INFO     | 23740:11776 | __main__:main_qe:510 - 加速乐第一次请求的状态码:<Response [521]>
2026-06-24 14:07:18.611 | WARNING  | 23740:11776 | __main__:main_qe:521 - 请求失败（尝试 10/10）: list index out of range
2026-06-24 14:07:18.611 | INFO     | 23740:11776 | __main__:next_login:1908 - main_qe pass盾异常:list index out of range
2026-06-24 14:07:18.611 | INFO     | 23740:11776 | __main__:main:1932 - 主流程异常: 访问首页异常！！
2026-06-24 14:07:18.611 | INFO     | 23740:11776 | __main__:close_mongo_connection:1881 - MongoDB连接已关闭
2026-06-24 14:10:24.249 | WARNING  | 19952:21348 | __main__:proxy_list:216 - 请求失败（尝试 1/10）: Failed to perform, curl: (56) Proxy CONNECT aborted. See https://curl.se/libcurl/c/libcurl-errors.html first for more details.
2026-06-24 14:10:26.421 | INFO     | 19952:21348 | __main__:next_login:2033 - 使用账号: 18965736502
2026-06-24 14:10:26.503 | WARNING  | 19952:21348 | __main__:main_qe:663 - 请求失败（尝试 1/10）: Failed to perform, curl: (56) Proxy CONNECT aborted. See https://curl.se/libcurl/c/libcurl-errors.html first for more details.
2026-06-24 14:10:26.789 | WARNING  | 19952:21348 | __main__:main_qe:663 - 请求失败（尝试 2/10）: Failed to perform, curl: (56) Proxy CONNECT aborted. See https://curl.se/libcurl/c/libcurl-errors.html first for more details.
2026-06-24 14:10:27.858 | WARNING  | 19952:21348 | __main__:main_qe:663 - 请求失败（尝试 3/10）: Failed to perform, curl: (56) Proxy CONNECT aborted. See https://curl.se/libcurl/c/libcurl-errors.html first for more details.
2026-06-24 14:10:27.929 | WARNING  | 19952:21348 | __main__:main_qe:663 - 请求失败（尝试 4/10）: Failed to perform, curl: (56) Proxy CONNECT aborted. See https://curl.se/libcurl/c/libcurl-errors.html first for more details.
2026-06-24 14:10:28.010 | WARNING  | 19952:21348 | __main__:main_qe:663 - 请求失败（尝试 5/10）: Failed to perform, curl: (56) Proxy CONNECT aborted. See https://curl.se/libcurl/c/libcurl-errors.html first for more details.
2026-06-24 14:10:28.095 | WARNING  | 19952:21348 | __main__:main_qe:663 - 请求失败（尝试 6/10）: Failed to perform, curl: (56) Proxy CONNECT aborted. See https://curl.se/libcurl/c/libcurl-errors.html first for more details.
2026-06-24 14:10:38.109 | WARNING  | 19952:21348 | __main__:main_qe:663 - 请求失败（尝试 7/10）: Failed to perform, curl: (28) Connection timed out after 10014 milliseconds. See https://curl.se/libcurl/c/libcurl-errors.html first for more details.
2026-06-24 14:10:38.174 | WARNING  | 19952:21348 | __main__:main_qe:663 - 请求失败（尝试 8/10）: Failed to perform, curl: (56) Proxy CONNECT aborted. See https://curl.se/libcurl/c/libcurl-errors.html first for more details.
2026-06-24 14:10:38.249 | WARNING  | 19952:21348 | __main__:main_qe:663 - 请求失败（尝试 9/10）: Failed to perform, curl: (56) Proxy CONNECT aborted. See https://curl.se/libcurl/c/libcurl-errors.html first for more details.
2026-06-24 14:10:38.345 | WARNING  | 19952:21348 | __main__:main_qe:663 - 请求失败（尝试 10/10）: Failed to perform, curl: (56) Proxy CONNECT aborted. See https://curl.se/libcurl/c/libcurl-errors.html first for more details.
2026-06-24 14:10:38.345 | INFO     | 19952:21348 | __main__:next_login:2050 - main_qe pass盾异常:Failed to perform, curl: (56) Proxy CONNECT aborted. See https://curl.se/libcurl/c/libcurl-errors.html first for more details.
2026-06-24 14:10:38.345 | INFO     | 19952:21348 | __main__:main:2074 - 主流程异常: 访问首页异常！！
2026-06-24 14:10:38.346 | INFO     | 19952:21348 | __main__:close_mongo_connection:2023 - MongoDB连接已关闭
2026-06-24 14:10:55.221 | WARNING  | 21380:24024 | __main__:proxy_list:216 - 请求失败（尝试 1/10）: Failed to perform, curl: (56) Proxy CONNECT aborted. See https://curl.se/libcurl/c/libcurl-errors.html first for more details.
2026-06-24 14:10:57.420 | INFO     | 21380:24024 | __main__:next_login:2033 - 使用账号: 18965736502
2026-06-24 14:10:57.496 | WARNING  | 21380:24024 | __main__:main_qe:663 - 请求失败（尝试 1/10）: Failed to perform, curl: (56) Proxy CONNECT aborted. See https://curl.se/libcurl/c/libcurl-errors.html first for more details.
2026-06-24 14:10:57.567 | WARNING  | 21380:24024 | __main__:main_qe:663 - 请求失败（尝试 2/10）: Failed to perform, curl: (56) Proxy CONNECT aborted. See https://curl.se/libcurl/c/libcurl-errors.html first for more details.
2026-06-24 14:10:57.655 | WARNING  | 21380:24024 | __main__:main_qe:663 - 请求失败（尝试 3/10）: Failed to perform, curl: (56) Proxy CONNECT aborted. See https://curl.se/libcurl/c/libcurl-errors.html first for more details.
2026-06-24 14:10:57.717 | WARNING  | 21380:24024 | __main__:main_qe:663 - 请求失败（尝试 4/10）: Failed to perform, curl: (56) Proxy CONNECT aborted. See https://curl.se/libcurl/c/libcurl-errors.html first for more details.
2026-06-24 14:10:57.789 | WARNING  | 21380:24024 | __main__:main_qe:663 - 请求失败（尝试 5/10）: Failed to perform, curl: (56) Proxy CONNECT aborted. See https://curl.se/libcurl/c/libcurl-errors.html first for more details.
2026-06-24 14:10:57.860 | WARNING  | 21380:24024 | __main__:main_qe:663 - 请求失败（尝试 6/10）: Failed to perform, curl: (56) Proxy CONNECT aborted. See https://curl.se/libcurl/c/libcurl-errors.html first for more details.
2026-06-24 14:10:57.929 | WARNING  | 21380:24024 | __main__:main_qe:663 - 请求失败（尝试 7/10）: Failed to perform, curl: (56) Proxy CONNECT aborted. See https://curl.se/libcurl/c/libcurl-errors.html first for more details.
2026-06-24 14:10:58.011 | WARNING  | 21380:24024 | __main__:main_qe:663 - 请求失败（尝试 8/10）: Failed to perform, curl: (56) Proxy CONNECT aborted. See https://curl.se/libcurl/c/libcurl-errors.html first for more details.
2026-06-24 14:10:58.084 | WARNING  | 21380:24024 | __main__:main_qe:663 - 请求失败（尝试 9/10）: Failed to perform, curl: (56) Proxy CONNECT aborted. See https://curl.se/libcurl/c/libcurl-errors.html first for more details.
2026-06-24 14:10:58.156 | WARNING  | 21380:24024 | __main__:main_qe:663 - 请求失败（尝试 10/10）: Failed to perform, curl: (56) Proxy CONNECT aborted. See https://curl.se/libcurl/c/libcurl-errors.html first for more details.
2026-06-24 14:10:58.156 | INFO     | 21380:24024 | __main__:next_login:2050 - main_qe pass盾异常:Failed to perform, curl: (56) Proxy CONNECT aborted. See https://curl.se/libcurl/c/libcurl-errors.html first for more details.
2026-06-24 14:10:58.156 | INFO     | 21380:24024 | __main__:main:2074 - 主流程异常: 访问首页异常！！
2026-06-24 14:10:58.157 | INFO     | 21380:24024 | __main__:close_mongo_connection:2023 - MongoDB连接已关闭
2026-06-24 14:12:18.953 | WARNING  | 21440:12456 | __main__:proxy_list:216 - 请求失败（尝试 1/10）: ('Connection aborted.', RemoteDisconnected('Remote end closed connection without response'))
2026-06-24 14:12:21.152 | INFO     | 21440:12456 | __main__:next_login:2033 - 使用账号: 18965736502
2026-06-24 14:12:21.281 | WARNING  | 21440:12456 | __main__:main_qe:663 - 请求失败（尝试 1/10）: Failed to perform, curl: (56) Proxy CONNECT aborted. See https://curl.se/libcurl/c/libcurl-errors.html first for more details.
2026-06-24 14:12:21.381 | WARNING  | 21440:12456 | __main__:main_qe:663 - 请求失败（尝试 2/10）: Failed to perform, curl: (56) Proxy CONNECT aborted. See https://curl.se/libcurl/c/libcurl-errors.html first for more details.
2026-06-24 14:12:21.498 | WARNING  | 21440:12456 | __main__:main_qe:663 - 请求失败（尝试 3/10）: Failed to perform, curl: (56) Proxy CONNECT aborted. See https://curl.se/libcurl/c/libcurl-errors.html first for more details.
2026-06-24 14:12:21.645 | INFO     | 21440:12456 | __main__:close_mongo_connection:2023 - MongoDB连接已关闭
2026-06-24 14:12:38.254 | INFO     | 25332:19980 | __main__:next_login:1778 - 使用账号: 18050400868
2026-06-24 14:12:38.325 | WARNING  | 25332:19980 | __main__:resp_jsl:369 - 请求失败（尝试 1/10）: expected string or bytes-like object
2026-06-24 14:12:38.325 | WARNING  | 25332:19980 | __main__:resp_jsl:369 - 请求失败（尝试 2/10）: expected string or bytes-like object
2026-06-24 14:12:38.325 | WARNING  | 25332:19980 | __main__:resp_jsl:369 - 请求失败（尝试 3/10）: expected string or bytes-like object
2026-06-24 14:12:38.325 | WARNING  | 25332:19980 | __main__:resp_jsl:369 - 请求失败（尝试 4/10）: expected string or bytes-like object
2026-06-24 14:12:38.325 | WARNING  | 25332:19980 | __main__:resp_jsl:369 - 请求失败（尝试 5/10）: expected string or bytes-like object
2026-06-24 14:12:38.325 | WARNING  | 25332:19980 | __main__:resp_jsl:369 - 请求失败（尝试 6/10）: expected string or bytes-like object
2026-06-24 14:12:38.326 | WARNING  | 25332:19980 | __main__:resp_jsl:369 - 请求失败（尝试 7/10）: expected string or bytes-like object
2026-06-24 14:12:38.326 | WARNING  | 25332:19980 | __main__:resp_jsl:369 - 请求失败（尝试 8/10）: expected string or bytes-like object
2026-06-24 14:12:38.326 | WARNING  | 25332:19980 | __main__:resp_jsl:369 - 请求失败（尝试 9/10）: expected string or bytes-like object
2026-06-24 14:12:38.326 | WARNING  | 25332:19980 | __main__:resp_jsl:369 - 请求失败（尝试 10/10）: expected string or bytes-like object
2026-06-24 14:12:38.326 | WARNING  | 25332:19980 | __main__:main_qe:490 - 请求失败（尝试 1/10）: expected string or bytes-like object
2026-06-24 14:12:38.345 | WARNING  | 25332:19980 | __main__:resp_jsl:369 - 请求失败（尝试 1/10）: expected string or bytes-like object
2026-06-24 14:12:38.345 | WARNING  | 25332:19980 | __main__:resp_jsl:369 - 请求失败（尝试 2/10）: expected string or bytes-like object
2026-06-24 14:12:38.345 | WARNING  | 25332:19980 | __main__:resp_jsl:369 - 请求失败（尝试 3/10）: expected string or bytes-like object
2026-06-24 14:12:38.345 | WARNING  | 25332:19980 | __main__:resp_jsl:369 - 请求失败（尝试 4/10）: expected string or bytes-like object
2026-06-24 14:12:38.345 | WARNING  | 25332:19980 | __main__:resp_jsl:369 - 请求失败（尝试 5/10）: expected string or bytes-like object
2026-06-24 14:12:38.345 | WARNING  | 25332:19980 | __main__:resp_jsl:369 - 请求失败（尝试 6/10）: expected string or bytes-like object
2026-06-24 14:12:38.345 | WARNING  | 25332:19980 | __main__:resp_jsl:369 - 请求失败（尝试 7/10）: expected string or bytes-like object
2026-06-24 14:12:38.345 | WARNING  | 25332:19980 | __main__:resp_jsl:369 - 请求失败（尝试 8/10）: expected string or bytes-like object
2026-06-24 14:12:38.346 | WARNING  | 25332:19980 | __main__:resp_jsl:369 - 请求失败（尝试 9/10）: expected string or bytes-like object
2026-06-24 14:12:38.346 | WARNING  | 25332:19980 | __main__:resp_jsl:369 - 请求失败（尝试 10/10）: expected string or bytes-like object
2026-06-24 14:12:38.346 | WARNING  | 25332:19980 | __main__:main_qe:490 - 请求失败（尝试 2/10）: expected string or bytes-like object
2026-06-24 14:12:38.368 | WARNING  | 25332:19980 | __main__:resp_jsl:369 - 请求失败（尝试 1/10）: expected string or bytes-like object
2026-06-24 14:12:38.368 | WARNING  | 25332:19980 | __main__:resp_jsl:369 - 请求失败（尝试 2/10）: expected string or bytes-like object
2026-06-24 14:12:38.368 | WARNING  | 25332:19980 | __main__:resp_jsl:369 - 请求失败（尝试 3/10）: expected string or bytes-like object
2026-06-24 14:12:38.368 | WARNING  | 25332:19980 | __main__:resp_jsl:369 - 请求失败（尝试 4/10）: expected string or bytes-like object
2026-06-24 14:12:38.368 | WARNING  | 25332:19980 | __main__:resp_jsl:369 - 请求失败（尝试 5/10）: expected string or bytes-like object
2026-06-24 14:12:38.368 | WARNING  | 25332:19980 | __main__:resp_jsl:369 - 请求失败（尝试 6/10）: expected string or bytes-like object
2026-06-24 14:12:38.368 | WARNING  | 25332:19980 | __main__:resp_jsl:369 - 请求失败（尝试 7/10）: expected string or bytes-like object
2026-06-24 14:12:38.368 | WARNING  | 25332:19980 | __main__:resp_jsl:369 - 请求失败（尝试 8/10）: expected string or bytes-like object
2026-06-24 14:12:38.368 | WARNING  | 25332:19980 | __main__:resp_jsl:369 - 请求失败（尝试 9/10）: expected string or bytes-like object
2026-06-24 14:12:38.368 | WARNING  | 25332:19980 | __main__:resp_jsl:369 - 请求失败（尝试 10/10）: expected string or bytes-like object
2026-06-24 14:12:38.368 | WARNING  | 25332:19980 | __main__:main_qe:490 - 请求失败（尝试 3/10）: expected string or bytes-like object
2026-06-24 14:12:38.393 | WARNING  | 25332:19980 | __main__:resp_jsl:369 - 请求失败（尝试 1/10）: expected string or bytes-like object
2026-06-24 14:12:38.393 | WARNING  | 25332:19980 | __main__:resp_jsl:369 - 请求失败（尝试 2/10）: expected string or bytes-like object
2026-06-24 14:12:38.393 | WARNING  | 25332:19980 | __main__:resp_jsl:369 - 请求失败（尝试 3/10）: expected string or bytes-like object
2026-06-24 14:12:38.394 | WARNING  | 25332:19980 | __main__:resp_jsl:369 - 请求失败（尝试 4/10）: expected string or bytes-like object
2026-06-24 14:12:38.394 | WARNING  | 25332:19980 | __main__:resp_jsl:369 - 请求失败（尝试 5/10）: expected string or bytes-like object
2026-06-24 14:12:38.394 | WARNING  | 25332:19980 | __main__:resp_jsl:369 - 请求失败（尝试 6/10）: expected string or bytes-like object
2026-06-24 14:12:38.394 | WARNING  | 25332:19980 | __main__:resp_jsl:369 - 请求失败（尝试 7/10）: expected string or bytes-like object
2026-06-24 14:12:38.394 | WARNING  | 25332:19980 | __main__:resp_jsl:369 - 请求失败（尝试 8/10）: expected string or bytes-like object
2026-06-24 14:12:38.394 | WARNING  | 25332:19980 | __main__:resp_jsl:369 - 请求失败（尝试 9/10）: expected string or bytes-like object
2026-06-24 14:12:38.394 | WARNING  | 25332:19980 | __main__:resp_jsl:369 - 请求失败（尝试 10/10）: expected string or bytes-like object
2026-06-24 14:12:38.394 | WARNING  | 25332:19980 | __main__:main_qe:490 - 请求失败（尝试 4/10）: expected string or bytes-like object
2026-06-24 14:12:38.417 | WARNING  | 25332:19980 | __main__:resp_jsl:369 - 请求失败（尝试 1/10）: expected string or bytes-like object
2026-06-24 14:12:38.417 | WARNING  | 25332:19980 | __main__:resp_jsl:369 - 请求失败（尝试 2/10）: expected string or bytes-like object
2026-06-24 14:12:38.417 | WARNING  | 25332:19980 | __main__:resp_jsl:369 - 请求失败（尝试 3/10）: expected string or bytes-like object
2026-06-24 14:12:38.417 | WARNING  | 25332:19980 | __main__:resp_jsl:369 - 请求失败（尝试 4/10）: expected string or bytes-like object
2026-06-24 14:12:38.417 | WARNING  | 25332:19980 | __main__:resp_jsl:369 - 请求失败（尝试 5/10）: expected string or bytes-like object
2026-06-24 14:12:38.417 | WARNING  | 25332:19980 | __main__:resp_jsl:369 - 请求失败（尝试 6/10）: expected string or bytes-like object
2026-06-24 14:12:38.417 | WARNING  | 25332:19980 | __main__:resp_jsl:369 - 请求失败（尝试 7/10）: expected string or bytes-like object
2026-06-24 14:12:38.417 | WARNING  | 25332:19980 | __main__:resp_jsl:369 - 请求失败（尝试 8/10）: expected string or bytes-like object
2026-06-24 14:12:38.417 | WARNING  | 25332:19980 | __main__:resp_jsl:369 - 请求失败（尝试 9/10）: expected string or bytes-like object
2026-06-24 14:12:38.417 | WARNING  | 25332:19980 | __main__:resp_jsl:369 - 请求失败（尝试 10/10）: expected string or bytes-like object
2026-06-24 14:12:38.417 | WARNING  | 25332:19980 | __main__:main_qe:490 - 请求失败（尝试 5/10）: expected string or bytes-like object
2026-06-24 14:12:38.445 | WARNING  | 25332:19980 | __main__:resp_jsl:369 - 请求失败（尝试 1/10）: expected string or bytes-like object
2026-06-24 14:12:38.446 | WARNING  | 25332:19980 | __main__:resp_jsl:369 - 请求失败（尝试 2/10）: expected string or bytes-like object
2026-06-24 14:12:38.446 | WARNING  | 25332:19980 | __main__:resp_jsl:369 - 请求失败（尝试 3/10）: expected string or bytes-like object
2026-06-24 14:12:38.446 | WARNING  | 25332:19980 | __main__:resp_jsl:369 - 请求失败（尝试 4/10）: expected string or bytes-like object
2026-06-24 14:12:38.446 | WARNING  | 25332:19980 | __main__:resp_jsl:369 - 请求失败（尝试 5/10）: expected string or bytes-like object
2026-06-24 14:12:38.446 | WARNING  | 25332:19980 | __main__:resp_jsl:369 - 请求失败（尝试 6/10）: expected string or bytes-like object
2026-06-24 14:12:38.446 | WARNING  | 25332:19980 | __main__:resp_jsl:369 - 请求失败（尝试 7/10）: expected string or bytes-like object
2026-06-24 14:12:38.446 | WARNING  | 25332:19980 | __main__:resp_jsl:369 - 请求失败（尝试 8/10）: expected string or bytes-like object
2026-06-24 14:12:38.446 | WARNING  | 25332:19980 | __main__:resp_jsl:369 - 请求失败（尝试 9/10）: expected string or bytes-like object
2026-06-24 14:12:38.446 | WARNING  | 25332:19980 | __main__:resp_jsl:369 - 请求失败（尝试 10/10）: expected string or bytes-like object
2026-06-24 14:12:38.447 | WARNING  | 25332:19980 | __main__:main_qe:490 - 请求失败（尝试 6/10）: expected string or bytes-like object
2026-06-24 14:12:38.469 | WARNING  | 25332:19980 | __main__:resp_jsl:369 - 请求失败（尝试 1/10）: expected string or bytes-like object
2026-06-24 14:12:38.469 | WARNING  | 25332:19980 | __main__:resp_jsl:369 - 请求失败（尝试 2/10）: expected string or bytes-like object
2026-06-24 14:12:38.469 | WARNING  | 25332:19980 | __main__:resp_jsl:369 - 请求失败（尝试 3/10）: expected string or bytes-like object
2026-06-24 14:12:38.469 | WARNING  | 25332:19980 | __main__:resp_jsl:369 - 请求失败（尝试 4/10）: expected string or bytes-like object
2026-06-24 14:12:38.469 | WARNING  | 25332:19980 | __main__:resp_jsl:369 - 请求失败（尝试 5/10）: expected string or bytes-like object
2026-06-24 14:12:38.469 | WARNING  | 25332:19980 | __main__:resp_jsl:369 - 请求失败（尝试 6/10）: expected string or bytes-like object
2026-06-24 14:12:38.469 | WARNING  | 25332:19980 | __main__:resp_jsl:369 - 请求失败（尝试 7/10）: expected string or bytes-like object
2026-06-24 14:12:38.469 | WARNING  | 25332:19980 | __main__:resp_jsl:369 - 请求失败（尝试 8/10）: expected string or bytes-like object
2026-06-24 14:12:38.469 | WARNING  | 25332:19980 | __main__:resp_jsl:369 - 请求失败（尝试 9/10）: expected string or bytes-like object
2026-06-24 14:12:38.469 | WARNING  | 25332:19980 | __main__:resp_jsl:369 - 请求失败（尝试 10/10）: expected string or bytes-like object
2026-06-24 14:12:38.469 | WARNING  | 25332:19980 | __main__:main_qe:490 - 请求失败（尝试 7/10）: expected string or bytes-like object
2026-06-24 14:12:38.500 | WARNING  | 25332:19980 | __main__:resp_jsl:369 - 请求失败（尝试 1/10）: expected string or bytes-like object
2026-06-24 14:12:38.500 | WARNING  | 25332:19980 | __main__:resp_jsl:369 - 请求失败（尝试 2/10）: expected string or bytes-like object
2026-06-24 14:12:38.500 | WARNING  | 25332:19980 | __main__:resp_jsl:369 - 请求失败（尝试 3/10）: expected string or bytes-like object
2026-06-24 14:12:38.500 | WARNING  | 25332:19980 | __main__:resp_jsl:369 - 请求失败（尝试 4/10）: expected string or bytes-like object
2026-06-24 14:12:38.500 | WARNING  | 25332:19980 | __main__:resp_jsl:369 - 请求失败（尝试 5/10）: expected string or bytes-like object
2026-06-24 14:12:38.500 | WARNING  | 25332:19980 | __main__:resp_jsl:369 - 请求失败（尝试 6/10）: expected string or bytes-like object
2026-06-24 14:12:38.500 | WARNING  | 25332:19980 | __main__:resp_jsl:369 - 请求失败（尝试 7/10）: expected string or bytes-like object
2026-06-24 14:12:38.500 | WARNING  | 25332:19980 | __main__:resp_jsl:369 - 请求失败（尝试 8/10）: expected string or bytes-like object
2026-06-24 14:12:38.500 | WARNING  | 25332:19980 | __main__:resp_jsl:369 - 请求失败（尝试 9/10）: expected string or bytes-like object
2026-06-24 14:12:38.500 | WARNING  | 25332:19980 | __main__:resp_jsl:369 - 请求失败（尝试 10/10）: expected string or bytes-like object
2026-06-24 14:12:38.500 | WARNING  | 25332:19980 | __main__:main_qe:490 - 请求失败（尝试 8/10）: expected string or bytes-like object
2026-06-24 14:12:38.529 | WARNING  | 25332:19980 | __main__:resp_jsl:369 - 请求失败（尝试 1/10）: expected string or bytes-like object
2026-06-24 14:12:38.529 | WARNING  | 25332:19980 | __main__:resp_jsl:369 - 请求失败（尝试 2/10）: expected string or bytes-like object
2026-06-24 14:12:38.529 | WARNING  | 25332:19980 | __main__:resp_jsl:369 - 请求失败（尝试 3/10）: expected string or bytes-like object
2026-06-24 14:12:38.529 | WARNING  | 25332:19980 | __main__:resp_jsl:369 - 请求失败（尝试 4/10）: expected string or bytes-like object
2026-06-24 14:12:38.529 | WARNING  | 25332:19980 | __main__:resp_jsl:369 - 请求失败（尝试 5/10）: expected string or bytes-like object
2026-06-24 14:12:38.529 | WARNING  | 25332:19980 | __main__:resp_jsl:369 - 请求失败（尝试 6/10）: expected string or bytes-like object
2026-06-24 14:12:38.529 | WARNING  | 25332:19980 | __main__:resp_jsl:369 - 请求失败（尝试 7/10）: expected string or bytes-like object
2026-06-24 14:12:38.530 | WARNING  | 25332:19980 | __main__:resp_jsl:369 - 请求失败（尝试 8/10）: expected string or bytes-like object
2026-06-24 14:12:38.530 | WARNING  | 25332:19980 | __main__:resp_jsl:369 - 请求失败（尝试 9/10）: expected string or bytes-like object
2026-06-24 14:12:38.530 | WARNING  | 25332:19980 | __main__:resp_jsl:369 - 请求失败（尝试 10/10）: expected string or bytes-like object
2026-06-24 14:12:38.530 | WARNING  | 25332:19980 | __main__:main_qe:490 - 请求失败（尝试 9/10）: expected string or bytes-like object
2026-06-24 14:12:38.550 | WARNING  | 25332:19980 | __main__:resp_jsl:369 - 请求失败（尝试 1/10）: expected string or bytes-like object
2026-06-24 14:12:38.550 | WARNING  | 25332:19980 | __main__:resp_jsl:369 - 请求失败（尝试 2/10）: expected string or bytes-like object
2026-06-24 14:12:38.550 | WARNING  | 25332:19980 | __main__:resp_jsl:369 - 请求失败（尝试 3/10）: expected string or bytes-like object
2026-06-24 14:12:38.550 | WARNING  | 25332:19980 | __main__:resp_jsl:369 - 请求失败（尝试 4/10）: expected string or bytes-like object
2026-06-24 14:12:38.550 | WARNING  | 25332:19980 | __main__:resp_jsl:369 - 请求失败（尝试 5/10）: expected string or bytes-like object
2026-06-24 14:12:38.550 | WARNING  | 25332:19980 | __main__:resp_jsl:369 - 请求失败（尝试 6/10）: expected string or bytes-like object
2026-06-24 14:12:38.550 | WARNING  | 25332:19980 | __main__:resp_jsl:369 - 请求失败（尝试 7/10）: expected string or bytes-like object
2026-06-24 14:12:38.550 | WARNING  | 25332:19980 | __main__:resp_jsl:369 - 请求失败（尝试 8/10）: expected string or bytes-like object
2026-06-24 14:12:38.550 | WARNING  | 25332:19980 | __main__:resp_jsl:369 - 请求失败（尝试 9/10）: expected string or bytes-like object
2026-06-24 14:12:38.550 | WARNING  | 25332:19980 | __main__:resp_jsl:369 - 请求失败（尝试 10/10）: expected string or bytes-like object
2026-06-24 14:12:38.550 | WARNING  | 25332:19980 | __main__:main_qe:490 - 请求失败（尝试 10/10）: expected string or bytes-like object
2026-06-24 14:12:38.551 | INFO     | 25332:19980 | __main__:next_login:1796 - main_qe pass盾异常:expected string or bytes-like object
2026-06-24 14:12:38.551 | INFO     | 25332:19980 | __main__:main:1819 - 主流程异常: 访问首页异常！！
2026-06-24 14:12:38.551 | INFO     | 25332:19980 | __main__:close_mongo_connection:1768 - MongoDB连接已关闭
2026-07-03 10:49:22.597 | INFO     | 16520:22996 | __main__:next_login:1731 - 使用账号: 18050400868
2026-07-03 10:49:22.680 | INFO     | 16520:22996 | __main__:main_qe:480 - 加速乐第一次请求的状态码:<Response [521]>
2026-07-03 10:49:22.780 | INFO     | 16520:22996 | __main__:jsl:331 - 加速乐第二次请求的状态码:<Response [521]>
2026-07-03 10:49:22.830 | INFO     | 16520:22996 | __main__:resp_jsl:366 - 加速乐第三次请求得到瑞数返回的状态码:<Response [412]>
2026-07-03 10:49:23.256 | SUCCESS  | 16520:22996 | __main__:first_req:310 - <!DOCTYPE html PUBLIC "-//W3C//DTD XHTML 1.0 Transitional//EN" "http://www.w3.org/TR/xhtml1/DTD/xhtml1-transitional.dtd">
<html>
<head>
<meta http-equiv="Content-Type" content="text/html; charset=utf-8">
<meta id="9pRNs2oivtAo" content="oW6HE2k0_FJnCNxDOLizl5g7TI7GA6ZbIYVZAJRiZ1ZjGoe0UTE6avi9DcaP_zulssQ6bA9TKpcYjhKPpKk4Gwyipn21yhKu66FrmnI8CDUT6J_F2lT857TUFoVLnnOkGHiKcg2B9sbL2728V_D5TGpHHOb9YhM5F2uBoCQZPB7ndT4JYxnRuq" r='m'><!--[if lt IE 9]><script r='m'>document.createElement("section")</script><![endif]--><script src="/1eeb27c_268ab095d.js"></script>
<script src="/ctct_bundle_c4152658.js"></script>
<script type="text/javascript" r='m'>$_ts=window['$_ts'];if(!$_ts)$_ts={};$_ts.nsd=78150;$_ts.cd="qheSrPqlxpLlEAGdqrLcDGWshuZqDGlFrfWMHaqKtrAFqclmDGQsraAFW1gVrrVdqrLcDGWshSLDluWkDGVsraEFqPgYrclFrrWursZqDGqFqpWBDGQfrpLcxaQkHaqFqrLrlnZqr1gKrc3dqr3LmuZqmPG3DGQsraAXr1gUrcWdqrLrDG3shuZqhGAFrpWBHaqFqSLqlnZdqcgDDGQshSLlhfGlDuZqDGqXqpWBHaqFrSLllnZdqrLchGWshSLqhOtQJsAoWuW0ifrWGoXoxVbW0NiNp7r8UfTB7GupXCTXeqhz8PEr8fdXqnhPGecerTfkVKQmEqJPqtZkq1LmfOrj00xHJK9uIO-gF9ze3Dr71tYG1UwKQvxheufJ32Va32M6KO7ZJmR6KIRfpuyfVvQynbRWRbpH3CX23DESVoxYwwwliDxAHkpbnbmuF92XVvoJVkztJbNN8e2vW9yv3UAB-OLSRCW0Jnd0QkzZQTmjRFzWAbxwVbLB-OLSRCW0Jnd0QkzGJlNQMBxRM2TKJYlB-OLSRCW0Jnd0QkzwYVYYFH2fWDN9pDZBeoq4J2pOwC4wWDyE3srjiXyDYC7uMoxxnDT1Qkys3KMbK9xlpDespIGgiKyfYCquTuw9M2xBtODvWbxOJOAjF50gsUxAJ0TMTTxJMoRPtODvWbxOJOAjF50gQlrG3lRjZKmBVURXtODvWbxOJOAjF50giUYU1UQuZKNCQVpLH6IesKxp3OYviwauWqVlJaV6OKz0QUY0HOFjJuG0WsVZJtA6Jk3kJu0adDVurOASJGXBWuQSWOg0JF0TcsqSWO36-sVSWSKrt9loFP0fUKejl2SBYr-NmTRzWQd868Z7rR5wqaVqqGW95w7NfQyqes_eeBzkpRyD6Bq-b8CDcbS5Q4Qws1GC649E-uW0JkVCWO1NqOlHJkqZWjg6JOauJ1eu4bp-1TRxpKOMpU3uUlr8RZyVKVfBIbSJZCfs1urN1V4SF2YDwOemAZyRqqASrOAqj3laWvZ-RKkehCmLwnz2QIVB3URLtCY6enePRDg-RbkjhCx7FnzbMigB3vZ6tCQzdKxPtKRLF16eQ6qNRvp6hITawP2fRvqz5be7tKmLRn6_MDJetKJ-wMxvMKEN3b2z7bRBQ12PID1nRKS9tKmL3-x2MoWN3KzB7bYBF6l-3b4jhCwfRnzOFIlBRCSOtCJ47bz7w12BwoDnF6pbtKyvM-xjMbWNMbNL7bNXwP2XwDcnFvJjtKT2Q4xN3UJ9tCyS5CA7M6YGtDBzhCNCFb9LMIwfhD2j3cf7jbE7FDp6tDu6RnSLMDLLMHYThDfj3nf7ZUV7FoV0tDuXJnSLwK3LMiybRn2LwCWzZ6JatKf0M16S3KLNFbpZhIm9Rn2jFC3zZKe2tKNu3P6SwKlNwKR6h8yG3UVNwCrv7vJvFc26MKtnQCS7tUwLFiT6hoY-3cfS4bg7wUY0tooXwnSTwUJZh8yaRc2TIPfSyCq7wDSftokj8nS0RbfuW4xS3126Rb9z4DxntUwP3n67RvWNwCLLQdJT3P26QCEz4owzw120RbCnQDRetUp-h8TTRn2CQDVz4UpbtUR5wn6j3vENQKR5h8N98P2SMbEz_bNb3n2uF6H7RbyStUJaR4x68olNQUw27vYuwP2Sw6FnwUfftUr2w4x0RKwTt6J7dne6FoW-QC4gR1SnFbmPW4x0Qo3NQDmOZnegRCG-ID6zh6fNwvZL8IJBhoTTFPfy4KZ7IUZ-IP69FvqmqYGGQIWoUnmbJar8Xbw0qYLO3D1wWOG6ruqSqtZcWAVmraAljkWaJsVcWubBJOqmruVnqtgkcsq6Ju3njuLSJaVDJqcB";if($_ts.lcd)$_ts.lcd();</script><script type="text/javascript" charset="utf-8" src="/cb4UuQtIG8gU/O3mmzGd2Kbfp.091bf33.js" r='m'></script></head>
<body>
</body>
</html>
<script type="text/javascript" r='m'>_$nj();</script>
<a href="/cb4UuQtIG8gU/eb8174c5/P1ZSgH_ixmk_/Tru3-q3l7PAo/Kse39QUdMf04" style="display:none">elmA3ZNd2tze</a>

2026-07-03 10:49:23.257 | SUCCESS  | 16520:22996 | __main__:iv8_env:393 - ----------------瑞数----------------
2026-07-03 10:49:23.541 | INFO     | 16520:22996 | __main__:iv8_env:455 - _publicKey: MIIBIjANBgkqhkiG9w0BAQEFAAOCAQ8AMIIBCgKCAQEArqeSZx...
2026-07-03 10:49:23.541 | INFO     | 16520:22996 | __main__:iv8_env:458 - fiKxeghI: azBaB1gJfY5Uypib32fEvT4EuPmrOH...
2026-07-03 10:49:24.481 | SUCCESS  | 16520:22996 | __main__:send:633 - 验证码识别成功！！
2026-07-03 10:49:24.864 | INFO     | 16520:22996 | __main__:loginuser:732 - loginuser: status=200
2026-07-03 10:49:24.864 | SUCCESS  | 16520:22996 | __main__:loginuser:740 - 登录成功
2026-07-03 10:49:24.931 | SUCCESS  | 16520:22996 | __main__:next_login:1740 - 账号 18050400868 登录完成
2026-07-03 10:49:24.931 | INFO     | 16520:22996 | __main__:main:1762 - >>> 正在处理公司: 【914108006659708962】 <<<
2026-07-03 10:49:24.931 | INFO     | 16520:22996 | __main__:detilinfo:1653 - ********************************************************************************
2026-07-03 10:49:24.931 | INFO     | 16520:22996 | __main__:detilinfo:1654 - 开始采集: 914108006659708962
2026-07-03 10:49:24.931 | INFO     | 16520:22996 | __main__:detilinfo:1655 - ********************************************************************************
2026-07-03 10:49:24.931 | INFO     | 16520:22996 | __main__:detilinfo:1659 - [搜索] 正在搜索公司...
2026-07-03 10:49:26.011 | SUCCESS  | 16520:22996 | __main__:send:633 - 验证码识别成功！！
2026-07-03 10:49:26.011 | SUCCESS  | 16520:22996 | __main__:iv8_env:393 - ----------------瑞数----------------
2026-07-03 10:49:26.431 | INFO     | 16520:22996 | __main__:iv8_env:455 - _publicKey: MIIBIjANBgkqhkiG9w0BAQEFAAOCAQ8AMIIBCgKCAQEArqeSZx...
2026-07-03 10:49:26.431 | INFO     | 16520:22996 | __main__:iv8_env:458 - fiKxeghI: afRs1QuvgnLD_yIqWCiVAzgIWo_t6g...
2026-07-03 10:49:26.667 | INFO     | 16520:22996 | __main__:getdata:1065 - {'name': '中国农业银行股份有限公司焦作山阳商城支行', 'link': 'https://shiming.gsxt.gov.cn/%7B91E20503A00A237567617AD0C200A80B0D281406AC894B9770DA797F5AA0A8AEB590528E69C3FFA97FDC8A5C607B47EDC99A15A27063D84053DC4CD4C7CAFBDA8B488B488BD7F6A764F536F536F536F5A401BC56BC7F2761349C66498D9F5DF57B60C3D1A5F9A5F9442A164096AA8F27354110D310D310D3-1783046965537%7D', 'legalName': '张红旗', 'business_status': '注销', 'gszch': '', 'tyxydm': '', 'dateOfEstablishment': '1998年04月17日', 'oldCompanyNameList': []}
2026-07-03 10:49:26.667 | INFO     | 16520:22996 | __main__:detilinfo:1666 - [搜索] 找到 1 家企业
2026-07-03 10:49:26.667 | INFO     | 16520:22996 | __main__:detilinfo:1674 - 
[1/1] 处理: 中国农业银行股份有限公司焦作山阳商城支行
2026-07-03 10:49:26.667 | INFO     | 16520:22996 | __main__:_process_single_company:1587 - 
============================================================
采集公司: 中国农业银行股份有限公司焦作山阳商城支行
============================================================
2026-07-03 10:49:26.667 | INFO     | 16520:22996 | __main__:vhpage:866 - ------------------提取工商数据----------------
2026-07-03 10:49:26.667 | SUCCESS  | 16520:22996 | __main__:iv8_env:393 - ----------------瑞数----------------
2026-07-03 10:49:42.553 | INFO     | 16520:22996 | __main__:iv8_env:455 - _publicKey: MIIBIjANBgkqhkiG9w0BAQEFAAOCAQ8AMIIBCgKCAQEArqeSZx...
2026-07-03 10:49:42.553 | INFO     | 16520:22996 | __main__:iv8_env:458 - fiKxeghI: aQCt3RnImViEVMwtrTdHHSTuyJkDKR...
2026-07-03 10:49:42.619 | SUCCESS  | 16520:22996 | __main__:iv8_env:393 - ----------------瑞数----------------
2026-07-03 10:49:42.868 | INFO     | 16520:22996 | __main__:iv8_env:455 - _publicKey: MIIBIjANBgkqhkiG9w0BAQEFAAOCAQ8AMIIBCgKCAQEArqeSZx...
2026-07-03 10:49:42.869 | INFO     | 16520:22996 | __main__:iv8_env:458 - fiKxeghI: awXhTxrG2FOmdRWLPPvyMCYgBco2s1...
2026-07-03 10:49:48.231 | SUCCESS  | 16520:22996 | __main__:iv8_env:393 - ----------------瑞数----------------
2026-07-03 10:49:48.511 | INFO     | 16520:22996 | __main__:iv8_env:455 - _publicKey: MIIBIjANBgkqhkiG9w0BAQEFAAOCAQ8AMIIBCgKCAQEArqeSZx...
2026-07-03 10:49:48.511 | INFO     | 16520:22996 | __main__:iv8_env:458 - fiKxeghI: a2KyO9ah0mcsh5mF6btJZLz2pVClXn...
2026-07-03 10:49:53.911 | SUCCESS  | 16520:22996 | __main__:iv8_env:393 - ----------------瑞数----------------
2026-07-03 10:49:54.168 | INFO     | 16520:22996 | __main__:iv8_env:455 - _publicKey: MIIBIjANBgkqhkiG9w0BAQEFAAOCAQ8AMIIBCgKCAQEArqeSZx...
2026-07-03 10:49:54.168 | INFO     | 16520:22996 | __main__:iv8_env:458 - fiKxeghI: axBFTkyG4BFDnRtg3agI-0BUTzOnf0...
2026-07-03 10:49:59.555 | SUCCESS  | 16520:22996 | __main__:iv8_env:393 - ----------------瑞数----------------
2026-07-03 10:49:59.793 | INFO     | 16520:22996 | __main__:iv8_env:455 - _publicKey: MIIBIjANBgkqhkiG9w0BAQEFAAOCAQ8AMIIBCgKCAQEArqeSZx...
2026-07-03 10:49:59.794 | INFO     | 16520:22996 | __main__:iv8_env:458 - fiKxeghI: aBw2Spx6k31zuv9FblZur5ej_JJ4qZ...
2026-07-03 10:50:05.288 | SUCCESS  | 16520:22996 | __main__:iv8_env:393 - ----------------瑞数----------------
2026-07-03 10:50:05.569 | INFO     | 16520:22996 | __main__:iv8_env:455 - _publicKey: MIIBIjANBgkqhkiG9w0BAQEFAAOCAQ8AMIIBCgKCAQEArqeSZx...
2026-07-03 10:50:05.569 | INFO     | 16520:22996 | __main__:iv8_env:458 - fiKxeghI: aTC8RaPd6AMiEpXMf5lA_BNfMTY3-D...
2026-07-03 10:50:08.011 | INFO     | 16520:22996 | __main__:close_mongo_connection:1721 - MongoDB连接已关闭
